{
"type": "FeatureCollection",
"name": "incendios_previos",
"crs": { "type": "name", "properties": { "name": "urn:ogc:def:crs:OGC:1.3:CRS84" } },
"xy_coordinate_resolution": 1e-05,
"features": [
{ "type": "Feature", "properties": { "anyo": 1993 }, "geometry": { "type": "MultiPolygon", "coordinates": [ [ [ [ -0.35396, 39.76431 ], [ -0.35338, 39.7643 ], [ -0.35339, 39.76385 ], [ -0.35398, 39.76386 ], [ -0.35396, 39.76431 ] ] ], [ [ [ -0.3308, 39.79173 ], [ -0.33098, 39.79264 ], [ -0.33064, 39.79281 ], [ -0.33006, 39.79196 ], [ -0.32847, 39.79132 ], [ -0.32892, 39.79092 ], [ -0.32968, 39.791 ], [ -0.33056, 39.79149 ], [ -0.3308, 39.79173 ] ] ], [ [ [ -0.36743, 39.83607 ], [ -0.36685, 39.83606 ], [ -0.36687, 39.83561 ], [ -0.36745, 39.83562 ], [ -0.36743, 39.83607 ] ] ], [ [ [ -0.31305, 39.84224 ], [ -0.31198, 39.84251 ], [ -0.31165, 39.84245 ], [ -0.31114, 39.84287 ], [ -0.31057, 39.84246 ], [ -0.30994, 39.8424 ], [ -0.31047, 39.8423 ], [ -0.30993, 39.84201 ], [ -0.30954, 39.84221 ], [ -0.3089, 39.84195 ], [ -0.30919, 39.84163 ], [ -0.30968, 39.84174 ], [ -0.30998, 39.84135 ], [ -0.31076, 39.84136 ], [ -0.31093, 39.8415 ], [ -0.3107, 39.84147 ], [ -0.31071, 39.84172 ], [ -0.31285, 39.84182 ], [ -0.31326, 39.84236 ], [ -0.31305, 39.84224 ] ] ], [ [ [ -0.38105, 39.8427 ], [ -0.38056, 39.84279 ], [ -0.38069, 39.84304 ], [ -0.38057, 39.84331 ], [ -0.38022, 39.84351 ], [ -0.38041, 39.84387 ], [ -0.37983, 39.84393 ], [ -0.37902, 39.84346 ], [ -0.37843, 39.8436 ], [ -0.37749, 39.84334 ], [ -0.37724, 39.84309 ], [ -0.3767, 39.84302 ], [ -0.37672, 39.84289 ], [ -0.3765, 39.8428 ], [ -0.37557, 39.84276 ], [ -0.37485, 39.84236 ], [ -0.37434, 39.84176 ], [ -0.3758, 39.84188 ], [ -0.376, 39.84156 ], [ -0.37648, 39.84164 ], [ -0.37664, 39.84147 ], [ -0.37737, 39.84171 ], [ -0.37901, 39.84183 ], [ -0.37968, 39.84224 ], [ -0.38094, 39.84252 ], [ -0.38105, 39.8427 ] ] ], [ [ [ -0.30646, 39.88172 ], [ -0.30587, 39.88171 ], [ -0.30589, 39.88126 ], [ -0.30647, 39.88127 ], [ -0.30646, 39.88172 ] ] ], [ [ [ -0.28253, 39.89474 ], [ -0.28147, 39.89521 ], [ -0.28099, 39.89509 ], [ -0.28113, 39.8956 ], [ -0.28099, 39.89592 ], [ -0.28042, 39.89602 ], [ -0.2802, 39.89559 ], [ -0.28012, 39.8949 ], [ -0.27925, 39.89496 ], [ -0.27949, 39.89464 ], [ -0.28097, 39.89358 ], [ -0.28188, 39.89372 ], [ -0.28185, 39.8942 ], [ -0.28253, 39.89474 ] ] ], [ [ [ -0.33832, 39.90284 ], [ -0.33834, 39.90239 ], [ -0.33892, 39.9024 ], [ -0.3389, 39.90285 ], [ -0.33832, 39.90284 ] ] ], [ [ [ -0.33051, 39.95384 ], [ -0.33053, 39.95339 ], [ -0.33111, 39.95341 ], [ -0.3311, 39.95386 ], [ -0.33051, 39.95384 ] ] ], [ [ [ -0.26313, 39.96461 ], [ -0.26311, 39.96506 ], [ -0.26253, 39.96505 ], [ -0.26255, 39.9646 ], [ -0.26313, 39.96461 ] ] ], [ [ [ -0.29791, 39.99445 ], [ -0.29722, 39.99464 ], [ -0.29716, 39.99414 ], [ -0.29693, 39.99406 ], [ -0.29681, 39.99379 ], [ -0.29795, 39.99325 ], [ -0.29816, 39.99393 ], [ -0.29791, 39.99445 ] ] ], [ [ [ -0.41842, 40.02278 ], [ -0.41843, 40.02233 ], [ -0.41902, 40.02235 ], [ -0.419, 40.0228 ], [ -0.41842, 40.02278 ] ] ], [ [ [ -0.21159, 40.09245 ], [ -0.21158, 40.09166 ], [ -0.21116, 40.09112 ], [ -0.21032, 40.09048 ], [ -0.2103, 40.08991 ], [ -0.21105, 40.08939 ], [ -0.21259, 40.08935 ], [ -0.21712, 40.091 ], [ -0.2178, 40.09146 ], [ -0.21864, 40.09242 ], [ -0.21961, 40.09281 ], [ -0.22072, 40.09299 ], [ -0.22264, 40.09242 ], [ -0.22494, 40.09219 ], [ -0.22662, 40.09243 ], [ -0.22941, 40.09359 ], [ -0.2302, 40.09355 ], [ -0.23158, 40.0927 ], [ -0.23095, 40.0921 ], [ -0.23064, 40.09106 ], [ -0.22991, 40.09049 ], [ -0.22772, 40.08934 ], [ -0.22684, 40.08856 ], [ -0.22584, 40.087 ], [ -0.22557, 40.08597 ], [ -0.22629, 40.08211 ], [ -0.22723, 40.08158 ], [ -0.22882, 40.08101 ], [ -0.22912, 40.08073 ], [ -0.22937, 40.07997 ], [ -0.22914, 40.07859 ], [ -0.22933, 40.07715 ], [ -0.22914, 40.07421 ], [ -0.22928, 40.07387 ], [ -0.23081, 40.07341 ], [ -0.2313, 40.07438 ], [ -0.23218, 40.07515 ], [ -0.23255, 40.07525 ], [ -0.23326, 40.07494 ], [ -0.23372, 40.07493 ], [ -0.23421, 40.07521 ], [ -0.23441, 40.0755 ], [ -0.2344, 40.07577 ], [ -0.234, 40.07631 ], [ -0.2339, 40.07672 ], [ -0.23274, 40.07631 ], [ -0.23205, 40.07631 ], [ -0.23148, 40.07689 ], [ -0.23159, 40.07762 ], [ -0.23248, 40.07805 ], [ -0.23328, 40.07753 ], [ -0.23438, 40.07774 ], [ -0.23493, 40.0772 ], [ -0.23541, 40.07745 ], [ -0.2356, 40.07811 ], [ -0.23518, 40.07814 ], [ -0.2351, 40.07864 ], [ -0.23523, 40.07957 ], [ -0.23514, 40.08151 ], [ -0.23559, 40.08234 ], [ -0.2363, 40.08249 ], [ -0.23687, 40.08221 ], [ -0.2371, 40.08127 ], [ -0.23626, 40.07977 ], [ -0.2362, 40.07949 ], [ -0.23657, 40.07876 ], [ -0.23667, 40.07792 ], [ -0.23585, 40.07633 ], [ -0.23527, 40.07332 ], [ -0.23528, 40.07274 ], [ -0.23575, 40.07191 ], [ -0.23633, 40.0716 ], [ -0.23701, 40.07157 ], [ -0.23811, 40.07206 ], [ -0.23854, 40.07273 ], [ -0.2383, 40.07401 ], [ -0.23884, 40.07474 ], [ -0.24016, 40.07444 ], [ -0.24356, 40.07511 ], [ -0.24473, 40.07552 ], [ -0.24526, 40.07548 ], [ -0.24554, 40.07525 ], [ -0.24579, 40.07392 ], [ -0.24546, 40.07328 ], [ -0.24397, 40.07384 ], [ -0.2421, 40.0737 ], [ -0.2419, 40.0735 ], [ -0.2421, 40.07246 ], [ -0.24175, 40.07188 ], [ -0.2409, 40.07175 ], [ -0.24014, 40.07236 ], [ -0.2398, 40.07226 ], [ -0.23992, 40.07181 ], [ -0.24045, 40.07126 ], [ -0.24069, 40.07076 ], [ -0.239, 40.07058 ], [ -0.23844, 40.07044 ], [ -0.23811, 40.07015 ], [ -0.23823, 40.06972 ], [ -0.23883, 40.0691 ], [ -0.23879, 40.06881 ], [ -0.23897, 40.06846 ], [ -0.23854, 40.06799 ], [ -0.23715, 40.06826 ], [ -0.23676, 40.06967 ], [ -0.23637, 40.07029 ], [ -0.2338, 40.07194 ], [ -0.23273, 40.07212 ], [ -0.2317, 40.07181 ], [ -0.23094, 40.0712 ], [ -0.23067, 40.0705 ], [ -0.23064, 40.06966 ], [ -0.23131, 40.06635 ], [ -0.23137, 40.06484 ], [ -0.23172, 40.06433 ], [ -0.2325, 40.064 ], [ -0.2339, 40.06459 ], [ -0.23468, 40.06462 ], [ -0.23627, 40.06409 ], [ -0.23719, 40.06403 ], [ -0.23755, 40.06415 ], [ -0.23776, 40.06497 ], [ -0.2381, 40.06534 ], [ -0.24152, 40.06567 ], [ -0.24323, 40.06679 ], [ -0.2439, 40.0667 ], [ -0.24442, 40.0663 ], [ -0.24468, 40.06588 ], [ -0.24467, 40.06514 ], [ -0.2448, 40.06488 ], [ -0.24513, 40.0645 ], [ -0.24672, 40.06344 ], [ -0.24669, 40.06301 ], [ -0.24654, 40.06276 ], [ -0.24551, 40.06247 ], [ -0.24311, 40.06299 ], [ -0.24224, 40.06302 ], [ -0.24154, 40.06274 ], [ -0.2411, 40.06216 ], [ -0.24204, 40.06116 ], [ -0.24342, 40.06105 ], [ -0.24438, 40.06129 ], [ -0.24491, 40.0608 ], [ -0.24481, 40.06059 ], [ -0.24165, 40.05913 ], [ -0.24079, 40.05813 ], [ -0.23763, 40.05763 ], [ -0.2359, 40.05808 ], [ -0.23518, 40.05846 ], [ -0.23477, 40.05889 ], [ -0.23436, 40.05978 ], [ -0.2344, 40.06108 ], [ -0.23496, 40.06184 ], [ -0.23618, 40.0626 ], [ -0.23631, 40.063 ], [ -0.23362, 40.06353 ], [ -0.23191, 40.06338 ], [ -0.23058, 40.06305 ], [ -0.22896, 40.06125 ], [ -0.22834, 40.06086 ], [ -0.2273, 40.06064 ], [ -0.22594, 40.06167 ], [ -0.22456, 40.06212 ], [ -0.22138, 40.06115 ], [ -0.2193, 40.06132 ], [ -0.21839, 40.06104 ], [ -0.21851, 40.06067 ], [ -0.22005, 40.06009 ], [ -0.22018, 40.05987 ], [ -0.22009, 40.05962 ], [ -0.21915, 40.05952 ], [ -0.2172, 40.06017 ], [ -0.21562, 40.05975 ], [ -0.21505, 40.05915 ], [ -0.21518, 40.05881 ], [ -0.21664, 40.0578 ], [ -0.21832, 40.05734 ], [ -0.21944, 40.05645 ], [ -0.21826, 40.05582 ], [ -0.21853, 40.05528 ], [ -0.2207, 40.05437 ], [ -0.22254, 40.05396 ], [ -0.22302, 40.05367 ], [ -0.22427, 40.05162 ], [ -0.22524, 40.05091 ], [ -0.22617, 40.05068 ], [ -0.22744, 40.05075 ], [ -0.22774, 40.05116 ], [ -0.22869, 40.05176 ], [ -0.22992, 40.05212 ], [ -0.23111, 40.05173 ], [ -0.23179, 40.05113 ], [ -0.23191, 40.05079 ], [ -0.23166, 40.05015 ], [ -0.23037, 40.04986 ], [ -0.22944, 40.04939 ], [ -0.2285, 40.04916 ], [ -0.22824, 40.0488 ], [ -0.22848, 40.04853 ], [ -0.22941, 40.04828 ], [ -0.22955, 40.04856 ], [ -0.23054, 40.049 ], [ -0.23459, 40.04925 ], [ -0.23544, 40.04942 ], [ -0.23818, 40.05187 ], [ -0.23839, 40.05232 ], [ -0.23848, 40.05358 ], [ -0.23887, 40.05414 ], [ -0.24065, 40.05416 ], [ -0.24157, 40.05446 ], [ -0.24234, 40.05513 ], [ -0.24326, 40.05638 ], [ -0.24536, 40.05785 ], [ -0.2463, 40.05815 ], [ -0.24694, 40.05817 ], [ -0.24752, 40.05797 ], [ -0.2485, 40.05716 ], [ -0.24949, 40.05583 ], [ -0.25285, 40.05393 ], [ -0.25432, 40.05359 ], [ -0.25569, 40.05401 ], [ -0.25631, 40.05458 ], [ -0.25701, 40.05621 ], [ -0.25815, 40.05729 ], [ -0.25903, 40.05859 ], [ -0.26012, 40.05945 ], [ -0.26053, 40.06004 ], [ -0.26042, 40.06038 ], [ -0.25833, 40.06105 ], [ -0.25766, 40.06147 ], [ -0.25744, 40.06261 ], [ -0.25768, 40.06327 ], [ -0.25795, 40.06333 ], [ -0.25842, 40.06314 ], [ -0.25937, 40.06227 ], [ -0.26215, 40.06055 ], [ -0.26255, 40.06054 ], [ -0.26312, 40.06104 ], [ -0.26318, 40.06197 ], [ -0.26276, 40.06243 ], [ -0.26082, 40.06299 ], [ -0.2612, 40.06364 ], [ -0.26189, 40.06435 ], [ -0.26298, 40.06512 ], [ -0.26429, 40.06566 ], [ -0.26587, 40.06561 ], [ -0.26754, 40.06586 ], [ -0.26896, 40.06589 ], [ -0.26945, 40.06622 ], [ -0.2696, 40.06656 ], [ -0.26958, 40.06823 ], [ -0.27019, 40.06899 ], [ -0.27111, 40.07068 ], [ -0.27121, 40.07154 ], [ -0.26974, 40.07289 ], [ -0.26872, 40.07301 ], [ -0.26683, 40.07277 ], [ -0.26623, 40.07307 ], [ -0.26579, 40.07378 ], [ -0.26584, 40.07457 ], [ -0.26632, 40.0753 ], [ -0.26713, 40.07606 ], [ -0.26804, 40.07627 ], [ -0.26885, 40.07595 ], [ -0.27111, 40.0738 ], [ -0.27193, 40.0727 ], [ -0.27252, 40.07079 ], [ -0.27305, 40.07029 ], [ -0.27398, 40.06989 ], [ -0.27495, 40.06878 ], [ -0.27542, 40.06964 ], [ -0.27498, 40.07081 ], [ -0.27496, 40.07147 ], [ -0.27563, 40.07212 ], [ -0.27655, 40.07159 ], [ -0.2768, 40.0716 ], [ -0.27772, 40.07285 ], [ -0.27918, 40.07281 ], [ -0.28058, 40.07327 ], [ -0.28125, 40.07316 ], [ -0.28133, 40.07287 ], [ -0.28095, 40.07228 ], [ -0.28095, 40.07114 ], [ -0.27956, 40.07082 ], [ -0.27936, 40.07094 ], [ -0.27893, 40.07068 ], [ -0.28121, 40.06979 ], [ -0.28301, 40.06973 ], [ -0.28382, 40.07096 ], [ -0.28415, 40.07115 ], [ -0.28466, 40.07081 ], [ -0.28484, 40.06906 ], [ -0.28304, 40.06816 ], [ -0.28215, 40.06792 ], [ -0.27992, 40.06627 ], [ -0.27946, 40.06549 ], [ -0.27955, 40.06509 ], [ -0.28021, 40.0651 ], [ -0.28192, 40.06406 ], [ -0.28296, 40.06247 ], [ -0.28354, 40.06196 ], [ -0.28473, 40.06169 ], [ -0.28532, 40.06178 ], [ -0.28571, 40.06317 ], [ -0.28619, 40.06365 ], [ -0.28644, 40.0638 ], [ -0.28792, 40.06366 ], [ -0.28921, 40.06298 ], [ -0.28957, 40.06224 ], [ -0.28979, 40.06209 ], [ -0.29042, 40.062 ], [ -0.29115, 40.06219 ], [ -0.29179, 40.06215 ], [ -0.29232, 40.06179 ], [ -0.29509, 40.06107 ], [ -0.29808, 40.0597 ], [ -0.29923, 40.05887 ], [ -0.29947, 40.05831 ], [ -0.29933, 40.05764 ], [ -0.29654, 40.05596 ], [ -0.29546, 40.05552 ], [ -0.29465, 40.05539 ], [ -0.29297, 40.05542 ], [ -0.29066, 40.05625 ], [ -0.28913, 40.05729 ], [ -0.28775, 40.05896 ], [ -0.28523, 40.05942 ], [ -0.28363, 40.05993 ], [ -0.28201, 40.05963 ], [ -0.28162, 40.0594 ], [ -0.28002, 40.05792 ], [ -0.27951, 40.05693 ], [ -0.27884, 40.05631 ], [ -0.27843, 40.05649 ], [ -0.27779, 40.05648 ], [ -0.27748, 40.05669 ], [ -0.2772, 40.05792 ], [ -0.27692, 40.05815 ], [ -0.27578, 40.05775 ], [ -0.27524, 40.05668 ], [ -0.27412, 40.05591 ], [ -0.2737, 40.0555 ], [ -0.27355, 40.0551 ], [ -0.27406, 40.05495 ], [ -0.27555, 40.05567 ], [ -0.27665, 40.05599 ], [ -0.27718, 40.05637 ], [ -0.27781, 40.05634 ], [ -0.27848, 40.05604 ], [ -0.27917, 40.05508 ], [ -0.27958, 40.05427 ], [ -0.27947, 40.05367 ], [ -0.27897, 40.05342 ], [ -0.27772, 40.0532 ], [ -0.27671, 40.05255 ], [ -0.27639, 40.05182 ], [ -0.27671, 40.05055 ], [ -0.27671, 40.05021 ], [ -0.2765, 40.04984 ], [ -0.27331, 40.04959 ], [ -0.27236, 40.04927 ], [ -0.27233, 40.04891 ], [ -0.27207, 40.04869 ], [ -0.2721, 40.04677 ], [ -0.27169, 40.04565 ], [ -0.27077, 40.04488 ], [ -0.26768, 40.04364 ], [ -0.2661, 40.04253 ], [ -0.26568, 40.04188 ], [ -0.26593, 40.04161 ], [ -0.26675, 40.04135 ], [ -0.2681, 40.04185 ], [ -0.26862, 40.04186 ], [ -0.27109, 40.04088 ], [ -0.2729, 40.04085 ], [ -0.27335, 40.04054 ], [ -0.27357, 40.03995 ], [ -0.27319, 40.03932 ], [ -0.27119, 40.03895 ], [ -0.27031, 40.0385 ], [ -0.26978, 40.03771 ], [ -0.27077, 40.03677 ], [ -0.27114, 40.03607 ], [ -0.27123, 40.03555 ], [ -0.27092, 40.0348 ], [ -0.27107, 40.0339 ], [ -0.27068, 40.03135 ], [ -0.2701, 40.0295 ], [ -0.26849, 40.02669 ], [ -0.26788, 40.02447 ], [ -0.2671, 40.02333 ], [ -0.26615, 40.02268 ], [ -0.26458, 40.02205 ], [ -0.26247, 40.02144 ], [ -0.26151, 40.02134 ], [ -0.26051, 40.02152 ], [ -0.25676, 40.02309 ], [ -0.25283, 40.02387 ], [ -0.25018, 40.02418 ], [ -0.24717, 40.02416 ], [ -0.24607, 40.0235 ], [ -0.2455, 40.02294 ], [ -0.2454, 40.0226 ], [ -0.2468, 40.02037 ], [ -0.24758, 40.0197 ], [ -0.24863, 40.01921 ], [ -0.25075, 40.01891 ], [ -0.25144, 40.01928 ], [ -0.25316, 40.01966 ], [ -0.25378, 40.01954 ], [ -0.25382, 40.01897 ], [ -0.25287, 40.01871 ], [ -0.25208, 40.01804 ], [ -0.2526, 40.01635 ], [ -0.25359, 40.01564 ], [ -0.25369, 40.01528 ], [ -0.25209, 40.0139 ], [ -0.25229, 40.01346 ], [ -0.25311, 40.01286 ], [ -0.25433, 40.01257 ], [ -0.25572, 40.01323 ], [ -0.25734, 40.01433 ], [ -0.25842, 40.01528 ], [ -0.25924, 40.01632 ], [ -0.26006, 40.01678 ], [ -0.26206, 40.01588 ], [ -0.26394, 40.01426 ], [ -0.26589, 40.0136 ], [ -0.26746, 40.01544 ], [ -0.26757, 40.01613 ], [ -0.26728, 40.01626 ], [ -0.26685, 40.01678 ], [ -0.26552, 40.01739 ], [ -0.26442, 40.01737 ], [ -0.26129, 40.01777 ], [ -0.26071, 40.01771 ], [ -0.26083, 40.01859 ], [ -0.26105, 40.019 ], [ -0.26126, 40.01916 ], [ -0.26341, 40.01915 ], [ -0.26703, 40.01868 ], [ -0.26865, 40.01904 ], [ -0.26884, 40.01933 ], [ -0.26861, 40.02059 ], [ -0.26933, 40.02138 ], [ -0.2736, 40.02323 ], [ -0.27616, 40.02494 ], [ -0.27776, 40.02539 ], [ -0.27934, 40.02533 ], [ -0.28088, 40.02501 ], [ -0.28274, 40.02398 ], [ -0.28343, 40.02318 ], [ -0.28401, 40.02174 ], [ -0.284, 40.02078 ], [ -0.28377, 40.02021 ], [ -0.28344, 40.01969 ], [ -0.2828, 40.0191 ], [ -0.27983, 40.01773 ], [ -0.27714, 40.01556 ], [ -0.27535, 40.01434 ], [ -0.27461, 40.01346 ], [ -0.27481, 40.01246 ], [ -0.27551, 40.012 ], [ -0.27595, 40.01192 ], [ -0.2767, 40.0119 ], [ -0.27916, 40.01227 ], [ -0.28028, 40.01224 ], [ -0.28125, 40.012 ], [ -0.28561, 40.00939 ], [ -0.2855, 40.00872 ], [ -0.28569, 40.00824 ], [ -0.28705, 40.00687 ], [ -0.287, 40.0067 ], [ -0.28539, 40.00699 ], [ -0.2852, 40.00682 ], [ -0.29685, 40.00388 ], [ -0.29775, 40.0044 ], [ -0.29884, 40.00541 ], [ -0.29993, 40.00609 ], [ -0.29998, 40.00633 ], [ -0.29929, 40.0068 ], [ -0.29849, 40.00688 ], [ -0.29796, 40.0067 ], [ -0.29746, 40.00619 ], [ -0.29706, 40.00609 ], [ -0.29637, 40.00669 ], [ -0.296, 40.00823 ], [ -0.29653, 40.00847 ], [ -0.29734, 40.00931 ], [ -0.29799, 40.00923 ], [ -0.29858, 40.00868 ], [ -0.29961, 40.00817 ], [ -0.30064, 40.00796 ], [ -0.30168, 40.00805 ], [ -0.30463, 40.00921 ], [ -0.30492, 40.00961 ], [ -0.30478, 40.01066 ], [ -0.30527, 40.01143 ], [ -0.30536, 40.01191 ], [ -0.30525, 40.01235 ], [ -0.30593, 40.01393 ], [ -0.30646, 40.01594 ], [ -0.30766, 40.01762 ], [ -0.30808, 40.01878 ], [ -0.30895, 40.01973 ], [ -0.30969, 40.02011 ], [ -0.31195, 40.02 ], [ -0.31708, 40.02081 ], [ -0.31755, 40.02206 ], [ -0.31702, 40.02281 ], [ -0.31786, 40.02524 ], [ -0.31865, 40.02633 ], [ -0.32053, 40.02788 ], [ -0.3223, 40.0305 ], [ -0.32498, 40.03141 ], [ -0.32958, 40.03203 ], [ -0.33189, 40.03371 ], [ -0.33288, 40.0347 ], [ -0.33349, 40.03565 ], [ -0.33836, 40.03831 ], [ -0.33912, 40.04002 ], [ -0.33915, 40.0409 ], [ -0.33901, 40.04132 ], [ -0.34005, 40.04316 ], [ -0.34022, 40.04375 ], [ -0.3402, 40.04444 ], [ -0.33995, 40.04525 ], [ -0.33942, 40.04601 ], [ -0.33757, 40.04803 ], [ -0.33692, 40.04852 ], [ -0.33605, 40.04891 ], [ -0.33596, 40.04926 ], [ -0.3362, 40.04964 ], [ -0.33663, 40.04989 ], [ -0.33844, 40.04974 ], [ -0.33848, 40.05031 ], [ -0.33905, 40.05084 ], [ -0.33903, 40.05118 ], [ -0.33931, 40.05127 ], [ -0.34096, 40.05095 ], [ -0.34192, 40.0503 ], [ -0.3423, 40.05039 ], [ -0.34347, 40.05126 ], [ -0.34341, 40.05207 ], [ -0.34379, 40.05268 ], [ -0.34439, 40.05302 ], [ -0.34578, 40.05333 ], [ -0.34627, 40.0536 ], [ -0.34611, 40.05427 ], [ -0.34568, 40.05493 ], [ -0.34519, 40.0552 ], [ -0.34387, 40.05526 ], [ -0.34344, 40.05553 ], [ -0.34319, 40.05594 ], [ -0.34355, 40.05649 ], [ -0.34448, 40.05684 ], [ -0.3453, 40.05741 ], [ -0.34605, 40.05811 ], [ -0.34674, 40.05906 ], [ -0.3466, 40.0606 ], [ -0.3453, 40.06142 ], [ -0.34524, 40.06181 ], [ -0.34564, 40.06244 ], [ -0.34737, 40.06397 ], [ -0.34781, 40.06456 ], [ -0.34894, 40.06693 ], [ -0.34859, 40.06755 ], [ -0.34855, 40.06875 ], [ -0.34877, 40.06903 ], [ -0.34919, 40.06919 ], [ -0.35, 40.07017 ], [ -0.34997, 40.0705 ], [ -0.34976, 40.07071 ], [ -0.3485, 40.07054 ], [ -0.34774, 40.07006 ], [ -0.34732, 40.06933 ], [ -0.34604, 40.06799 ], [ -0.34575, 40.0678 ], [ -0.34521, 40.06777 ], [ -0.3448, 40.0687 ], [ -0.34508, 40.06985 ], [ -0.34559, 40.07057 ], [ -0.34673, 40.07149 ], [ -0.34705, 40.0721 ], [ -0.34694, 40.07296 ], [ -0.34601, 40.07431 ], [ -0.34617, 40.07485 ], [ -0.34663, 40.07504 ], [ -0.34731, 40.07489 ], [ -0.34911, 40.07338 ], [ -0.35145, 40.07216 ], [ -0.35278, 40.07073 ], [ -0.35353, 40.07015 ], [ -0.35484, 40.06978 ], [ -0.35554, 40.06991 ], [ -0.35644, 40.07064 ], [ -0.35617, 40.07121 ], [ -0.35527, 40.0722 ], [ -0.35506, 40.07312 ], [ -0.35819, 40.07368 ], [ -0.35799, 40.07435 ], [ -0.35766, 40.07461 ], [ -0.35514, 40.07519 ], [ -0.35411, 40.07513 ], [ -0.35403, 40.0753 ], [ -0.35435, 40.07616 ], [ -0.35407, 40.07668 ], [ -0.35393, 40.07757 ], [ -0.35246, 40.07885 ], [ -0.35077, 40.07898 ], [ -0.34924, 40.07947 ], [ -0.34838, 40.08008 ], [ -0.34773, 40.08109 ], [ -0.34735, 40.08138 ], [ -0.34192, 40.08309 ], [ -0.33859, 40.08491 ], [ -0.33704, 40.08632 ], [ -0.33675, 40.08674 ], [ -0.33669, 40.08719 ], [ -0.33684, 40.08766 ], [ -0.33827, 40.08784 ], [ -0.33968, 40.08777 ], [ -0.34092, 40.08831 ], [ -0.34187, 40.0891 ], [ -0.343, 40.08969 ], [ -0.34376, 40.09104 ], [ -0.34461, 40.09129 ], [ -0.34553, 40.09179 ], [ -0.34539, 40.09286 ], [ -0.34422, 40.09452 ], [ -0.34389, 40.09581 ], [ -0.34357, 40.09622 ], [ -0.34155, 40.09677 ], [ -0.34064, 40.09844 ], [ -0.33977, 40.09958 ], [ -0.33933, 40.09987 ], [ -0.33873, 40.09971 ], [ -0.33866, 40.09947 ], [ -0.33889, 40.09889 ], [ -0.3386, 40.09862 ], [ -0.33859, 40.0982 ], [ -0.33768, 40.09755 ], [ -0.33452, 40.09773 ], [ -0.33188, 40.0984 ], [ -0.33108, 40.09876 ], [ -0.32971, 40.1007 ], [ -0.32933, 40.10156 ], [ -0.32924, 40.10237 ], [ -0.32975, 40.10315 ], [ -0.33068, 40.10375 ], [ -0.33117, 40.10373 ], [ -0.33133, 40.10383 ], [ -0.33131, 40.10404 ], [ -0.33014, 40.10541 ], [ -0.32965, 40.10623 ], [ -0.32962, 40.10825 ], [ -0.32929, 40.10901 ], [ -0.32895, 40.10935 ], [ -0.32797, 40.10974 ], [ -0.32653, 40.10926 ], [ -0.32649, 40.10879 ], [ -0.32533, 40.1079 ], [ -0.32475, 40.10655 ], [ -0.32436, 40.10647 ], [ -0.32215, 40.10681 ], [ -0.32083, 40.10634 ], [ -0.32054, 40.10587 ], [ -0.31985, 40.1054 ], [ -0.3191, 40.10527 ], [ -0.31856, 40.10548 ], [ -0.31842, 40.10603 ], [ -0.31892, 40.10703 ], [ -0.31902, 40.10759 ], [ -0.3188, 40.10794 ], [ -0.31785, 40.10827 ], [ -0.31805, 40.10846 ], [ -0.31846, 40.10957 ], [ -0.31817, 40.1108 ], [ -0.31831, 40.11194 ], [ -0.32054, 40.11246 ], [ -0.32191, 40.11314 ], [ -0.32152, 40.11414 ], [ -0.32223, 40.11475 ], [ -0.32253, 40.11525 ], [ -0.32345, 40.11553 ], [ -0.32362, 40.11585 ], [ -0.3224, 40.11637 ], [ -0.3215, 40.11646 ], [ -0.32042, 40.11709 ], [ -0.31854, 40.11725 ], [ -0.31768, 40.1171 ], [ -0.31702, 40.11676 ], [ -0.31713, 40.11643 ], [ -0.31681, 40.11624 ], [ -0.3163, 40.11622 ], [ -0.31581, 40.11735 ], [ -0.31465, 40.11914 ], [ -0.31453, 40.12002 ], [ -0.31405, 40.12037 ], [ -0.31269, 40.12069 ], [ -0.31188, 40.12062 ], [ -0.3104, 40.12009 ], [ -0.3089, 40.11865 ], [ -0.30785, 40.11812 ], [ -0.30671, 40.118 ], [ -0.3052, 40.11828 ], [ -0.30457, 40.11874 ], [ -0.30493, 40.11987 ], [ -0.30419, 40.12144 ], [ -0.30315, 40.12241 ], [ -0.30288, 40.12387 ], [ -0.30221, 40.1242 ], [ -0.3006, 40.12454 ], [ -0.29983, 40.12428 ], [ -0.29956, 40.12362 ], [ -0.29931, 40.12268 ], [ -0.29907, 40.12053 ], [ -0.29862, 40.11945 ], [ -0.29767, 40.11878 ], [ -0.2957, 40.11803 ], [ -0.29414, 40.11764 ], [ -0.29322, 40.11764 ], [ -0.29221, 40.11795 ], [ -0.291, 40.11879 ], [ -0.2888, 40.12092 ], [ -0.28769, 40.12018 ], [ -0.28246, 40.11773 ], [ -0.28111, 40.1176 ], [ -0.27938, 40.11718 ], [ -0.27568, 40.11582 ], [ -0.27478, 40.11595 ], [ -0.27465, 40.11674 ], [ -0.27573, 40.11707 ], [ -0.27724, 40.11826 ], [ -0.27875, 40.1195 ], [ -0.27934, 40.12043 ], [ -0.27949, 40.12121 ], [ -0.27941, 40.12195 ], [ -0.27903, 40.12276 ], [ -0.27849, 40.12323 ], [ -0.27784, 40.12341 ], [ -0.27745, 40.12334 ], [ -0.27512, 40.12256 ], [ -0.27292, 40.1226 ], [ -0.27104, 40.12315 ], [ -0.26961, 40.12427 ], [ -0.26884, 40.12448 ], [ -0.26657, 40.12378 ], [ -0.26428, 40.12274 ], [ -0.26306, 40.12268 ], [ -0.26316, 40.12396 ], [ -0.26299, 40.12456 ], [ -0.26278, 40.12489 ], [ -0.262, 40.12466 ], [ -0.26133, 40.12417 ], [ -0.26094, 40.12281 ], [ -0.25857, 40.12283 ], [ -0.25589, 40.12174 ], [ -0.25088, 40.12038 ], [ -0.24691, 40.11885 ], [ -0.24335, 40.1168 ], [ -0.24315, 40.11651 ], [ -0.24326, 40.11596 ], [ -0.24378, 40.11548 ], [ -0.24452, 40.11507 ], [ -0.24591, 40.11483 ], [ -0.24646, 40.11436 ], [ -0.24649, 40.11405 ], [ -0.24552, 40.11342 ], [ -0.24362, 40.11337 ], [ -0.24324, 40.11282 ], [ -0.24371, 40.11107 ], [ -0.24497, 40.11026 ], [ -0.24516, 40.10927 ], [ -0.24592, 40.10862 ], [ -0.24609, 40.10788 ], [ -0.24561, 40.10703 ], [ -0.24435, 40.10703 ], [ -0.24214, 40.10779 ], [ -0.24125, 40.10778 ], [ -0.23946, 40.10708 ], [ -0.23835, 40.10582 ], [ -0.23791, 40.10577 ], [ -0.23777, 40.10607 ], [ -0.23757, 40.10613 ], [ -0.23749, 40.10697 ], [ -0.2369, 40.10755 ], [ -0.23677, 40.1079 ], [ -0.23684, 40.10812 ], [ -0.2372, 40.10818 ], [ -0.238, 40.10769 ], [ -0.23843, 40.1076 ], [ -0.23858, 40.10811 ], [ -0.23837, 40.10881 ], [ -0.23794, 40.10933 ], [ -0.23748, 40.10956 ], [ -0.23564, 40.1095 ], [ -0.23528, 40.10979 ], [ -0.2355, 40.11036 ], [ -0.23537, 40.11041 ], [ -0.23496, 40.10996 ], [ -0.23445, 40.10862 ], [ -0.23387, 40.10763 ], [ -0.23332, 40.10713 ], [ -0.23236, 40.10675 ], [ -0.23216, 40.10635 ], [ -0.23219, 40.10593 ], [ -0.23281, 40.10555 ], [ -0.23391, 40.10453 ], [ -0.23364, 40.10361 ], [ -0.23316, 40.10314 ], [ -0.22968, 40.10199 ], [ -0.22656, 40.10145 ], [ -0.22567, 40.10068 ], [ -0.22579, 40.10037 ], [ -0.22567, 40.09998 ], [ -0.22518, 40.09929 ], [ -0.22266, 40.099 ], [ -0.22004, 40.09742 ], [ -0.21918, 40.09727 ], [ -0.21676, 40.09748 ], [ -0.21577, 40.09739 ], [ -0.21182, 40.09567 ], [ -0.21087, 40.09503 ], [ -0.21051, 40.09428 ], [ -0.21069, 40.09361 ], [ -0.21159, 40.09245 ] ] ], [ [ [ -0.21989, 39.76834 ], [ -0.21946, 39.7683 ], [ -0.21935, 39.76847 ], [ -0.21804, 39.7686 ], [ -0.21752, 39.76828 ], [ -0.21713, 39.76768 ], [ -0.21726, 39.76752 ], [ -0.21706, 39.76693 ], [ -0.21721, 39.76675 ], [ -0.21687, 39.76621 ], [ -0.21701, 39.76589 ], [ -0.21766, 39.76585 ], [ -0.21811, 39.76632 ], [ -0.21925, 39.76706 ], [ -0.21939, 39.76819 ], [ -0.21964, 39.76809 ], [ -0.21958, 39.76795 ], [ -0.21981, 39.76771 ], [ -0.22002, 39.76776 ], [ -0.22006, 39.76809 ], [ -0.21989, 39.76834 ] ] ], [ [ [ -0.2216, 39.77312 ], [ -0.2212, 39.77407 ], [ -0.22074, 39.7742 ], [ -0.21789, 39.77339 ], [ -0.21775, 39.77328 ], [ -0.21772, 39.77286 ], [ -0.21703, 39.77215 ], [ -0.21703, 39.77199 ], [ -0.21756, 39.77169 ], [ -0.21851, 39.77149 ], [ -0.21888, 39.77196 ], [ -0.21984, 39.77217 ], [ -0.22143, 39.77298 ], [ -0.2216, 39.77312 ] ] ], [ [ [ -0.22515, 39.775 ], [ -0.22332, 39.77456 ], [ -0.22276, 39.77426 ], [ -0.22232, 39.77367 ], [ -0.22204, 39.77278 ], [ -0.2228, 39.77225 ], [ -0.2234, 39.77242 ], [ -0.22374, 39.77235 ], [ -0.22364, 39.77249 ], [ -0.22418, 39.77263 ], [ -0.22391, 39.77268 ], [ -0.22387, 39.77293 ], [ -0.22424, 39.77295 ], [ -0.22433, 39.77322 ], [ -0.22512, 39.77325 ], [ -0.22597, 39.77353 ], [ -0.22613, 39.77441 ], [ -0.22535, 39.77469 ], [ -0.22515, 39.775 ] ], [ [ -0.22466, 39.77404 ], [ -0.22316, 39.77353 ], [ -0.22325, 39.77395 ], [ -0.22352, 39.77424 ], [ -0.22509, 39.77431 ], [ -0.22469, 39.77386 ], [ -0.22458, 39.77383 ], [ -0.22466, 39.77404 ] ] ], [ [ [ -0.20368, 39.776 ], [ -0.20283, 39.77596 ], [ -0.20267, 39.77577 ], [ -0.20233, 39.77583 ], [ -0.20175, 39.77499 ], [ -0.20281, 39.77426 ], [ -0.20311, 39.77448 ], [ -0.20314, 39.77475 ], [ -0.20338, 39.77482 ], [ -0.20325, 39.77556 ], [ -0.20368, 39.776 ] ] ], [ [ [ -0.25762, 39.81913 ], [ -0.25832, 39.81934 ], [ -0.25853, 39.81973 ], [ -0.2594, 39.82014 ], [ -0.26022, 39.82029 ], [ -0.26044, 39.82047 ], [ -0.26063, 39.82108 ], [ -0.25997, 39.82124 ], [ -0.25959, 39.82157 ], [ -0.25887, 39.82185 ], [ -0.25812, 39.82268 ], [ -0.25741, 39.82294 ], [ -0.25724, 39.82321 ], [ -0.25656, 39.82333 ], [ -0.25606, 39.82312 ], [ -0.2547, 39.82188 ], [ -0.25447, 39.82187 ], [ -0.25379, 39.82097 ], [ -0.25457, 39.82065 ], [ -0.25451, 39.82039 ], [ -0.25483, 39.8201 ], [ -0.25469, 39.81978 ], [ -0.2548, 39.81962 ], [ -0.2564, 39.81911 ], [ -0.25762, 39.81913 ] ] ], [ [ [ -0.23131, 39.82586 ], [ -0.23073, 39.82584 ], [ -0.23075, 39.82539 ], [ -0.23133, 39.82541 ], [ -0.23131, 39.82586 ] ] ], [ [ [ -0.20928, 39.85531 ], [ -0.20942, 39.85563 ], [ -0.20934, 39.85596 ], [ -0.20849, 39.8567 ], [ -0.20649, 39.85733 ], [ -0.20635, 39.8575 ], [ -0.20584, 39.85755 ], [ -0.20545, 39.85737 ], [ -0.20531, 39.85709 ], [ -0.20542, 39.85672 ], [ -0.20523, 39.85653 ], [ -0.20382, 39.856 ], [ -0.20322, 39.85532 ], [ -0.20187, 39.85486 ], [ -0.20201, 39.85442 ], [ -0.20169, 39.85407 ], [ -0.20272, 39.85347 ], [ -0.20268, 39.85335 ], [ -0.20199, 39.85331 ], [ -0.2015, 39.8535 ], [ -0.20086, 39.85343 ], [ -0.20041, 39.85273 ], [ -0.20064, 39.85269 ], [ -0.2006, 39.85212 ], [ -0.20104, 39.85195 ], [ -0.2012, 39.85106 ], [ -0.20093, 39.85053 ], [ -0.19976, 39.85001 ], [ -0.19996, 39.84976 ], [ -0.20046, 39.8496 ], [ -0.2017, 39.8496 ], [ -0.20278, 39.84985 ], [ -0.20308, 39.85012 ], [ -0.20473, 39.85035 ], [ -0.20484, 39.8508 ], [ -0.20536, 39.85101 ], [ -0.20545, 39.85124 ], [ -0.20595, 39.85126 ], [ -0.20611, 39.8515 ], [ -0.20649, 39.85157 ], [ -0.20666, 39.8519 ], [ -0.20726, 39.85235 ], [ -0.20791, 39.85249 ], [ -0.20836, 39.8532 ], [ -0.20902, 39.8537 ], [ -0.20912, 39.85415 ], [ -0.20959, 39.85483 ], [ -0.20961, 39.85509 ], [ -0.20928, 39.85531 ] ], [ [ -0.20309, 39.85404 ], [ -0.20335, 39.85388 ], [ -0.20331, 39.85371 ], [ -0.20205, 39.85408 ], [ -0.20324, 39.85453 ], [ -0.20365, 39.85424 ], [ -0.20353, 39.85398 ], [ -0.20309, 39.85404 ] ] ], [ [ [ -0.1552, 39.85517 ], [ -0.15461, 39.85516 ], [ -0.15463, 39.85471 ], [ -0.15521, 39.85472 ], [ -0.1552, 39.85517 ] ] ], [ [ [ -0.19209, 39.85952 ], [ -0.19069, 39.85996 ], [ -0.18996, 39.85988 ], [ -0.1898, 39.85972 ], [ -0.19014, 39.85956 ], [ -0.18986, 39.85926 ], [ -0.19013, 39.85878 ], [ -0.19103, 39.85863 ], [ -0.19118, 39.85865 ], [ -0.1912, 39.85884 ], [ -0.1921, 39.85907 ], [ -0.19209, 39.85952 ] ] ], [ [ [ -0.25442, 39.89223 ], [ -0.2544, 39.89268 ], [ -0.25381, 39.89266 ], [ -0.25383, 39.89221 ], [ -0.25442, 39.89223 ] ] ], [ [ [ -0.2105, 40.09407 ], [ -0.20583, 40.0937 ], [ -0.20635, 40.09346 ], [ -0.2105, 40.09407 ] ] ] ] } },
{ "type": "Feature", "properties": { "anyo": 1994 }, "geometry": { "type": "MultiPolygon", "coordinates": [ [ [ [ -0.30659, 39.76728 ], [ -0.30531, 39.7659 ], [ -0.30521, 39.76542 ], [ -0.30463, 39.76458 ], [ -0.30455, 39.76416 ], [ -0.30401, 39.76426 ], [ -0.30405, 39.76318 ], [ -0.30357, 39.76283 ], [ -0.3034, 39.76238 ], [ -0.30291, 39.76238 ], [ -0.30264, 39.76204 ], [ -0.30241, 39.76217 ], [ -0.3023, 39.76203 ], [ -0.30174, 39.76211 ], [ -0.30075, 39.76097 ], [ -0.30233, 39.76032 ], [ -0.304, 39.75899 ], [ -0.30367, 39.75823 ], [ -0.30278, 39.75761 ], [ -0.30259, 39.75725 ], [ -0.30284, 39.75696 ], [ -0.3035, 39.75684 ], [ -0.30378, 39.75657 ], [ -0.30307, 39.75596 ], [ -0.30207, 39.75632 ], [ -0.30175, 39.75658 ], [ -0.30147, 39.75656 ], [ -0.30132, 39.75609 ], [ -0.3006, 39.75618 ], [ -0.30059, 39.75602 ], [ -0.30016, 39.75568 ], [ -0.2996, 39.75543 ], [ -0.2996, 39.75508 ], [ -0.2987, 39.75475 ], [ -0.29839, 39.75389 ], [ -0.29803, 39.75386 ], [ -0.29803, 39.75369 ], [ -0.29875, 39.75323 ], [ -0.3002, 39.75306 ], [ -0.30034, 39.753 ], [ -0.30043, 39.75261 ], [ -0.30127, 39.75301 ], [ -0.30174, 39.75361 ], [ -0.30251, 39.75363 ], [ -0.3029, 39.75415 ], [ -0.30346, 39.75426 ], [ -0.30377, 39.75416 ], [ -0.3038, 39.75397 ], [ -0.30461, 39.75375 ], [ -0.30487, 39.75389 ], [ -0.30602, 39.75374 ], [ -0.306, 39.75351 ], [ -0.30615, 39.75349 ], [ -0.30767, 39.75379 ], [ -0.30831, 39.75444 ], [ -0.30897, 39.75475 ], [ -0.30998, 39.75567 ], [ -0.30983, 39.75602 ], [ -0.31063, 39.75634 ], [ -0.3108, 39.75653 ], [ -0.31077, 39.75675 ], [ -0.31156, 39.75702 ], [ -0.31201, 39.75689 ], [ -0.31184, 39.75709 ], [ -0.31198, 39.7575 ], [ -0.31262, 39.75744 ], [ -0.31227, 39.75683 ], [ -0.31298, 39.75678 ], [ -0.31307, 39.75717 ], [ -0.31388, 39.75789 ], [ -0.31432, 39.75858 ], [ -0.31502, 39.75906 ], [ -0.3156, 39.76033 ], [ -0.31552, 39.76073 ], [ -0.31579, 39.76167 ], [ -0.31544, 39.76257 ], [ -0.31498, 39.76272 ], [ -0.31399, 39.76233 ], [ -0.31347, 39.76142 ], [ -0.31314, 39.76174 ], [ -0.31219, 39.76178 ], [ -0.31221, 39.76196 ], [ -0.31251, 39.76189 ], [ -0.31263, 39.76213 ], [ -0.31223, 39.7628 ], [ -0.31169, 39.7632 ], [ -0.31113, 39.76317 ], [ -0.31078, 39.76333 ], [ -0.31066, 39.76366 ], [ -0.31032, 39.76386 ], [ -0.3102, 39.76431 ], [ -0.30964, 39.76432 ], [ -0.30832, 39.76532 ], [ -0.30836, 39.76587 ], [ -0.30778, 39.76637 ], [ -0.30717, 39.76659 ], [ -0.30734, 39.76738 ], [ -0.30724, 39.76753 ], [ -0.30695, 39.76763 ], [ -0.30678, 39.76721 ], [ -0.30659, 39.76728 ] ] ], [ [ [ -0.26553, 39.79584 ], [ -0.26405, 39.79705 ], [ -0.26388, 39.79699 ], [ -0.26381, 39.79646 ], [ -0.26448, 39.79549 ], [ -0.26469, 39.79555 ], [ -0.26492, 39.79536 ], [ -0.26545, 39.7956 ], [ -0.26553, 39.79584 ] ] ], [ [ [ -0.42185, 39.80491 ], [ -0.42163, 39.80485 ], [ -0.42163, 39.80513 ], [ -0.42144, 39.80526 ], [ -0.42084, 39.80491 ], [ -0.42071, 39.80526 ], [ -0.42008, 39.80516 ], [ -0.41999, 39.80493 ], [ -0.41885, 39.8048 ], [ -0.41868, 39.80464 ], [ -0.41842, 39.80461 ], [ -0.41831, 39.80487 ], [ -0.41817, 39.80486 ], [ -0.41796, 39.80455 ], [ -0.41841, 39.80423 ], [ -0.42076, 39.80422 ], [ -0.42157, 39.80461 ], [ -0.42185, 39.80491 ] ] ], [ [ [ -0.40955, 39.82983 ], [ -0.40916, 39.8301 ], [ -0.40865, 39.82975 ], [ -0.40837, 39.82987 ], [ -0.40827, 39.82971 ], [ -0.4081, 39.83008 ], [ -0.40779, 39.83009 ], [ -0.40772, 39.82973 ], [ -0.40723, 39.82962 ], [ -0.40706, 39.82975 ], [ -0.40658, 39.82944 ], [ -0.40678, 39.82919 ], [ -0.40802, 39.82879 ], [ -0.40857, 39.82892 ], [ -0.40872, 39.8292 ], [ -0.40968, 39.82932 ], [ -0.41014, 39.82979 ], [ -0.40955, 39.82983 ] ] ], [ [ [ -0.36685, 39.83606 ], [ -0.36687, 39.83561 ], [ -0.36745, 39.83562 ], [ -0.36743, 39.83607 ], [ -0.36685, 39.83606 ] ] ], [ [ [ -0.43369, 39.84099 ], [ -0.43371, 39.84172 ], [ -0.43333, 39.84216 ], [ -0.43338, 39.84245 ], [ -0.43307, 39.84226 ], [ -0.43295, 39.84251 ], [ -0.43258, 39.84266 ], [ -0.43162, 39.84271 ], [ -0.43175, 39.84322 ], [ -0.43142, 39.84381 ], [ -0.43147, 39.84405 ], [ -0.43076, 39.84493 ], [ -0.43047, 39.8446 ], [ -0.43088, 39.84361 ], [ -0.43055, 39.8434 ], [ -0.43011, 39.84271 ], [ -0.42938, 39.84269 ], [ -0.42939, 39.84241 ], [ -0.42979, 39.84236 ], [ -0.43016, 39.84251 ], [ -0.4304, 39.84221 ], [ -0.43063, 39.84223 ], [ -0.43069, 39.84209 ], [ -0.43043, 39.84188 ], [ -0.42997, 39.84174 ], [ -0.42962, 39.84174 ], [ -0.42895, 39.84228 ], [ -0.42865, 39.84224 ], [ -0.42846, 39.84245 ], [ -0.42801, 39.84238 ], [ -0.42747, 39.84265 ], [ -0.42673, 39.84272 ], [ -0.42652, 39.8432 ], [ -0.42552, 39.84363 ], [ -0.42537, 39.84351 ], [ -0.42614, 39.84312 ], [ -0.42617, 39.84249 ], [ -0.42665, 39.84221 ], [ -0.42683, 39.84177 ], [ -0.42711, 39.84173 ], [ -0.42747, 39.84201 ], [ -0.42784, 39.84202 ], [ -0.4282, 39.84178 ], [ -0.4281, 39.84143 ], [ -0.4286, 39.84104 ], [ -0.42892, 39.84105 ], [ -0.42841, 39.84075 ], [ -0.42791, 39.8407 ], [ -0.42693, 39.8407 ], [ -0.42611, 39.84096 ], [ -0.42576, 39.84084 ], [ -0.42562, 39.84061 ], [ -0.42454, 39.84019 ], [ -0.42449, 39.83984 ], [ -0.42409, 39.84 ], [ -0.42398, 39.83967 ], [ -0.42362, 39.83972 ], [ -0.42301, 39.83947 ], [ -0.42157, 39.8393 ], [ -0.4209, 39.83951 ], [ -0.42081, 39.83928 ], [ -0.42162, 39.83894 ], [ -0.42148, 39.83847 ], [ -0.42093, 39.83833 ], [ -0.42085, 39.83759 ], [ -0.42271, 39.83759 ], [ -0.42328, 39.83666 ], [ -0.42359, 39.83667 ], [ -0.42383, 39.83646 ], [ -0.42415, 39.83658 ], [ -0.42493, 39.83603 ], [ -0.42537, 39.83601 ], [ -0.4257, 39.8362 ], [ -0.42612, 39.83694 ], [ -0.42699, 39.83727 ], [ -0.42723, 39.83714 ], [ -0.42867, 39.83723 ], [ -0.42939, 39.83758 ], [ -0.42964, 39.83803 ], [ -0.42994, 39.83808 ], [ -0.43135, 39.83798 ], [ -0.43148, 39.83818 ], [ -0.43134, 39.83837 ], [ -0.43298, 39.83934 ], [ -0.43317, 39.83978 ], [ -0.43314, 39.84029 ], [ -0.43347, 39.84053 ], [ -0.43369, 39.84099 ] ] ], [ [ [ -0.31796, 39.85215 ], [ -0.31797, 39.8517 ], [ -0.31856, 39.85172 ], [ -0.31854, 39.85217 ], [ -0.31796, 39.85215 ] ] ], [ [ [ -0.39215, 39.86765 ], [ -0.39326, 39.86802 ], [ -0.39329, 39.86832 ], [ -0.39378, 39.86839 ], [ -0.39395, 39.86876 ], [ -0.39345, 39.86941 ], [ -0.39275, 39.86965 ], [ -0.39176, 39.86903 ], [ -0.39127, 39.86854 ], [ -0.39072, 39.86823 ], [ -0.39049, 39.86827 ], [ -0.39035, 39.86787 ], [ -0.3902, 39.86781 ], [ -0.39008, 39.86796 ], [ -0.38993, 39.86773 ], [ -0.39068, 39.86744 ], [ -0.39098, 39.86755 ], [ -0.39095, 39.86774 ], [ -0.39215, 39.86765 ] ] ], [ [ [ -0.3616, 39.88607 ], [ -0.36255, 39.88798 ], [ -0.36262, 39.88886 ], [ -0.3624, 39.8894 ], [ -0.36083, 39.89016 ], [ -0.36079, 39.89126 ], [ -0.36133, 39.89186 ], [ -0.36353, 39.89225 ], [ -0.36388, 39.89278 ], [ -0.36373, 39.89326 ], [ -0.3604, 39.89707 ], [ -0.35995, 39.89721 ], [ -0.35862, 39.89708 ], [ -0.35702, 39.89734 ], [ -0.35497, 39.89742 ], [ -0.35416, 39.89673 ], [ -0.3541, 39.89631 ], [ -0.35434, 39.89587 ], [ -0.35522, 39.89501 ], [ -0.35514, 39.89454 ], [ -0.35438, 39.89432 ], [ -0.35263, 39.89489 ], [ -0.35111, 39.89434 ], [ -0.35099, 39.89282 ], [ -0.35071, 39.89205 ], [ -0.35014, 39.89139 ], [ -0.34951, 39.89108 ], [ -0.34477, 39.89004 ], [ -0.34211, 39.88996 ], [ -0.34044, 39.88919 ], [ -0.3399, 39.88927 ], [ -0.33876, 39.89003 ], [ -0.33794, 39.8901 ], [ -0.33744, 39.88978 ], [ -0.3372, 39.88928 ], [ -0.33695, 39.88788 ], [ -0.33703, 39.88681 ], [ -0.33682, 39.88652 ], [ -0.33522, 39.88685 ], [ -0.33257, 39.8866 ], [ -0.33028, 39.88692 ], [ -0.32781, 39.88682 ], [ -0.32674, 39.88654 ], [ -0.32508, 39.88581 ], [ -0.32464, 39.8852 ], [ -0.3247, 39.88474 ], [ -0.32563, 39.88374 ], [ -0.32627, 39.88243 ], [ -0.32719, 39.88133 ], [ -0.32869, 39.88064 ], [ -0.33224, 39.87967 ], [ -0.334, 39.87874 ], [ -0.3345, 39.87788 ], [ -0.3344, 39.87728 ], [ -0.33399, 39.87676 ], [ -0.33343, 39.87636 ], [ -0.33275, 39.87617 ], [ -0.33201, 39.87624 ], [ -0.32959, 39.87715 ], [ -0.32844, 39.87703 ], [ -0.32597, 39.87591 ], [ -0.32535, 39.87514 ], [ -0.32533, 39.87453 ], [ -0.32611, 39.87359 ], [ -0.3264, 39.87352 ], [ -0.32702, 39.87352 ], [ -0.32894, 39.87411 ], [ -0.32983, 39.87402 ], [ -0.33028, 39.87346 ], [ -0.33039, 39.8727 ], [ -0.33076, 39.87247 ], [ -0.33343, 39.87295 ], [ -0.33507, 39.87301 ], [ -0.33604, 39.87288 ], [ -0.33721, 39.87241 ], [ -0.33893, 39.87107 ], [ -0.33925, 39.87102 ], [ -0.34023, 39.87114 ], [ -0.3415, 39.872 ], [ -0.34211, 39.87208 ], [ -0.34267, 39.87187 ], [ -0.34318, 39.87133 ], [ -0.34311, 39.87032 ], [ -0.34327, 39.87002 ], [ -0.34388, 39.86986 ], [ -0.34493, 39.86997 ], [ -0.34576, 39.87055 ], [ -0.34596, 39.87124 ], [ -0.34532, 39.87333 ], [ -0.34535, 39.87429 ], [ -0.3481, 39.87644 ], [ -0.34884, 39.87652 ], [ -0.3504, 39.87611 ], [ -0.35156, 39.87613 ], [ -0.35204, 39.87627 ], [ -0.35251, 39.87712 ], [ -0.35302, 39.87744 ], [ -0.35744, 39.87764 ], [ -0.35915, 39.87749 ], [ -0.35976, 39.87779 ], [ -0.36112, 39.87914 ], [ -0.36191, 39.87937 ], [ -0.36355, 39.87947 ], [ -0.36447, 39.87991 ], [ -0.36483, 39.88048 ], [ -0.36475, 39.88147 ], [ -0.36422, 39.88186 ], [ -0.36378, 39.88279 ], [ -0.36199, 39.88386 ], [ -0.36147, 39.88467 ], [ -0.3616, 39.88607 ] ] ], [ [ [ -0.33832, 39.90284 ], [ -0.33834, 39.90239 ], [ -0.33892, 39.9024 ], [ -0.3389, 39.90285 ], [ -0.33832, 39.90284 ] ] ], [ [ [ -0.30506, 39.94933 ], [ -0.30507, 39.94888 ], [ -0.30566, 39.94889 ], [ -0.30564, 39.94934 ], [ -0.30506, 39.94933 ] ] ], [ [ [ -0.26625, 39.9985 ], [ -0.26678, 39.99955 ], [ -0.26661, 39.99955 ], [ -0.26652, 39.99976 ], [ -0.26614, 39.99973 ], [ -0.26577, 39.999 ], [ -0.26607, 39.99876 ], [ -0.26594, 39.99852 ], [ -0.26625, 39.9985 ] ] ], [ [ [ -0.64192, 40.02255 ], [ -0.64008, 40.02386 ], [ -0.63886, 40.02428 ], [ -0.63656, 40.02449 ], [ -0.63556, 40.02431 ], [ -0.63384, 40.02483 ], [ -0.63296, 40.02586 ], [ -0.63303, 40.02728 ], [ -0.63283, 40.028 ], [ -0.6321, 40.02915 ], [ -0.63153, 40.02974 ], [ -0.63028, 40.03009 ], [ -0.62826, 40.02983 ], [ -0.62778, 40.03003 ], [ -0.62573, 40.03229 ], [ -0.625, 40.03263 ], [ -0.6237, 40.03275 ], [ -0.62344, 40.033 ], [ -0.62339, 40.03372 ], [ -0.62314, 40.03393 ], [ -0.6227, 40.03632 ], [ -0.62276, 40.03745 ], [ -0.62096, 40.03913 ], [ -0.62004, 40.03953 ], [ -0.61987, 40.04027 ], [ -0.61953, 40.0408 ], [ -0.61774, 40.04103 ], [ -0.61626, 40.04054 ], [ -0.61596, 40.04063 ], [ -0.61671, 40.04161 ], [ -0.61733, 40.04213 ], [ -0.61751, 40.0426 ], [ -0.61804, 40.04291 ], [ -0.61815, 40.04315 ], [ -0.61799, 40.04344 ], [ -0.61843, 40.04375 ], [ -0.61816, 40.04428 ], [ -0.61811, 40.04527 ], [ -0.61697, 40.04662 ], [ -0.61778, 40.04734 ], [ -0.61893, 40.0478 ], [ -0.61924, 40.0482 ], [ -0.61864, 40.04929 ], [ -0.61868, 40.04966 ], [ -0.61892, 40.04997 ], [ -0.6199, 40.05041 ], [ -0.62004, 40.05093 ], [ -0.6194, 40.05173 ], [ -0.61865, 40.05195 ], [ -0.61653, 40.05325 ], [ -0.61713, 40.05427 ], [ -0.61689, 40.05533 ], [ -0.61627, 40.05645 ], [ -0.61445, 40.05778 ], [ -0.61446, 40.05842 ], [ -0.61355, 40.0586 ], [ -0.61325, 40.05918 ], [ -0.61225, 40.05877 ], [ -0.61191, 40.05898 ], [ -0.61197, 40.06047 ], [ -0.61259, 40.06118 ], [ -0.61242, 40.06208 ], [ -0.61207, 40.06229 ], [ -0.61129, 40.06217 ], [ -0.61066, 40.06157 ], [ -0.61041, 40.06101 ], [ -0.60989, 40.05843 ], [ -0.60994, 40.05785 ], [ -0.61034, 40.05704 ], [ -0.61054, 40.0568 ], [ -0.61114, 40.05668 ], [ -0.6112, 40.05649 ], [ -0.61151, 40.05471 ], [ -0.61132, 40.05399 ], [ -0.61138, 40.05336 ], [ -0.61107, 40.05344 ], [ -0.61081, 40.05393 ], [ -0.61032, 40.054 ], [ -0.60982, 40.05241 ], [ -0.60954, 40.05227 ], [ -0.60892, 40.05235 ], [ -0.60891, 40.05205 ], [ -0.60804, 40.05098 ], [ -0.60678, 40.05042 ], [ -0.60612, 40.0496 ], [ -0.60562, 40.04948 ], [ -0.60457, 40.04983 ], [ -0.60412, 40.04979 ], [ -0.60367, 40.04965 ], [ -0.60341, 40.04908 ], [ -0.60227, 40.04851 ], [ -0.60119, 40.04713 ], [ -0.60088, 40.04641 ], [ -0.60124, 40.04376 ], [ -0.60097, 40.04316 ], [ -0.59658, 40.04173 ], [ -0.59572, 40.04161 ], [ -0.5948, 40.04109 ], [ -0.5929, 40.04073 ], [ -0.59005, 40.03902 ], [ -0.5871, 40.03755 ], [ -0.58482, 40.03734 ], [ -0.57992, 40.03607 ], [ -0.57615, 40.03486 ], [ -0.57396, 40.03436 ], [ -0.57039, 40.03406 ], [ -0.56849, 40.03422 ], [ -0.56754, 40.03411 ], [ -0.56714, 40.03423 ], [ -0.56644, 40.03405 ], [ -0.56528, 40.03412 ], [ -0.56374, 40.03252 ], [ -0.56264, 40.0321 ], [ -0.56324, 40.03141 ], [ -0.56335, 40.02961 ], [ -0.56157, 40.02954 ], [ -0.5598, 40.02861 ], [ -0.55972, 40.02851 ], [ -0.56, 40.02809 ], [ -0.55987, 40.02787 ], [ -0.55744, 40.02678 ], [ -0.55571, 40.02672 ], [ -0.55348, 40.02766 ], [ -0.55227, 40.02799 ], [ -0.55097, 40.02799 ], [ -0.54886, 40.02753 ], [ -0.54798, 40.0275 ], [ -0.54595, 40.02796 ], [ -0.54474, 40.02862 ], [ -0.54457, 40.02908 ], [ -0.54482, 40.02951 ], [ -0.54542, 40.02975 ], [ -0.5462, 40.02974 ], [ -0.54835, 40.02916 ], [ -0.54916, 40.02911 ], [ -0.54986, 40.0293 ], [ -0.5505, 40.02995 ], [ -0.55059, 40.03048 ], [ -0.55043, 40.03103 ], [ -0.5489, 40.03297 ], [ -0.54841, 40.03426 ], [ -0.54853, 40.03531 ], [ -0.54908, 40.03695 ], [ -0.55055, 40.03871 ], [ -0.55101, 40.03974 ], [ -0.55095, 40.04085 ], [ -0.55035, 40.04195 ], [ -0.54969, 40.04218 ], [ -0.54851, 40.04316 ], [ -0.54732, 40.04371 ], [ -0.54713, 40.04401 ], [ -0.54574, 40.04486 ], [ -0.54488, 40.04523 ], [ -0.5428, 40.04578 ], [ -0.54107, 40.04672 ], [ -0.54041, 40.04736 ], [ -0.53977, 40.04846 ], [ -0.53949, 40.04966 ], [ -0.53946, 40.05161 ], [ -0.53887, 40.05267 ], [ -0.53738, 40.05376 ], [ -0.5319, 40.05658 ], [ -0.53062, 40.05706 ], [ -0.52879, 40.05744 ], [ -0.52756, 40.05801 ], [ -0.52685, 40.05895 ], [ -0.52663, 40.0607 ], [ -0.52634, 40.06135 ], [ -0.5251, 40.0624 ], [ -0.52291, 40.06362 ], [ -0.52173, 40.06382 ], [ -0.52064, 40.06336 ], [ -0.51961, 40.06231 ], [ -0.51897, 40.06193 ], [ -0.5182, 40.06178 ], [ -0.51739, 40.06186 ], [ -0.51544, 40.06256 ], [ -0.51481, 40.06305 ], [ -0.51454, 40.06296 ], [ -0.51172, 40.06467 ], [ -0.51084, 40.06582 ], [ -0.51068, 40.06675 ], [ -0.51033, 40.06725 ], [ -0.51089, 40.06834 ], [ -0.51136, 40.06863 ], [ -0.51147, 40.0692 ], [ -0.51122, 40.06994 ], [ -0.51132, 40.07048 ], [ -0.51112, 40.07103 ], [ -0.51048, 40.07169 ], [ -0.50958, 40.07206 ], [ -0.50907, 40.07207 ], [ -0.50857, 40.07188 ], [ -0.50806, 40.07191 ], [ -0.5025, 40.06984 ], [ -0.50033, 40.06919 ], [ -0.49989, 40.06866 ], [ -0.49998, 40.06835 ], [ -0.49986, 40.06815 ], [ -0.49912, 40.06767 ], [ -0.49866, 40.06779 ], [ -0.49798, 40.06735 ], [ -0.49686, 40.06773 ], [ -0.49531, 40.0675 ], [ -0.49466, 40.06769 ], [ -0.49402, 40.06841 ], [ -0.49164, 40.06868 ], [ -0.48949, 40.06868 ], [ -0.48601, 40.0696 ], [ -0.48411, 40.06911 ], [ -0.48331, 40.0687 ], [ -0.48098, 40.0665 ], [ -0.48024, 40.0649 ], [ -0.47974, 40.06182 ], [ -0.47986, 40.06126 ], [ -0.48076, 40.05942 ], [ -0.48085, 40.05714 ], [ -0.48149, 40.05522 ], [ -0.48151, 40.05438 ], [ -0.48097, 40.05243 ], [ -0.48073, 40.05217 ], [ -0.47999, 40.05229 ], [ -0.47889, 40.05312 ], [ -0.47841, 40.05316 ], [ -0.47813, 40.0529 ], [ -0.47829, 40.05251 ], [ -0.47927, 40.05146 ], [ -0.47949, 40.0506 ], [ -0.47848, 40.04894 ], [ -0.47773, 40.04837 ], [ -0.47786, 40.0474 ], [ -0.47842, 40.04607 ], [ -0.47852, 40.04506 ], [ -0.47831, 40.04453 ], [ -0.47744, 40.04371 ], [ -0.47761, 40.04339 ], [ -0.47926, 40.04232 ], [ -0.4801, 40.04139 ], [ -0.48114, 40.04055 ], [ -0.48136, 40.03967 ], [ -0.48104, 40.03914 ], [ -0.48172, 40.03815 ], [ -0.48074, 40.03845 ], [ -0.48015, 40.0392 ], [ -0.48009, 40.03961 ], [ -0.47967, 40.04 ], [ -0.47826, 40.04012 ], [ -0.47751, 40.03976 ], [ -0.47699, 40.03995 ], [ -0.47344, 40.03985 ], [ -0.47333, 40.03993 ], [ -0.47382, 40.04023 ], [ -0.47508, 40.04062 ], [ -0.47507, 40.0409 ], [ -0.47393, 40.04142 ], [ -0.4729, 40.04117 ], [ -0.47253, 40.04164 ], [ -0.47078, 40.04201 ], [ -0.46945, 40.04277 ], [ -0.46787, 40.04228 ], [ -0.46664, 40.04248 ], [ -0.4662, 40.04319 ], [ -0.46521, 40.04401 ], [ -0.46363, 40.04432 ], [ -0.46314, 40.04508 ], [ -0.46145, 40.04607 ], [ -0.46118, 40.04702 ], [ -0.46129, 40.04737 ], [ -0.46097, 40.04795 ], [ -0.46095, 40.04844 ], [ -0.46039, 40.04889 ], [ -0.45994, 40.04981 ], [ -0.45804, 40.05116 ], [ -0.45712, 40.05126 ], [ -0.45511, 40.05106 ], [ -0.45419, 40.05137 ], [ -0.45362, 40.05212 ], [ -0.45248, 40.05453 ], [ -0.45221, 40.05461 ], [ -0.45136, 40.05437 ], [ -0.45084, 40.05459 ], [ -0.45072, 40.05515 ], [ -0.45103, 40.05559 ], [ -0.44964, 40.05663 ], [ -0.44888, 40.05697 ], [ -0.44753, 40.0571 ], [ -0.44666, 40.05703 ], [ -0.44618, 40.05678 ], [ -0.44588, 40.05596 ], [ -0.4461, 40.0538 ], [ -0.44646, 40.05303 ], [ -0.44626, 40.0525 ], [ -0.44408, 40.05208 ], [ -0.44327, 40.05224 ], [ -0.44214, 40.05363 ], [ -0.44148, 40.05372 ], [ -0.44109, 40.05417 ], [ -0.44116, 40.05468 ], [ -0.44094, 40.05518 ], [ -0.44125, 40.05665 ], [ -0.44122, 40.05785 ], [ -0.4409, 40.05842 ], [ -0.43769, 40.0578 ], [ -0.43641, 40.0579 ], [ -0.4344, 40.05709 ], [ -0.43283, 40.05705 ], [ -0.43091, 40.05735 ], [ -0.43075, 40.05755 ], [ -0.43079, 40.05862 ], [ -0.43149, 40.05994 ], [ -0.43153, 40.06032 ], [ -0.43102, 40.06063 ], [ -0.42966, 40.0608 ], [ -0.42803, 40.06022 ], [ -0.42541, 40.05844 ], [ -0.42325, 40.05886 ], [ -0.42276, 40.05881 ], [ -0.42092, 40.05806 ], [ -0.41939, 40.05859 ], [ -0.41648, 40.05923 ], [ -0.41544, 40.05911 ], [ -0.41496, 40.05848 ], [ -0.41415, 40.05835 ], [ -0.41348, 40.05887 ], [ -0.41309, 40.05957 ], [ -0.41256, 40.05964 ], [ -0.41228, 40.05951 ], [ -0.4102, 40.05659 ], [ -0.4092, 40.05609 ], [ -0.40862, 40.05531 ], [ -0.40783, 40.05501 ], [ -0.40605, 40.05489 ], [ -0.40572, 40.05472 ], [ -0.40583, 40.05454 ], [ -0.40547, 40.05381 ], [ -0.4055, 40.05355 ], [ -0.40482, 40.05303 ], [ -0.40401, 40.04989 ], [ -0.40363, 40.04948 ], [ -0.40015, 40.04814 ], [ -0.39945, 40.04748 ], [ -0.39728, 40.04675 ], [ -0.39635, 40.04659 ], [ -0.39413, 40.04657 ], [ -0.39269, 40.04621 ], [ -0.39121, 40.04548 ], [ -0.39006, 40.04442 ], [ -0.38983, 40.04439 ], [ -0.38895, 40.0448 ], [ -0.38834, 40.04453 ], [ -0.38792, 40.04417 ], [ -0.38774, 40.04373 ], [ -0.38678, 40.04305 ], [ -0.38517, 40.042 ], [ -0.38471, 40.04186 ], [ -0.38422, 40.0418 ], [ -0.38292, 40.04215 ], [ -0.38103, 40.04189 ], [ -0.37191, 40.04149 ], [ -0.37102, 40.04134 ], [ -0.37024, 40.04099 ], [ -0.36965, 40.04048 ], [ -0.3688, 40.03901 ], [ -0.36808, 40.03816 ], [ -0.36752, 40.03665 ], [ -0.36772, 40.0361 ], [ -0.36765, 40.03483 ], [ -0.36798, 40.03356 ], [ -0.36817, 40.03322 ], [ -0.36919, 40.03269 ], [ -0.36986, 40.03206 ], [ -0.36888, 40.03157 ], [ -0.36583, 40.03214 ], [ -0.36504, 40.03205 ], [ -0.36431, 40.03174 ], [ -0.36189, 40.02929 ], [ -0.36092, 40.02874 ], [ -0.36054, 40.02829 ], [ -0.36029, 40.02757 ], [ -0.35976, 40.02719 ], [ -0.35956, 40.02659 ], [ -0.35954, 40.02567 ], [ -0.35973, 40.0253 ], [ -0.36123, 40.02452 ], [ -0.36426, 40.02357 ], [ -0.36451, 40.0231 ], [ -0.36435, 40.02266 ], [ -0.36379, 40.02243 ], [ -0.36088, 40.02324 ], [ -0.35936, 40.02331 ], [ -0.35797, 40.02287 ], [ -0.35556, 40.02149 ], [ -0.35363, 40.02157 ], [ -0.3528, 40.02141 ], [ -0.35173, 40.02081 ], [ -0.35072, 40.01972 ], [ -0.34992, 40.01814 ], [ -0.34955, 40.01679 ], [ -0.34975, 40.01624 ], [ -0.35112, 40.01493 ], [ -0.35181, 40.01394 ], [ -0.35326, 40.01112 ], [ -0.35338, 40.01038 ], [ -0.35329, 40.00963 ], [ -0.35198, 40.0069 ], [ -0.35198, 40.00622 ], [ -0.35246, 40.00533 ], [ -0.35358, 40.00452 ], [ -0.35625, 40.00395 ], [ -0.35763, 40.00344 ], [ -0.35976, 40.0021 ], [ -0.36098, 40.00107 ], [ -0.36511, 39.99865 ], [ -0.36661, 39.99862 ], [ -0.36858, 39.99919 ], [ -0.37151, 39.99959 ], [ -0.37349, 40.00033 ], [ -0.37441, 40.00141 ], [ -0.37571, 40.00195 ], [ -0.37825, 40.00242 ], [ -0.37965, 40.00198 ], [ -0.38005, 40.00249 ], [ -0.38022, 40.0034 ], [ -0.38041, 40.0036 ], [ -0.38075, 40.00367 ], [ -0.38135, 40.00335 ], [ -0.38226, 40.00357 ], [ -0.38332, 40.00481 ], [ -0.38483, 40.00523 ], [ -0.38507, 40.00573 ], [ -0.38542, 40.00593 ], [ -0.38587, 40.00586 ], [ -0.38724, 40.00513 ], [ -0.38811, 40.00455 ], [ -0.38833, 40.00402 ], [ -0.38959, 40.00347 ], [ -0.38936, 40.00294 ], [ -0.38888, 40.00272 ], [ -0.38533, 40.00284 ], [ -0.38432, 40.00231 ], [ -0.38331, 40.00038 ], [ -0.38188, 39.99856 ], [ -0.38093, 39.99666 ], [ -0.37922, 39.99565 ], [ -0.37688, 39.99241 ], [ -0.37652, 39.99163 ], [ -0.37635, 39.99075 ], [ -0.37644, 39.98971 ], [ -0.37675, 39.98944 ], [ -0.37615, 39.9892 ], [ -0.37599, 39.98869 ], [ -0.3757, 39.98856 ], [ -0.37511, 39.9875 ], [ -0.37478, 39.98745 ], [ -0.3743, 39.98765 ], [ -0.37403, 39.98865 ], [ -0.37349, 39.9894 ], [ -0.37261, 39.99 ], [ -0.3678, 39.99201 ], [ -0.36695, 39.99209 ], [ -0.36612, 39.9919 ], [ -0.36514, 39.99121 ], [ -0.36429, 39.99013 ], [ -0.36427, 39.98952 ], [ -0.36524, 39.98778 ], [ -0.36535, 39.98717 ], [ -0.36523, 39.98565 ], [ -0.36566, 39.98508 ], [ -0.36585, 39.98434 ], [ -0.36535, 39.98396 ], [ -0.36547, 39.98311 ], [ -0.36488, 39.98268 ], [ -0.36467, 39.98228 ], [ -0.36478, 39.98192 ], [ -0.36572, 39.9807 ], [ -0.36517, 39.9798 ], [ -0.36562, 39.97933 ], [ -0.36677, 39.97906 ], [ -0.36746, 39.97812 ], [ -0.36731, 39.97802 ], [ -0.36616, 39.97821 ], [ -0.36525, 39.97803 ], [ -0.36465, 39.97763 ], [ -0.36459, 39.97734 ], [ -0.36492, 39.97631 ], [ -0.36518, 39.97617 ], [ -0.36684, 39.97621 ], [ -0.36793, 39.97601 ], [ -0.36868, 39.97615 ], [ -0.37031, 39.97583 ], [ -0.37117, 39.97535 ], [ -0.37301, 39.97385 ], [ -0.37378, 39.97289 ], [ -0.37386, 39.972 ], [ -0.37312, 39.97143 ], [ -0.3727, 39.97058 ], [ -0.37257, 39.96987 ], [ -0.37273, 39.96917 ], [ -0.37323, 39.96848 ], [ -0.37502, 39.96764 ], [ -0.37591, 39.9678 ], [ -0.37712, 39.96854 ], [ -0.37793, 39.96852 ], [ -0.37889, 39.96799 ], [ -0.37888, 39.96766 ], [ -0.37742, 39.96701 ], [ -0.37728, 39.96679 ], [ -0.37803, 39.96659 ], [ -0.37885, 39.96664 ], [ -0.38176, 39.96541 ], [ -0.3835, 39.96587 ], [ -0.38367, 39.96609 ], [ -0.38364, 39.96689 ], [ -0.3839, 39.96721 ], [ -0.38556, 39.96776 ], [ -0.38681, 39.96739 ], [ -0.38774, 39.96753 ], [ -0.38931, 39.9675 ], [ -0.3901, 39.96866 ], [ -0.39048, 39.96874 ], [ -0.39144, 39.96781 ], [ -0.39229, 39.96781 ], [ -0.39265, 39.96837 ], [ -0.3932, 39.96866 ], [ -0.39388, 39.96973 ], [ -0.39443, 39.97018 ], [ -0.39481, 39.9701 ], [ -0.39675, 39.96945 ], [ -0.39736, 39.9686 ], [ -0.39835, 39.96812 ], [ -0.39866, 39.96788 ], [ -0.39867, 39.9677 ], [ -0.39945, 39.96717 ], [ -0.39975, 39.9671 ], [ -0.40064, 39.96737 ], [ -0.40082, 39.96715 ], [ -0.4004, 39.96598 ], [ -0.39954, 39.96608 ], [ -0.39903, 39.96591 ], [ -0.39882, 39.96539 ], [ -0.39848, 39.96509 ], [ -0.39857, 39.96488 ], [ -0.39825, 39.96454 ], [ -0.3983, 39.96429 ], [ -0.39921, 39.96415 ], [ -0.40039, 39.96442 ], [ -0.40113, 39.96431 ], [ -0.40135, 39.96408 ], [ -0.40125, 39.96366 ], [ -0.40075, 39.96306 ], [ -0.40086, 39.96277 ], [ -0.40066, 39.96204 ], [ -0.40071, 39.96135 ], [ -0.40158, 39.96095 ], [ -0.40186, 39.96056 ], [ -0.40363, 39.9602 ], [ -0.40529, 39.96032 ], [ -0.40897, 39.96262 ], [ -0.41246, 39.96377 ], [ -0.41674, 39.96422 ], [ -0.41868, 39.9641 ], [ -0.42107, 39.96362 ], [ -0.42233, 39.96356 ], [ -0.42499, 39.964 ], [ -0.42727, 39.96488 ], [ -0.42762, 39.96468 ], [ -0.42833, 39.96363 ], [ -0.42864, 39.96342 ], [ -0.4301, 39.96309 ], [ -0.43133, 39.96257 ], [ -0.43189, 39.96257 ], [ -0.43412, 39.96327 ], [ -0.43711, 39.96273 ], [ -0.44049, 39.96275 ], [ -0.44162, 39.96234 ], [ -0.44211, 39.96164 ], [ -0.44353, 39.96152 ], [ -0.44498, 39.96171 ], [ -0.4462, 39.96128 ], [ -0.44756, 39.96147 ], [ -0.44797, 39.96115 ], [ -0.44848, 39.96104 ], [ -0.44979, 39.96152 ], [ -0.45152, 39.96135 ], [ -0.45218, 39.96163 ], [ -0.45327, 39.96262 ], [ -0.45513, 39.9636 ], [ -0.45592, 39.96463 ], [ -0.45618, 39.96631 ], [ -0.45694, 39.9671 ], [ -0.45719, 39.96759 ], [ -0.45697, 39.97011 ], [ -0.45641, 39.97106 ], [ -0.45424, 39.9727 ], [ -0.45399, 39.97328 ], [ -0.45423, 39.97355 ], [ -0.45522, 39.9737 ], [ -0.45572, 39.97344 ], [ -0.45612, 39.97343 ], [ -0.45686, 39.97272 ], [ -0.45768, 39.97233 ], [ -0.45864, 39.9716 ], [ -0.46003, 39.97022 ], [ -0.46053, 39.97001 ], [ -0.46199, 39.96948 ], [ -0.46362, 39.96986 ], [ -0.46428, 39.97027 ], [ -0.46447, 39.97076 ], [ -0.46425, 39.97273 ], [ -0.46356, 39.97404 ], [ -0.46359, 39.97457 ], [ -0.46457, 39.97539 ], [ -0.46748, 39.97681 ], [ -0.46889, 39.97829 ], [ -0.47105, 39.97893 ], [ -0.47251, 39.97984 ], [ -0.47334, 39.98004 ], [ -0.47591, 39.97939 ], [ -0.4759, 39.9787 ], [ -0.47644, 39.97831 ], [ -0.47743, 39.97814 ], [ -0.47857, 39.97827 ], [ -0.48042, 39.97929 ], [ -0.48258, 39.97973 ], [ -0.48268, 39.98012 ], [ -0.48247, 39.98127 ], [ -0.4826, 39.98207 ], [ -0.48312, 39.98268 ], [ -0.48368, 39.98283 ], [ -0.48425, 39.98269 ], [ -0.48469, 39.98231 ], [ -0.48489, 39.98178 ], [ -0.48503, 39.98035 ], [ -0.48564, 39.97967 ], [ -0.48742, 39.97877 ], [ -0.49039, 39.97804 ], [ -0.49215, 39.97829 ], [ -0.49296, 39.97813 ], [ -0.49313, 39.97876 ], [ -0.49338, 39.97876 ], [ -0.49366, 39.9785 ], [ -0.49553, 39.97915 ], [ -0.49641, 39.9797 ], [ -0.49787, 39.97973 ], [ -0.49816, 39.98013 ], [ -0.49914, 39.9798 ], [ -0.4998, 39.97978 ], [ -0.50031, 39.97951 ], [ -0.50061, 39.97907 ], [ -0.50125, 39.97889 ], [ -0.50153, 39.97899 ], [ -0.50269, 39.98019 ], [ -0.50336, 39.98147 ], [ -0.50289, 39.98297 ], [ -0.50231, 39.98338 ], [ -0.50075, 39.98375 ], [ -0.49975, 39.98373 ], [ -0.49989, 39.98465 ], [ -0.50105, 39.98493 ], [ -0.50153, 39.98522 ], [ -0.50164, 39.98676 ], [ -0.50153, 39.9879 ], [ -0.50161, 39.98822 ], [ -0.50186, 39.98842 ], [ -0.50227, 39.98838 ], [ -0.50265, 39.988 ], [ -0.50289, 39.98674 ], [ -0.50319, 39.98617 ], [ -0.50367, 39.98568 ], [ -0.50536, 39.98455 ], [ -0.50661, 39.98279 ], [ -0.50666, 39.9824 ], [ -0.50589, 39.98144 ], [ -0.50563, 39.98081 ], [ -0.50511, 39.98056 ], [ -0.5047, 39.9806 ], [ -0.50464, 39.9803 ], [ -0.505, 39.98015 ], [ -0.50584, 39.98044 ], [ -0.50584, 39.98024 ], [ -0.50544, 39.97974 ], [ -0.50577, 39.97933 ], [ -0.50704, 39.98013 ], [ -0.50776, 39.97986 ], [ -0.50792, 39.97849 ], [ -0.50894, 39.97751 ], [ -0.50903, 39.9768 ], [ -0.50964, 39.97613 ], [ -0.50989, 39.97609 ], [ -0.51075, 39.97645 ], [ -0.51161, 39.97709 ], [ -0.51176, 39.97765 ], [ -0.5122, 39.97724 ], [ -0.51241, 39.97723 ], [ -0.5131, 39.97759 ], [ -0.51372, 39.97704 ], [ -0.51418, 39.97685 ], [ -0.51503, 39.97672 ], [ -0.51954, 39.97533 ], [ -0.5203, 39.97533 ], [ -0.52219, 39.97576 ], [ -0.52339, 39.97575 ], [ -0.52417, 39.97562 ], [ -0.52597, 39.97482 ], [ -0.52747, 39.97465 ], [ -0.52814, 39.97484 ], [ -0.52958, 39.97609 ], [ -0.53017, 39.97638 ], [ -0.53237, 39.97681 ], [ -0.53432, 39.97754 ], [ -0.53638, 39.97763 ], [ -0.53701, 39.9779 ], [ -0.53771, 39.97846 ], [ -0.53857, 39.97869 ], [ -0.54155, 39.97835 ], [ -0.54568, 39.97704 ], [ -0.55032, 39.97693 ], [ -0.55105, 39.97666 ], [ -0.55257, 39.97541 ], [ -0.55393, 39.97503 ], [ -0.55462, 39.97539 ], [ -0.55457, 39.97782 ], [ -0.55561, 39.97963 ], [ -0.55641, 39.98033 ], [ -0.55707, 39.98064 ], [ -0.55963, 39.98086 ], [ -0.56042, 39.98117 ], [ -0.56069, 39.98162 ], [ -0.56062, 39.98341 ], [ -0.56076, 39.98425 ], [ -0.56123, 39.98491 ], [ -0.56215, 39.98521 ], [ -0.5647, 39.98502 ], [ -0.56582, 39.98478 ], [ -0.56685, 39.98444 ], [ -0.56766, 39.98397 ], [ -0.56821, 39.9831 ], [ -0.56834, 39.98121 ], [ -0.56876, 39.97966 ], [ -0.56991, 39.97726 ], [ -0.57032, 39.97689 ], [ -0.57222, 39.97596 ], [ -0.57319, 39.97609 ], [ -0.57379, 39.9764 ], [ -0.57415, 39.97686 ], [ -0.57437, 39.97903 ], [ -0.57495, 39.97944 ], [ -0.57607, 39.97948 ], [ -0.57647, 39.97963 ], [ -0.57696, 39.98077 ], [ -0.57728, 39.98107 ], [ -0.57846, 39.98129 ], [ -0.58189, 39.98113 ], [ -0.58249, 39.98137 ], [ -0.58279, 39.98182 ], [ -0.58264, 39.98212 ], [ -0.58197, 39.98265 ], [ -0.58179, 39.9831 ], [ -0.58218, 39.9848 ], [ -0.58217, 39.98554 ], [ -0.58181, 39.98636 ], [ -0.58169, 39.98759 ], [ -0.5822, 39.9899 ], [ -0.58205, 39.99104 ], [ -0.58163, 39.99203 ], [ -0.5813, 39.99225 ], [ -0.58036, 39.99247 ], [ -0.57987, 39.99317 ], [ -0.57989, 39.99356 ], [ -0.58056, 39.99468 ], [ -0.58126, 39.99494 ], [ -0.58244, 39.99464 ], [ -0.58308, 39.99395 ], [ -0.58339, 39.9928 ], [ -0.58381, 39.99249 ], [ -0.58433, 39.99251 ], [ -0.58615, 39.99386 ], [ -0.58802, 39.99434 ], [ -0.58894, 39.99418 ], [ -0.58948, 39.99431 ], [ -0.58972, 39.99464 ], [ -0.58943, 39.99556 ], [ -0.58962, 39.99587 ], [ -0.59005, 39.99611 ], [ -0.59231, 39.99686 ], [ -0.59468, 39.9971 ], [ -0.59668, 39.99802 ], [ -0.59699, 39.99827 ], [ -0.59704, 39.99855 ], [ -0.59627, 39.9992 ], [ -0.59668, 40.00073 ], [ -0.59632, 40.00163 ], [ -0.59629, 40.00212 ], [ -0.59713, 40.00228 ], [ -0.59744, 40.00267 ], [ -0.59552, 40.00353 ], [ -0.5954, 40.00366 ], [ -0.59549, 40.00399 ], [ -0.59625, 40.00432 ], [ -0.59844, 40.00453 ], [ -0.59976, 40.00519 ], [ -0.60041, 40.00587 ], [ -0.60078, 40.00685 ], [ -0.60124, 40.00746 ], [ -0.60419, 40.00935 ], [ -0.60532, 40.01032 ], [ -0.60577, 40.0105 ], [ -0.60676, 40.01055 ], [ -0.60736, 40.01087 ], [ -0.60767, 40.01076 ], [ -0.60768, 40.01041 ], [ -0.60625, 40.00937 ], [ -0.6055, 40.00905 ], [ -0.60434, 40.00763 ], [ -0.60412, 40.00683 ], [ -0.6038, 40.00658 ], [ -0.60376, 40.00613 ], [ -0.60297, 40.00569 ], [ -0.60238, 40.00513 ], [ -0.60219, 40.00444 ], [ -0.6025, 40.00301 ], [ -0.6027, 40.00245 ], [ -0.60364, 40.00133 ], [ -0.60378, 40.00109 ], [ -0.60369, 40.00086 ], [ -0.60409, 40.00046 ], [ -0.60417, 39.99931 ], [ -0.60387, 39.99835 ], [ -0.60291, 39.99724 ], [ -0.60269, 39.99676 ], [ -0.60187, 39.99649 ], [ -0.60126, 39.99587 ], [ -0.60122, 39.99532 ], [ -0.60136, 39.99505 ], [ -0.60227, 39.99456 ], [ -0.60459, 39.99439 ], [ -0.60608, 39.99468 ], [ -0.60803, 39.99542 ], [ -0.60868, 39.99545 ], [ -0.60929, 39.9953 ], [ -0.61121, 39.9942 ], [ -0.6124, 39.99392 ], [ -0.61319, 39.99421 ], [ -0.61398, 39.99516 ], [ -0.61491, 39.99519 ], [ -0.616, 39.99434 ], [ -0.61752, 39.99411 ], [ -0.61776, 39.9937 ], [ -0.61781, 39.99237 ], [ -0.61806, 39.9919 ], [ -0.62099, 39.98953 ], [ -0.62313, 39.98741 ], [ -0.62391, 39.98727 ], [ -0.62538, 39.9876 ], [ -0.62597, 39.98784 ], [ -0.62718, 39.9887 ], [ -0.6294, 39.98977 ], [ -0.63028, 39.99084 ], [ -0.63116, 39.99279 ], [ -0.63174, 39.99342 ], [ -0.63567, 39.99551 ], [ -0.6365, 39.9963 ], [ -0.63741, 39.99774 ], [ -0.63891, 39.99819 ], [ -0.63961, 39.99872 ], [ -0.63968, 39.99918 ], [ -0.6392, 39.99995 ], [ -0.64029, 40.00095 ], [ -0.63988, 40.00193 ], [ -0.64128, 40.00287 ], [ -0.64147, 40.00347 ], [ -0.64109, 40.00374 ], [ -0.6403, 40.00378 ], [ -0.63693, 40.0028 ], [ -0.63577, 40.00272 ], [ -0.6342, 40.00293 ], [ -0.63272, 40.00352 ], [ -0.63253, 40.00383 ], [ -0.6327, 40.00411 ], [ -0.63487, 40.0049 ], [ -0.63585, 40.00558 ], [ -0.63614, 40.00595 ], [ -0.63604, 40.0065 ], [ -0.63518, 40.00667 ], [ -0.63286, 40.00563 ], [ -0.63223, 40.00567 ], [ -0.63103, 40.00618 ], [ -0.63032, 40.00708 ], [ -0.63028, 40.0077 ], [ -0.63067, 40.00825 ], [ -0.63172, 40.00885 ], [ -0.63206, 40.00953 ], [ -0.63194, 40.00973 ], [ -0.63122, 40.00994 ], [ -0.6306, 40.00977 ], [ -0.62891, 40.00884 ], [ -0.62857, 40.00842 ], [ -0.62836, 40.00779 ], [ -0.62805, 40.00751 ], [ -0.62759, 40.00746 ], [ -0.62718, 40.00763 ], [ -0.62683, 40.00747 ], [ -0.62712, 40.00719 ], [ -0.62633, 40.00591 ], [ -0.62608, 40.00519 ], [ -0.62629, 40.00403 ], [ -0.62604, 40.00278 ], [ -0.62554, 40.00277 ], [ -0.62493, 40.00516 ], [ -0.62501, 40.0056 ], [ -0.62542, 40.00621 ], [ -0.62542, 40.00666 ], [ -0.62505, 40.00706 ], [ -0.62418, 40.00751 ], [ -0.62446, 40.0081 ], [ -0.62444, 40.00857 ], [ -0.62339, 40.00917 ], [ -0.62325, 40.00966 ], [ -0.6237, 40.00969 ], [ -0.62475, 40.00927 ], [ -0.62587, 40.00846 ], [ -0.62644, 40.00772 ], [ -0.62701, 40.00797 ], [ -0.62753, 40.00968 ], [ -0.62745, 40.01 ], [ -0.62664, 40.01069 ], [ -0.62732, 40.01112 ], [ -0.62731, 40.01229 ], [ -0.62757, 40.01271 ], [ -0.62778, 40.01377 ], [ -0.62834, 40.01443 ], [ -0.62978, 40.0154 ], [ -0.63035, 40.01717 ], [ -0.63107, 40.0182 ], [ -0.63184, 40.01881 ], [ -0.63368, 40.0193 ], [ -0.63434, 40.01924 ], [ -0.63612, 40.01871 ], [ -0.64121, 40.02046 ], [ -0.64215, 40.02125 ], [ -0.64221, 40.02202 ], [ -0.64192, 40.02255 ] ], [ [ -0.44675, 39.99054 ], [ -0.44861, 39.9905 ], [ -0.44942, 39.99033 ], [ -0.45107, 39.98977 ], [ -0.45133, 39.98938 ], [ -0.45092, 39.98902 ], [ -0.44881, 39.98818 ], [ -0.4485, 39.98784 ], [ -0.44843, 39.98744 ], [ -0.44863, 39.98679 ], [ -0.44888, 39.98656 ], [ -0.44885, 39.98623 ], [ -0.44844, 39.98588 ], [ -0.4468, 39.98538 ], [ -0.44432, 39.98532 ], [ -0.44251, 39.98604 ], [ -0.44211, 39.98606 ], [ -0.44043, 39.98513 ], [ -0.43982, 39.98516 ], [ -0.43783, 39.98393 ], [ -0.43685, 39.98375 ], [ -0.43659, 39.984 ], [ -0.43651, 39.98608 ], [ -0.43406, 39.98714 ], [ -0.43413, 39.98753 ], [ -0.43458, 39.9879 ], [ -0.43434, 39.98864 ], [ -0.43634, 39.98937 ], [ -0.43654, 39.98967 ], [ -0.43657, 39.98999 ], [ -0.43604, 39.99063 ], [ -0.43611, 39.99102 ], [ -0.43661, 39.99126 ], [ -0.43746, 39.99122 ], [ -0.43788, 39.99136 ], [ -0.43906, 39.99225 ], [ -0.43906, 39.99282 ], [ -0.43859, 39.99334 ], [ -0.43876, 39.99348 ], [ -0.43943, 39.99365 ], [ -0.44083, 39.9936 ], [ -0.44265, 39.99288 ], [ -0.44316, 39.99204 ], [ -0.44429, 39.99129 ], [ -0.44675, 39.99054 ] ], [ [ -0.57027, 39.98917 ], [ -0.57077, 39.98857 ], [ -0.57079, 39.98811 ], [ -0.5705, 39.98769 ], [ -0.56999, 39.98736 ], [ -0.56761, 39.98606 ], [ -0.56658, 39.98589 ], [ -0.56475, 39.98613 ], [ -0.56433, 39.9864 ], [ -0.56449, 39.98722 ], [ -0.56551, 39.98865 ], [ -0.5656, 39.98908 ], [ -0.56526, 39.98943 ], [ -0.5642, 39.98931 ], [ -0.56375, 39.9897 ], [ -0.56454, 39.99168 ], [ -0.56443, 39.99217 ], [ -0.56397, 39.99248 ], [ -0.56225, 39.99269 ], [ -0.56091, 39.99323 ], [ -0.5597, 39.9943 ], [ -0.55964, 39.99497 ], [ -0.55999, 39.99522 ], [ -0.56115, 39.99526 ], [ -0.56181, 39.99552 ], [ -0.56219, 39.99605 ], [ -0.56248, 39.99733 ], [ -0.56279, 39.99794 ], [ -0.56334, 39.99834 ], [ -0.564, 39.99846 ], [ -0.5649, 39.99819 ], [ -0.56571, 39.99771 ], [ -0.567, 39.9964 ], [ -0.56811, 39.9943 ], [ -0.56978, 39.99289 ], [ -0.5724, 39.99257 ], [ -0.57305, 39.9926 ], [ -0.57449, 39.99326 ], [ -0.57519, 39.99306 ], [ -0.57533, 39.99256 ], [ -0.57487, 39.99191 ], [ -0.57458, 39.99095 ], [ -0.57413, 39.99077 ], [ -0.57279, 39.99098 ], [ -0.57209, 39.99091 ], [ -0.5717, 39.99057 ], [ -0.57137, 39.98944 ], [ -0.57042, 39.98937 ], [ -0.57027, 39.98917 ] ], [ [ -0.41677, 40.01748 ], [ -0.41615, 40.01759 ], [ -0.41587, 40.01806 ], [ -0.41617, 40.01879 ], [ -0.41652, 40.01897 ], [ -0.41651, 40.01928 ], [ -0.41486, 40.02034 ], [ -0.41559, 40.02101 ], [ -0.41577, 40.02147 ], [ -0.41647, 40.02183 ], [ -0.41656, 40.02221 ], [ -0.41564, 40.02324 ], [ -0.41487, 40.0237 ], [ -0.4144, 40.02487 ], [ -0.41461, 40.02506 ], [ -0.41537, 40.02532 ], [ -0.41612, 40.02531 ], [ -0.4176, 40.02476 ], [ -0.41791, 40.02517 ], [ -0.41738, 40.02565 ], [ -0.41753, 40.02587 ], [ -0.41815, 40.02593 ], [ -0.42021, 40.02562 ], [ -0.42186, 40.02506 ], [ -0.42363, 40.02407 ], [ -0.42437, 40.02329 ], [ -0.42472, 40.02259 ], [ -0.42477, 40.02212 ], [ -0.42534, 40.02183 ], [ -0.42535, 40.02165 ], [ -0.42443, 40.02101 ], [ -0.42399, 40.02132 ], [ -0.42241, 40.02081 ], [ -0.42143, 40.01994 ], [ -0.4207, 40.01952 ], [ -0.41967, 40.0193 ], [ -0.41851, 40.01872 ], [ -0.41677, 40.01748 ] ], [ [ -0.61035, 40.01245 ], [ -0.60951, 40.01237 ], [ -0.60927, 40.01264 ], [ -0.60847, 40.01264 ], [ -0.60799, 40.01317 ], [ -0.60768, 40.0138 ], [ -0.60733, 40.01393 ], [ -0.60717, 40.01449 ], [ -0.60687, 40.01473 ], [ -0.60693, 40.01528 ], [ -0.60662, 40.01568 ], [ -0.60598, 40.01587 ], [ -0.60541, 40.0166 ], [ -0.6052, 40.01714 ], [ -0.60488, 40.01721 ], [ -0.60516, 40.01742 ], [ -0.60559, 40.01872 ], [ -0.60621, 40.01895 ], [ -0.60664, 40.01894 ], [ -0.60683, 40.01857 ], [ -0.60663, 40.01774 ], [ -0.60711, 40.01731 ], [ -0.60772, 40.01494 ], [ -0.60843, 40.014 ], [ -0.61009, 40.01408 ], [ -0.61035, 40.01432 ], [ -0.6109, 40.01428 ], [ -0.61124, 40.01403 ], [ -0.61121, 40.01361 ], [ -0.61095, 40.01347 ], [ -0.61123, 40.01318 ], [ -0.61214, 40.01299 ], [ -0.61224, 40.01259 ], [ -0.61192, 40.01224 ], [ -0.61129, 40.01217 ], [ -0.61035, 40.01245 ] ] ], [ [ [ -0.31307, 40.02072 ], [ -0.31309, 40.02027 ], [ -0.31368, 40.02028 ], [ -0.31366, 40.02073 ], [ -0.31307, 40.02072 ] ] ], [ [ [ -0.26294, 39.7634 ], [ -0.26332, 39.76419 ], [ -0.26258, 39.76437 ], [ -0.2624, 39.76458 ], [ -0.26187, 39.76442 ], [ -0.26176, 39.7646 ], [ -0.26215, 39.7649 ], [ -0.26223, 39.76527 ], [ -0.26176, 39.76523 ], [ -0.26129, 39.76609 ], [ -0.26077, 39.76619 ], [ -0.26087, 39.76669 ], [ -0.26022, 39.76668 ], [ -0.26038, 39.76591 ], [ -0.26079, 39.76582 ], [ -0.26061, 39.76508 ], [ -0.26083, 39.76496 ], [ -0.26052, 39.76489 ], [ -0.26051, 39.76469 ], [ -0.26117, 39.76445 ], [ -0.26134, 39.76405 ], [ -0.26101, 39.7638 ], [ -0.26067, 39.76309 ], [ -0.26116, 39.76281 ], [ -0.26207, 39.76316 ], [ -0.26222, 39.76265 ], [ -0.26204, 39.76247 ], [ -0.26224, 39.76238 ], [ -0.26267, 39.76261 ], [ -0.263, 39.76302 ], [ -0.26294, 39.7634 ] ] ], [ [ [ -0.25875, 39.80875 ], [ -0.25745, 39.80825 ], [ -0.25738, 39.80816 ], [ -0.25763, 39.8082 ], [ -0.25764, 39.80803 ], [ -0.25707, 39.80766 ], [ -0.25705, 39.8075 ], [ -0.25766, 39.80762 ], [ -0.25793, 39.80751 ], [ -0.25783, 39.80732 ], [ -0.258, 39.80715 ], [ -0.25829, 39.80729 ], [ -0.25891, 39.80723 ], [ -0.25842, 39.80747 ], [ -0.25839, 39.80769 ], [ -0.25893, 39.80802 ], [ -0.25835, 39.80813 ], [ -0.25938, 39.80864 ], [ -0.25875, 39.80875 ] ] ], [ [ [ -0.2544, 39.89268 ], [ -0.25381, 39.89266 ], [ -0.25383, 39.89221 ], [ -0.25442, 39.89223 ], [ -0.2544, 39.89268 ] ] ], [ [ [ -0.25809, 39.89725 ], [ -0.25753, 39.89739 ], [ -0.25679, 39.89698 ], [ -0.25735, 39.89704 ], [ -0.25748, 39.89676 ], [ -0.25631, 39.89646 ], [ -0.25559, 39.8967 ], [ -0.25539, 39.8964 ], [ -0.25548, 39.89586 ], [ -0.25605, 39.89605 ], [ -0.25616, 39.89587 ], [ -0.25575, 39.89563 ], [ -0.25429, 39.89513 ], [ -0.25414, 39.89531 ], [ -0.25421, 39.89548 ], [ -0.25344, 39.8956 ], [ -0.25326, 39.89529 ], [ -0.25342, 39.89503 ], [ -0.25316, 39.89482 ], [ -0.25291, 39.89477 ], [ -0.25282, 39.89501 ], [ -0.2526, 39.89492 ], [ -0.25258, 39.89505 ], [ -0.25235, 39.89505 ], [ -0.25241, 39.89489 ], [ -0.25219, 39.89471 ], [ -0.25169, 39.89452 ], [ -0.25153, 39.89464 ], [ -0.25126, 39.89424 ], [ -0.25084, 39.89404 ], [ -0.25172, 39.89412 ], [ -0.25167, 39.89401 ], [ -0.25237, 39.89347 ], [ -0.25242, 39.89331 ], [ -0.25207, 39.89312 ], [ -0.25272, 39.89311 ], [ -0.25446, 39.89378 ], [ -0.25549, 39.89377 ], [ -0.25602, 39.89395 ], [ -0.25608, 39.89425 ], [ -0.25714, 39.89439 ], [ -0.25718, 39.89476 ], [ -0.25739, 39.8949 ], [ -0.25757, 39.8948 ], [ -0.25835, 39.89491 ], [ -0.2583, 39.89501 ], [ -0.25796, 39.89494 ], [ -0.25777, 39.89525 ], [ -0.25835, 39.89549 ], [ -0.25899, 39.89601 ], [ -0.25932, 39.89699 ], [ -0.25917, 39.89745 ], [ -0.25875, 39.89749 ], [ -0.25809, 39.89725 ] ] ], [ [ [ -0.26313, 39.96461 ], [ -0.26311, 39.96506 ], [ -0.26253, 39.96505 ], [ -0.26255, 39.9646 ], [ -0.26313, 39.96461 ] ] ], [ [ [ -0.20453, 39.76949 ], [ -0.20451, 39.76994 ], [ -0.20393, 39.76993 ], [ -0.20395, 39.76948 ], [ -0.20453, 39.76949 ] ] ], [ [ [ -0.18537, 39.78373 ], [ -0.18539, 39.78328 ], [ -0.18597, 39.78329 ], [ -0.18595, 39.78374 ], [ -0.18537, 39.78373 ] ] ], [ [ [ -0.19905, 39.8044 ], [ -0.19943, 39.80472 ], [ -0.19927, 39.8047 ], [ -0.19863, 39.80532 ], [ -0.19792, 39.80509 ], [ -0.19742, 39.80541 ], [ -0.19703, 39.80503 ], [ -0.19702, 39.80414 ], [ -0.19799, 39.80392 ], [ -0.19815, 39.80341 ], [ -0.19912, 39.8036 ], [ -0.1992, 39.80396 ], [ -0.19905, 39.8044 ] ] ], [ [ [ -0.21898, 39.82569 ], [ -0.21856, 39.82593 ], [ -0.2181, 39.82577 ], [ -0.21858, 39.82539 ], [ -0.21891, 39.82534 ], [ -0.21923, 39.82499 ], [ -0.22015, 39.82505 ], [ -0.21975, 39.82575 ], [ -0.21898, 39.82569 ] ] ], [ [ [ -0.23073, 39.82584 ], [ -0.23075, 39.82539 ], [ -0.23133, 39.82541 ], [ -0.23131, 39.82586 ], [ -0.23073, 39.82584 ] ] ], [ [ [ -0.1828, 39.8597 ], [ -0.18278, 39.86015 ], [ -0.1822, 39.86014 ], [ -0.18222, 39.85969 ], [ -0.1828, 39.8597 ] ] ], [ [ [ -0.19662, 39.92897 ], [ -0.19664, 39.92852 ], [ -0.19723, 39.92854 ], [ -0.19721, 39.92899 ], [ -0.19662, 39.92897 ] ] ], [ [ [ -0.17885, 39.9806 ], [ -0.17896, 39.98041 ], [ -0.17872, 39.98016 ], [ -0.17756, 39.98051 ], [ -0.17719, 39.98039 ], [ -0.17692, 39.98012 ], [ -0.17715, 39.97976 ], [ -0.17709, 39.97961 ], [ -0.17876, 39.97952 ], [ -0.17921, 39.97974 ], [ -0.17896, 39.97992 ], [ -0.17903, 39.98002 ], [ -0.17944, 39.98032 ], [ -0.17975, 39.98022 ], [ -0.17976, 39.98046 ], [ -0.18012, 39.98062 ], [ -0.17934, 39.98085 ], [ -0.17885, 39.9806 ] ] ] ] } },
{ "type": "Feature", "properties": { "anyo": 1995 }, "geometry": { "type": "MultiPolygon", "coordinates": [ [ [ [ -0.35398, 39.76386 ], [ -0.35396, 39.76431 ], [ -0.35338, 39.7643 ], [ -0.35339, 39.76385 ], [ -0.35398, 39.76386 ] ] ], [ [ [ -0.40946, 39.80715 ], [ -0.40888, 39.80713 ], [ -0.4089, 39.80668 ], [ -0.40948, 39.8067 ], [ -0.40946, 39.80715 ] ] ], [ [ [ -0.3772, 39.85352 ], [ -0.37818, 39.85361 ], [ -0.37838, 39.85374 ], [ -0.37824, 39.85392 ], [ -0.37964, 39.85381 ], [ -0.37977, 39.85362 ], [ -0.37935, 39.85316 ], [ -0.37939, 39.85292 ], [ -0.37997, 39.85249 ], [ -0.37999, 39.85229 ], [ -0.38026, 39.85242 ], [ -0.38059, 39.85234 ], [ -0.38145, 39.85302 ], [ -0.38185, 39.85293 ], [ -0.3827, 39.85316 ], [ -0.38251, 39.85357 ], [ -0.3826, 39.85384 ], [ -0.38309, 39.85467 ], [ -0.38341, 39.85484 ], [ -0.3842, 39.85503 ], [ -0.38529, 39.85491 ], [ -0.38531, 39.85469 ], [ -0.38589, 39.85457 ], [ -0.38631, 39.8549 ], [ -0.38683, 39.85489 ], [ -0.38722, 39.85511 ], [ -0.38738, 39.85543 ], [ -0.38718, 39.85627 ], [ -0.38734, 39.85645 ], [ -0.38722, 39.85673 ], [ -0.38635, 39.85748 ], [ -0.38669, 39.85797 ], [ -0.38673, 39.85857 ], [ -0.38735, 39.85889 ], [ -0.38763, 39.85933 ], [ -0.38772, 39.86017 ], [ -0.38816, 39.86036 ], [ -0.38913, 39.85946 ], [ -0.39011, 39.85881 ], [ -0.39038, 39.85886 ], [ -0.39039, 39.85935 ], [ -0.39056, 39.85945 ], [ -0.39133, 39.85923 ], [ -0.39216, 39.85925 ], [ -0.39252, 39.85946 ], [ -0.39229, 39.85988 ], [ -0.39238, 39.86002 ], [ -0.3935, 39.86013 ], [ -0.39369, 39.86035 ], [ -0.39367, 39.86075 ], [ -0.39222, 39.86206 ], [ -0.39222, 39.86262 ], [ -0.39171, 39.86332 ], [ -0.39275, 39.86403 ], [ -0.39213, 39.8655 ], [ -0.39058, 39.86664 ], [ -0.39021, 39.86726 ], [ -0.38992, 39.86729 ], [ -0.38844, 39.86837 ], [ -0.38921, 39.8683 ], [ -0.39104, 39.86904 ], [ -0.3916, 39.86884 ], [ -0.39248, 39.86938 ], [ -0.39251, 39.86968 ], [ -0.39323, 39.87015 ], [ -0.39351, 39.8699 ], [ -0.39526, 39.87014 ], [ -0.39511, 39.87025 ], [ -0.39531, 39.87046 ], [ -0.39522, 39.87095 ], [ -0.39496, 39.87129 ], [ -0.39508, 39.87167 ], [ -0.39444, 39.87247 ], [ -0.3935, 39.87304 ], [ -0.39258, 39.87298 ], [ -0.39085, 39.87348 ], [ -0.38994, 39.87405 ], [ -0.38966, 39.87408 ], [ -0.38873, 39.87365 ], [ -0.38776, 39.87362 ], [ -0.38619, 39.87446 ], [ -0.38439, 39.87509 ], [ -0.38421, 39.87491 ], [ -0.3843, 39.87443 ], [ -0.38481, 39.87378 ], [ -0.3846, 39.87254 ], [ -0.38476, 39.87214 ], [ -0.38429, 39.87246 ], [ -0.38391, 39.87335 ], [ -0.3833, 39.87383 ], [ -0.38214, 39.87328 ], [ -0.38198, 39.87344 ], [ -0.38078, 39.87333 ], [ -0.38016, 39.87364 ], [ -0.37922, 39.87356 ], [ -0.37896, 39.87322 ], [ -0.37857, 39.87306 ], [ -0.37794, 39.87309 ], [ -0.37755, 39.87263 ], [ -0.3749, 39.87265 ], [ -0.37448, 39.87182 ], [ -0.37499, 39.87164 ], [ -0.37491, 39.87122 ], [ -0.3756, 39.8711 ], [ -0.37553, 39.87093 ], [ -0.37519, 39.87078 ], [ -0.37425, 39.87121 ], [ -0.37332, 39.87101 ], [ -0.37317, 39.87085 ], [ -0.37323, 39.87058 ], [ -0.3738, 39.87026 ], [ -0.3725, 39.8696 ], [ -0.37095, 39.8695 ], [ -0.36984, 39.86879 ], [ -0.36849, 39.8685 ], [ -0.36766, 39.86769 ], [ -0.36639, 39.86767 ], [ -0.36601, 39.86745 ], [ -0.36526, 39.86772 ], [ -0.36531, 39.86746 ], [ -0.36511, 39.86743 ], [ -0.36389, 39.86794 ], [ -0.36144, 39.86766 ], [ -0.36162, 39.86734 ], [ -0.36147, 39.86698 ], [ -0.36173, 39.86674 ], [ -0.36179, 39.86644 ], [ -0.36232, 39.86646 ], [ -0.36215, 39.86637 ], [ -0.36292, 39.86598 ], [ -0.36341, 39.86541 ], [ -0.36399, 39.86543 ], [ -0.36458, 39.86576 ], [ -0.36559, 39.86562 ], [ -0.36603, 39.86584 ], [ -0.36665, 39.86572 ], [ -0.36706, 39.86479 ], [ -0.36797, 39.86463 ], [ -0.36811, 39.86438 ], [ -0.36859, 39.86414 ], [ -0.36947, 39.86411 ], [ -0.3703, 39.86374 ], [ -0.37053, 39.86378 ], [ -0.37033, 39.8639 ], [ -0.3703, 39.86472 ], [ -0.37099, 39.86501 ], [ -0.37119, 39.86536 ], [ -0.37178, 39.8654 ], [ -0.37197, 39.86559 ], [ -0.37123, 39.8662 ], [ -0.3709, 39.86618 ], [ -0.37047, 39.86644 ], [ -0.37088, 39.86684 ], [ -0.3717, 39.86671 ], [ -0.37164, 39.86692 ], [ -0.37189, 39.86729 ], [ -0.37143, 39.86779 ], [ -0.37166, 39.86804 ], [ -0.37193, 39.868 ], [ -0.37213, 39.86749 ], [ -0.37249, 39.86726 ], [ -0.37354, 39.86703 ], [ -0.37387, 39.86718 ], [ -0.37391, 39.86795 ], [ -0.37445, 39.86837 ], [ -0.37492, 39.86827 ], [ -0.37495, 39.86812 ], [ -0.37454, 39.86769 ], [ -0.37453, 39.8675 ], [ -0.37476, 39.86737 ], [ -0.3754, 39.86745 ], [ -0.37567, 39.86787 ], [ -0.37656, 39.86781 ], [ -0.37688, 39.86746 ], [ -0.37748, 39.86724 ], [ -0.37832, 39.86644 ], [ -0.37871, 39.86548 ], [ -0.38029, 39.86564 ], [ -0.38137, 39.86654 ], [ -0.38175, 39.86656 ], [ -0.38221, 39.86617 ], [ -0.38186, 39.86596 ], [ -0.38182, 39.8655 ], [ -0.38157, 39.86532 ], [ -0.38059, 39.8651 ], [ -0.38012, 39.86475 ], [ -0.37912, 39.86475 ], [ -0.37858, 39.86454 ], [ -0.37856, 39.86397 ], [ -0.37836, 39.86363 ], [ -0.3776, 39.86319 ], [ -0.37748, 39.86242 ], [ -0.3767, 39.86176 ], [ -0.37672, 39.86128 ], [ -0.37644, 39.86049 ], [ -0.37572, 39.85995 ], [ -0.37512, 39.85938 ], [ -0.3748, 39.85883 ], [ -0.37423, 39.85841 ], [ -0.37382, 39.85845 ], [ -0.37382, 39.85874 ], [ -0.37411, 39.85894 ], [ -0.37451, 39.85967 ], [ -0.3744, 39.86021 ], [ -0.37381, 39.86024 ], [ -0.37216, 39.86117 ], [ -0.37139, 39.86086 ], [ -0.37095, 39.85984 ], [ -0.37108, 39.85864 ], [ -0.37145, 39.85836 ], [ -0.3699, 39.85712 ], [ -0.37021, 39.85676 ], [ -0.37022, 39.8563 ], [ -0.36968, 39.85571 ], [ -0.36969, 39.85467 ], [ -0.36954, 39.85457 ], [ -0.36924, 39.85451 ], [ -0.36908, 39.85482 ], [ -0.3688, 39.85486 ], [ -0.36692, 39.85453 ], [ -0.36644, 39.85498 ], [ -0.36658, 39.8551 ], [ -0.36624, 39.85546 ], [ -0.36551, 39.85545 ], [ -0.36535, 39.85563 ], [ -0.36518, 39.85595 ], [ -0.36521, 39.85645 ], [ -0.36499, 39.85638 ], [ -0.36468, 39.85661 ], [ -0.36462, 39.85642 ], [ -0.36427, 39.85629 ], [ -0.36414, 39.85654 ], [ -0.36346, 39.85685 ], [ -0.36294, 39.85655 ], [ -0.36261, 39.8561 ], [ -0.36188, 39.8559 ], [ -0.36151, 39.85561 ], [ -0.36099, 39.85579 ], [ -0.36092, 39.85558 ], [ -0.36121, 39.8553 ], [ -0.36126, 39.85462 ], [ -0.36188, 39.85436 ], [ -0.36163, 39.85419 ], [ -0.36154, 39.85384 ], [ -0.36114, 39.85372 ], [ -0.36117, 39.85357 ], [ -0.36045, 39.85381 ], [ -0.36025, 39.85376 ], [ -0.36038, 39.85332 ], [ -0.35991, 39.85358 ], [ -0.35958, 39.85349 ], [ -0.3597, 39.85327 ], [ -0.36061, 39.85285 ], [ -0.36051, 39.85252 ], [ -0.35986, 39.8523 ], [ -0.35925, 39.85148 ], [ -0.35932, 39.85099 ], [ -0.36009, 39.8505 ], [ -0.36034, 39.85004 ], [ -0.36076, 39.84983 ], [ -0.36181, 39.84978 ], [ -0.36149, 39.85071 ], [ -0.36097, 39.85106 ], [ -0.36063, 39.85153 ], [ -0.36189, 39.8507 ], [ -0.36299, 39.8512 ], [ -0.36392, 39.85083 ], [ -0.36435, 39.85144 ], [ -0.36584, 39.8514 ], [ -0.36715, 39.85235 ], [ -0.36837, 39.85282 ], [ -0.36859, 39.8527 ], [ -0.36935, 39.85291 ], [ -0.3695, 39.85327 ], [ -0.36995, 39.85344 ], [ -0.36986, 39.85369 ], [ -0.37005, 39.85388 ], [ -0.37023, 39.85387 ], [ -0.37048, 39.85353 ], [ -0.37048, 39.85322 ], [ -0.37192, 39.85346 ], [ -0.37277, 39.85334 ], [ -0.3716, 39.85394 ], [ -0.3709, 39.85404 ], [ -0.37074, 39.85435 ], [ -0.37084, 39.85455 ], [ -0.37128, 39.8545 ], [ -0.37153, 39.85484 ], [ -0.37281, 39.85508 ], [ -0.37291, 39.8556 ], [ -0.37327, 39.85586 ], [ -0.37356, 39.85583 ], [ -0.37398, 39.8554 ], [ -0.37566, 39.85549 ], [ -0.37529, 39.85599 ], [ -0.37533, 39.85644 ], [ -0.37599, 39.85651 ], [ -0.3763, 39.85598 ], [ -0.37691, 39.85609 ], [ -0.37696, 39.85627 ], [ -0.37724, 39.85637 ], [ -0.37743, 39.85734 ], [ -0.37792, 39.85736 ], [ -0.37813, 39.85778 ], [ -0.37862, 39.8578 ], [ -0.37891, 39.85846 ], [ -0.38004, 39.85864 ], [ -0.38044, 39.85833 ], [ -0.38009, 39.85809 ], [ -0.37991, 39.85747 ], [ -0.37927, 39.85695 ], [ -0.37899, 39.85648 ], [ -0.37802, 39.85609 ], [ -0.37735, 39.85553 ], [ -0.3767, 39.85459 ], [ -0.37636, 39.85369 ], [ -0.3772, 39.85352 ] ] ], [ [ [ -0.30647, 39.88127 ], [ -0.30646, 39.88172 ], [ -0.30587, 39.88171 ], [ -0.30589, 39.88126 ], [ -0.30647, 39.88127 ] ] ], [ [ [ -0.27321, 39.8924 ], [ -0.27245, 39.89321 ], [ -0.2721, 39.89389 ], [ -0.27134, 39.89402 ], [ -0.27141, 39.8941 ], [ -0.27087, 39.89405 ], [ -0.27066, 39.89418 ], [ -0.27024, 39.89401 ], [ -0.26972, 39.89447 ], [ -0.26864, 39.89402 ], [ -0.26907, 39.89342 ], [ -0.2695, 39.89329 ], [ -0.26954, 39.89315 ], [ -0.2692, 39.89306 ], [ -0.26975, 39.89257 ], [ -0.26999, 39.89253 ], [ -0.27019, 39.8921 ], [ -0.27089, 39.8921 ], [ -0.27102, 39.89181 ], [ -0.27092, 39.89168 ], [ -0.27118, 39.89171 ], [ -0.27149, 39.89144 ], [ -0.27236, 39.89158 ], [ -0.27258, 39.89148 ], [ -0.27326, 39.8905 ], [ -0.27381, 39.89015 ], [ -0.27394, 39.89057 ], [ -0.27331, 39.89087 ], [ -0.2735, 39.89129 ], [ -0.27317, 39.89195 ], [ -0.27321, 39.8924 ] ] ], [ [ [ -0.39191, 39.89934 ], [ -0.39107, 39.8987 ], [ -0.39086, 39.8987 ], [ -0.39071, 39.89891 ], [ -0.38996, 39.89896 ], [ -0.38918, 39.89808 ], [ -0.38915, 39.8975 ], [ -0.38881, 39.89727 ], [ -0.38743, 39.89717 ], [ -0.38644, 39.8969 ], [ -0.38555, 39.89632 ], [ -0.38546, 39.89566 ], [ -0.38753, 39.89584 ], [ -0.38849, 39.89626 ], [ -0.38989, 39.89589 ], [ -0.3904, 39.89604 ], [ -0.39077, 39.89645 ], [ -0.39123, 39.8963 ], [ -0.39161, 39.89639 ], [ -0.39194, 39.89677 ], [ -0.39178, 39.89719 ], [ -0.39198, 39.89843 ], [ -0.39241, 39.89905 ], [ -0.39191, 39.89934 ] ] ], [ [ [ -0.26255, 39.9646 ], [ -0.26313, 39.96461 ], [ -0.26311, 39.96506 ], [ -0.26253, 39.96505 ], [ -0.26255, 39.9646 ] ] ], [ [ [ -0.37296, 40.00066 ], [ -0.37294, 40.00111 ], [ -0.37236, 40.00109 ], [ -0.37238, 40.00064 ], [ -0.37296, 40.00066 ] ] ], [ [ [ -0.20453, 39.76949 ], [ -0.20451, 39.76994 ], [ -0.20393, 39.76993 ], [ -0.20395, 39.76948 ], [ -0.20453, 39.76949 ] ] ], [ [ [ -0.18595, 39.78374 ], [ -0.18537, 39.78373 ], [ -0.18539, 39.78328 ], [ -0.18597, 39.78329 ], [ -0.18595, 39.78374 ] ] ], [ [ [ -0.23131, 39.82586 ], [ -0.23073, 39.82584 ], [ -0.23075, 39.82539 ], [ -0.23133, 39.82541 ], [ -0.23131, 39.82586 ] ] ], [ [ [ -0.15463, 39.85471 ], [ -0.15521, 39.85472 ], [ -0.1552, 39.85517 ], [ -0.15461, 39.85516 ], [ -0.15463, 39.85471 ] ] ], [ [ [ -0.2544, 39.89268 ], [ -0.25381, 39.89266 ], [ -0.25383, 39.89221 ], [ -0.25442, 39.89223 ], [ -0.2544, 39.89268 ] ] ], [ [ [ -0.10186, 39.94072 ], [ -0.10128, 39.94071 ], [ -0.1013, 39.94026 ], [ -0.10188, 39.94027 ], [ -0.10186, 39.94072 ] ] ] ] } },
{ "type": "Feature", "properties": { "anyo": 1996 }, "geometry": { "type": "MultiPolygon", "coordinates": [ [ [ [ -0.29292, 39.77133 ], [ -0.29286, 39.77088 ], [ -0.29386, 39.77093 ], [ -0.29485, 39.77129 ], [ -0.29508, 39.77191 ], [ -0.29377, 39.7718 ], [ -0.29343, 39.77197 ], [ -0.29325, 39.77156 ], [ -0.29292, 39.77133 ] ] ], [ [ [ -0.32072, 39.80882 ], [ -0.32104, 39.8084 ], [ -0.32193, 39.80852 ], [ -0.3236, 39.80891 ], [ -0.32351, 39.80944 ], [ -0.32426, 39.80946 ], [ -0.32506, 39.80995 ], [ -0.32506, 39.81036 ], [ -0.32386, 39.81113 ], [ -0.32337, 39.811 ], [ -0.32117, 39.80963 ], [ -0.32072, 39.80882 ] ] ], [ [ [ -0.39844, 39.82041 ], [ -0.39902, 39.81977 ], [ -0.39838, 39.81928 ], [ -0.39679, 39.81901 ], [ -0.39522, 39.81738 ], [ -0.39519, 39.81699 ], [ -0.39634, 39.81709 ], [ -0.39673, 39.81679 ], [ -0.39672, 39.8165 ], [ -0.39713, 39.81714 ], [ -0.39812, 39.81675 ], [ -0.39882, 39.81686 ], [ -0.39956, 39.81734 ], [ -0.40007, 39.81803 ], [ -0.39995, 39.81869 ], [ -0.40015, 39.8192 ], [ -0.40077, 39.81959 ], [ -0.4, 39.81997 ], [ -0.39929, 39.82079 ], [ -0.39864, 39.82075 ], [ -0.39844, 39.82041 ] ] ], [ [ [ -0.40121, 39.82063 ], [ -0.40103, 39.82006 ], [ -0.40159, 39.81927 ], [ -0.4023, 39.81898 ], [ -0.40232, 39.81975 ], [ -0.40172, 39.82061 ], [ -0.40121, 39.82063 ] ] ], [ [ [ -0.42294, 39.82891 ], [ -0.42235, 39.8289 ], [ -0.42213, 39.82866 ], [ -0.42382, 39.82785 ], [ -0.42376, 39.82835 ], [ -0.42345, 39.82832 ], [ -0.42294, 39.82891 ] ] ], [ [ [ -0.31796, 39.85215 ], [ -0.31797, 39.8517 ], [ -0.31856, 39.85172 ], [ -0.31854, 39.85217 ], [ -0.31796, 39.85215 ] ] ], [ [ [ -0.2708, 39.88792 ], [ -0.27095, 39.8882 ], [ -0.27034, 39.88822 ], [ -0.27033, 39.88799 ], [ -0.2708, 39.88792 ] ] ], [ [ [ -0.2544, 39.89268 ], [ -0.25381, 39.89266 ], [ -0.25383, 39.89221 ], [ -0.25442, 39.89223 ], [ -0.2544, 39.89268 ] ] ], [ [ [ -0.2443, 39.90248 ], [ -0.2446, 39.9025 ], [ -0.24469, 39.90233 ], [ -0.24501, 39.90242 ], [ -0.24479, 39.90304 ], [ -0.2446, 39.90306 ], [ -0.24449, 39.90269 ], [ -0.24411, 39.90249 ], [ -0.2441, 39.90228 ], [ -0.2443, 39.90248 ] ] ], [ [ [ -0.39302, 39.91801 ], [ -0.39318, 39.9184 ], [ -0.39243, 39.91883 ], [ -0.39151, 39.91889 ], [ -0.39096, 39.91874 ], [ -0.39079, 39.91854 ], [ -0.38935, 39.91849 ], [ -0.38826, 39.91856 ], [ -0.38804, 39.91893 ], [ -0.38735, 39.91909 ], [ -0.38725, 39.9185 ], [ -0.38811, 39.91844 ], [ -0.38815, 39.91819 ], [ -0.38762, 39.91814 ], [ -0.38761, 39.91783 ], [ -0.38984, 39.91774 ], [ -0.39061, 39.91743 ], [ -0.39089, 39.91675 ], [ -0.39118, 39.91699 ], [ -0.39206, 39.91705 ], [ -0.39302, 39.91801 ] ] ], [ [ [ -0.24437, 39.92301 ], [ -0.24437, 39.92299 ], [ -0.2444, 39.92299 ], [ -0.24437, 39.92301 ] ] ], [ [ [ -0.26253, 39.96505 ], [ -0.26255, 39.9646 ], [ -0.26313, 39.96461 ], [ -0.26311, 39.96506 ], [ -0.26253, 39.96505 ] ] ], [ [ [ -0.33709, 39.97966 ], [ -0.33709, 39.97963 ], [ -0.33712, 39.97963 ], [ -0.33709, 39.97966 ] ] ], [ [ [ -0.15493, 39.7719 ], [ -0.15546, 39.77135 ], [ -0.1558, 39.77139 ], [ -0.15529, 39.77181 ], [ -0.15519, 39.77213 ], [ -0.15493, 39.7719 ] ] ], [ [ [ -0.21807, 39.77167 ], [ -0.21839, 39.77177 ], [ -0.21824, 39.77227 ], [ -0.2184, 39.7724 ], [ -0.2176, 39.77225 ], [ -0.21761, 39.77192 ], [ -0.21807, 39.77167 ] ] ], [ [ [ -0.22084, 39.77297 ], [ -0.22152, 39.77274 ], [ -0.22112, 39.77365 ], [ -0.22094, 39.77325 ], [ -0.21874, 39.7736 ], [ -0.21822, 39.77346 ], [ -0.21813, 39.77319 ], [ -0.21835, 39.77301 ], [ -0.21813, 39.77281 ], [ -0.21862, 39.77263 ], [ -0.21846, 39.77244 ], [ -0.2187, 39.77215 ], [ -0.21936, 39.77285 ], [ -0.22084, 39.77297 ] ] ], [ [ [ -0.19903, 39.80346 ], [ -0.19903, 39.80344 ], [ -0.19905, 39.80344 ], [ -0.19903, 39.80346 ] ] ], [ [ [ -0.19556, 39.8059 ], [ -0.19548, 39.80491 ], [ -0.196, 39.80364 ], [ -0.19666, 39.80359 ], [ -0.1973, 39.80383 ], [ -0.19673, 39.80434 ], [ -0.19556, 39.8059 ] ] ], [ [ [ -0.22335, 39.80726 ], [ -0.22335, 39.80724 ], [ -0.22338, 39.80724 ], [ -0.22335, 39.80726 ] ] ], [ [ [ -0.19065, 39.85379 ], [ -0.19081, 39.85409 ], [ -0.19023, 39.85412 ], [ -0.1897, 39.85374 ], [ -0.19067, 39.85334 ], [ -0.19065, 39.85379 ] ] ], [ [ [ -0.22141, 39.88347 ], [ -0.2214, 39.88349 ], [ -0.22139, 39.88349 ], [ -0.22141, 39.88347 ] ] ], [ [ [ -0.22184, 39.8836 ], [ -0.22141, 39.88347 ], [ -0.22163, 39.88337 ], [ -0.22194, 39.88343 ], [ -0.22184, 39.8836 ] ] ], [ [ [ -0.22139, 39.88349 ], [ -0.22118, 39.88356 ], [ -0.22118, 39.88355 ], [ -0.22139, 39.88349 ] ] ], [ [ [ -0.22118, 39.88356 ], [ -0.221, 39.88355 ], [ -0.221, 39.88353 ], [ -0.22118, 39.88356 ] ] ], [ [ [ -0.21994, 39.88386 ], [ -0.22008, 39.88362 ], [ -0.221, 39.88355 ], [ -0.22081, 39.88415 ], [ -0.22002, 39.88403 ], [ -0.21994, 39.88386 ] ] ], [ [ [ -0.09826, 40.01379 ], [ -0.09798, 40.01384 ], [ -0.09761, 40.01379 ], [ -0.09753, 40.01351 ], [ -0.09802, 40.01339 ], [ -0.09829, 40.0136 ], [ -0.09826, 40.01379 ] ] ] ] } },
{ "type": "Feature", "properties": { "anyo": 1997 }, "geometry": { "type": "MultiPolygon", "coordinates": [ [ [ [ -0.35398, 39.76386 ], [ -0.35396, 39.76431 ], [ -0.35338, 39.7643 ], [ -0.35339, 39.76385 ], [ -0.35398, 39.76386 ] ] ], [ [ [ -0.37052, 39.78087 ], [ -0.37163, 39.78099 ], [ -0.37158, 39.78133 ], [ -0.37085, 39.78143 ], [ -0.37052, 39.78087 ] ] ], [ [ [ -0.33277, 39.81565 ], [ -0.33259, 39.81552 ], [ -0.33302, 39.81513 ], [ -0.33299, 39.81476 ], [ -0.33357, 39.81437 ], [ -0.33388, 39.81503 ], [ -0.33417, 39.81493 ], [ -0.33426, 39.81518 ], [ -0.33452, 39.81529 ], [ -0.33453, 39.81549 ], [ -0.3343, 39.81555 ], [ -0.33302, 39.81528 ], [ -0.33277, 39.81565 ] ] ], [ [ [ -0.42297, 39.83711 ], [ -0.4243, 39.83619 ], [ -0.42489, 39.83619 ], [ -0.42512, 39.83665 ], [ -0.42539, 39.83673 ], [ -0.42503, 39.83712 ], [ -0.42465, 39.83726 ], [ -0.4246, 39.8376 ], [ -0.42493, 39.83776 ], [ -0.42506, 39.83805 ], [ -0.42501, 39.8385 ], [ -0.42408, 39.83828 ], [ -0.42297, 39.83711 ] ] ], [ [ [ -0.32147, 39.84036 ], [ -0.32198, 39.84019 ], [ -0.32225, 39.84027 ], [ -0.32218, 39.84058 ], [ -0.32147, 39.84036 ] ] ], [ [ [ -0.39862, 39.86842 ], [ -0.39861, 39.86844 ], [ -0.39861, 39.86842 ], [ -0.39862, 39.86842 ] ] ], [ [ [ -0.25161, 39.88516 ], [ -0.25158, 39.88519 ], [ -0.25158, 39.88516 ], [ -0.25161, 39.88516 ] ] ], [ [ [ -0.25442, 39.89223 ], [ -0.2544, 39.89268 ], [ -0.25381, 39.89266 ], [ -0.25383, 39.89221 ], [ -0.25442, 39.89223 ] ] ], [ [ [ -0.3363, 39.92637 ], [ -0.33628, 39.92639 ], [ -0.33628, 39.92637 ], [ -0.3363, 39.92637 ] ] ], [ [ [ -0.26322, 39.92641 ], [ -0.26318, 39.92644 ], [ -0.26318, 39.92641 ], [ -0.26322, 39.92641 ] ] ], [ [ [ -0.34367, 39.97347 ], [ -0.34365, 39.97351 ], [ -0.34365, 39.97347 ], [ -0.34367, 39.97347 ] ] ], [ [ [ -0.34336, 39.97526 ], [ -0.34332, 39.97529 ], [ -0.34332, 39.97526 ], [ -0.34336, 39.97526 ] ] ], [ [ [ -0.37294, 40.00111 ], [ -0.37236, 40.00109 ], [ -0.37238, 40.00064 ], [ -0.37296, 40.00066 ], [ -0.37294, 40.00111 ] ] ], [ [ [ -0.33635, 40.00803 ], [ -0.33632, 40.00805 ], [ -0.33632, 40.00803 ], [ -0.33635, 40.00803 ] ] ], [ [ [ -0.22091, 39.76246 ], [ -0.22094, 39.76248 ], [ -0.22091, 39.76248 ], [ -0.22091, 39.76246 ] ] ], [ [ [ -0.21954, 39.76566 ], [ -0.21952, 39.76569 ], [ -0.21952, 39.76566 ], [ -0.21954, 39.76566 ] ] ], [ [ [ -0.20451, 39.76994 ], [ -0.20393, 39.76993 ], [ -0.20395, 39.76948 ], [ -0.20453, 39.76949 ], [ -0.20451, 39.76994 ] ] ], [ [ [ -0.22029, 39.78258 ], [ -0.21994, 39.78257 ], [ -0.21951, 39.78286 ], [ -0.21941, 39.78253 ], [ -0.2198, 39.78233 ], [ -0.22029, 39.78258 ] ] ], [ [ [ -0.19544, 39.79011 ], [ -0.19541, 39.79013 ], [ -0.19542, 39.79011 ], [ -0.19544, 39.79011 ] ] ], [ [ [ -0.23587, 39.79193 ], [ -0.23587, 39.79227 ], [ -0.23508, 39.79181 ], [ -0.23541, 39.79166 ], [ -0.23587, 39.79193 ] ] ], [ [ [ -0.19935, 39.80391 ], [ -0.19932, 39.80393 ], [ -0.19932, 39.80391 ], [ -0.19935, 39.80391 ] ] ], [ [ [ -0.24994, 39.82108 ], [ -0.24878, 39.82135 ], [ -0.24852, 39.82175 ], [ -0.2484, 39.82233 ], [ -0.24796, 39.82272 ], [ -0.24742, 39.82274 ], [ -0.24726, 39.82247 ], [ -0.24658, 39.8221 ], [ -0.24754, 39.82201 ], [ -0.24779, 39.82217 ], [ -0.24814, 39.82205 ], [ -0.24844, 39.82188 ], [ -0.24869, 39.82134 ], [ -0.24906, 39.82102 ], [ -0.24973, 39.82068 ], [ -0.25059, 39.82058 ], [ -0.2507, 39.82068 ], [ -0.25027, 39.82078 ], [ -0.24994, 39.82108 ] ] ], [ [ [ -0.20271, 39.87107 ], [ -0.20268, 39.87109 ], [ -0.20268, 39.87107 ], [ -0.20271, 39.87107 ] ] ], [ [ [ -0.23422, 39.89688 ], [ -0.23441, 39.89701 ], [ -0.23333, 39.89713 ], [ -0.2334, 39.89741 ], [ -0.23404, 39.89784 ], [ -0.23315, 39.89818 ], [ -0.23299, 39.89683 ], [ -0.23422, 39.89688 ] ] ], [ [ [ -0.16649, 39.95581 ], [ -0.16593, 39.95584 ], [ -0.16689, 39.95474 ], [ -0.1678, 39.95511 ], [ -0.16715, 39.95568 ], [ -0.16642, 39.95572 ], [ -0.16649, 39.95581 ] ] ], [ [ [ -0.23226, 39.95529 ], [ -0.23195, 39.95499 ], [ -0.23257, 39.95525 ], [ -0.23257, 39.95562 ], [ -0.23214, 39.95565 ], [ -0.23226, 39.95529 ] ] ], [ [ [ -0.22552, 40.01718 ], [ -0.22471, 40.0173 ], [ -0.22428, 40.01716 ], [ -0.22392, 40.01744 ], [ -0.22346, 40.01743 ], [ -0.22283, 40.01689 ], [ -0.22293, 40.01593 ], [ -0.22328, 40.01595 ], [ -0.22347, 40.01624 ], [ -0.22413, 40.01632 ], [ -0.22466, 40.01701 ], [ -0.22496, 40.01708 ], [ -0.22505, 40.01685 ], [ -0.22539, 40.01667 ], [ -0.22586, 40.01673 ], [ -0.22602, 40.01654 ], [ -0.22633, 40.01653 ], [ -0.22681, 40.01681 ], [ -0.22657, 40.01723 ], [ -0.22603, 40.01725 ], [ -0.22581, 40.01698 ], [ -0.22559, 40.01699 ], [ -0.22552, 40.01718 ] ] ], [ [ [ -0.22186, 40.01814 ], [ -0.22211, 40.01784 ], [ -0.22276, 40.0179 ], [ -0.22286, 40.01838 ], [ -0.22322, 40.01827 ], [ -0.22329, 40.01839 ], [ -0.22313, 40.01857 ], [ -0.22298, 40.0184 ], [ -0.22195, 40.01826 ], [ -0.22186, 40.01814 ] ] ] ] } },
{ "type": "Feature", "properties": { "anyo": 1998 }, "geometry": { "type": "MultiPolygon", "coordinates": [ [ [ [ -0.21655, 39.76993 ], [ -0.21673, 39.76948 ], [ -0.2175, 39.76931 ], [ -0.21686, 39.76979 ], [ -0.21655, 39.76993 ] ] ], [ [ [ -0.36705, 39.7715 ], [ -0.3676, 39.7715 ], [ -0.36773, 39.77123 ], [ -0.36801, 39.77164 ], [ -0.36754, 39.77159 ], [ -0.36751, 39.77183 ], [ -0.36705, 39.7715 ] ] ], [ [ [ -0.24115, 39.79664 ], [ -0.24123, 39.79652 ], [ -0.24152, 39.79649 ], [ -0.24138, 39.79666 ], [ -0.24115, 39.79664 ] ] ], [ [ [ -0.24002, 39.81575 ], [ -0.23999, 39.8156 ], [ -0.24023, 39.81554 ], [ -0.24028, 39.81567 ], [ -0.24002, 39.81575 ] ] ], [ [ [ -0.23133, 39.82541 ], [ -0.23131, 39.82586 ], [ -0.23073, 39.82584 ], [ -0.23075, 39.82539 ], [ -0.23133, 39.82541 ] ] ], [ [ [ -0.22681, 39.8448 ], [ -0.22605, 39.84457 ], [ -0.2255, 39.84361 ], [ -0.22566, 39.84323 ], [ -0.22605, 39.84298 ], [ -0.22567, 39.84253 ], [ -0.22616, 39.84258 ], [ -0.22607, 39.84189 ], [ -0.22623, 39.84156 ], [ -0.22694, 39.84161 ], [ -0.22806, 39.84051 ], [ -0.2286, 39.84044 ], [ -0.22877, 39.84061 ], [ -0.22848, 39.84162 ], [ -0.22799, 39.84216 ], [ -0.22816, 39.84238 ], [ -0.2287, 39.84237 ], [ -0.22901, 39.84169 ], [ -0.22955, 39.84261 ], [ -0.22868, 39.84281 ], [ -0.22758, 39.84355 ], [ -0.22864, 39.84383 ], [ -0.22906, 39.84411 ], [ -0.22875, 39.84454 ], [ -0.22909, 39.84502 ], [ -0.22866, 39.84512 ], [ -0.22848, 39.84537 ], [ -0.22867, 39.84643 ], [ -0.22828, 39.84663 ], [ -0.22761, 39.84639 ], [ -0.2269, 39.84538 ], [ -0.22737, 39.84526 ], [ -0.22681, 39.8448 ] ] ], [ [ [ -0.38369, 39.85059 ], [ -0.38382, 39.85007 ], [ -0.38452, 39.85015 ], [ -0.38485, 39.85034 ], [ -0.38494, 39.8508 ], [ -0.38549, 39.85136 ], [ -0.38588, 39.85217 ], [ -0.38627, 39.85224 ], [ -0.38641, 39.85261 ], [ -0.38624, 39.85291 ], [ -0.38509, 39.85312 ], [ -0.3836, 39.85311 ], [ -0.38392, 39.85209 ], [ -0.38397, 39.85074 ], [ -0.38369, 39.85059 ] ] ], [ [ [ -0.41545, 39.88108 ], [ -0.41503, 39.88044 ], [ -0.41535, 39.87966 ], [ -0.41522, 39.87937 ], [ -0.41396, 39.87946 ], [ -0.41332, 39.87911 ], [ -0.4133, 39.87848 ], [ -0.41357, 39.87826 ], [ -0.41426, 39.87833 ], [ -0.41467, 39.87815 ], [ -0.41458, 39.87783 ], [ -0.41374, 39.8777 ], [ -0.41367, 39.87747 ], [ -0.41397, 39.87737 ], [ -0.41391, 39.87708 ], [ -0.41376, 39.87708 ], [ -0.41395, 39.87694 ], [ -0.41401, 39.8764 ], [ -0.41364, 39.87623 ], [ -0.41376, 39.87606 ], [ -0.4134, 39.87597 ], [ -0.4148, 39.87569 ], [ -0.41522, 39.87547 ], [ -0.41529, 39.87454 ], [ -0.41598, 39.87461 ], [ -0.41752, 39.87566 ], [ -0.41766, 39.87598 ], [ -0.41748, 39.87671 ], [ -0.41757, 39.87728 ], [ -0.41721, 39.878 ], [ -0.41793, 39.87859 ], [ -0.41761, 39.87912 ], [ -0.41709, 39.8793 ], [ -0.41686, 39.87961 ], [ -0.41691, 39.88015 ], [ -0.41719, 39.88072 ], [ -0.41667, 39.88079 ], [ -0.41633, 39.88189 ], [ -0.41697, 39.88265 ], [ -0.41727, 39.8834 ], [ -0.41619, 39.88288 ], [ -0.41603, 39.88222 ], [ -0.41533, 39.88232 ], [ -0.41513, 39.88175 ], [ -0.41545, 39.88108 ] ] ], [ [ [ -0.30646, 39.88172 ], [ -0.30587, 39.88171 ], [ -0.30589, 39.88126 ], [ -0.30647, 39.88127 ], [ -0.30646, 39.88172 ] ] ], [ [ [ -0.272, 39.88739 ], [ -0.27158, 39.88698 ], [ -0.27169, 39.88657 ], [ -0.27214, 39.88647 ], [ -0.27485, 39.88737 ], [ -0.2733, 39.88766 ], [ -0.272, 39.88739 ] ] ], [ [ [ -0.33953, 39.89241 ], [ -0.33927, 39.89212 ], [ -0.33928, 39.89184 ], [ -0.34001, 39.89169 ], [ -0.34008, 39.89227 ], [ -0.33997, 39.89242 ], [ -0.33953, 39.89241 ] ] ], [ [ [ -0.22531, 39.89388 ], [ -0.22505, 39.89405 ], [ -0.22513, 39.89387 ], [ -0.22469, 39.89357 ], [ -0.22478, 39.8934 ], [ -0.22503, 39.89335 ], [ -0.22539, 39.89353 ], [ -0.22531, 39.89388 ] ] ], [ [ [ -0.23255, 39.94826 ], [ -0.23245, 39.94931 ], [ -0.23213, 39.94957 ], [ -0.2324, 39.9498 ], [ -0.23253, 39.95023 ], [ -0.23241, 39.95052 ], [ -0.23108, 39.94989 ], [ -0.23135, 39.94947 ], [ -0.23136, 39.94853 ], [ -0.23183, 39.9484 ], [ -0.23198, 39.9482 ], [ -0.23255, 39.94826 ] ] ], [ [ [ -0.26361, 39.95239 ], [ -0.26333, 39.95245 ], [ -0.26307, 39.95238 ], [ -0.26338, 39.9524 ], [ -0.26361, 39.95239 ] ] ], [ [ [ -0.22319, 39.95368 ], [ -0.22284, 39.95382 ], [ -0.22208, 39.95359 ], [ -0.22227, 39.95339 ], [ -0.22269, 39.95371 ], [ -0.22319, 39.95368 ] ] ], [ [ [ -0.37731, 40.0023 ], [ -0.37795, 40.00122 ], [ -0.37886, 40.00097 ], [ -0.37879, 40.00158 ], [ -0.37799, 40.00182 ], [ -0.37739, 40.00317 ], [ -0.37703, 40.00315 ], [ -0.37731, 40.0023 ] ] ], [ [ [ -0.31307, 40.02072 ], [ -0.31309, 40.02027 ], [ -0.31368, 40.02028 ], [ -0.31366, 40.02073 ], [ -0.31307, 40.02072 ] ] ], [ [ [ -0.20422, 39.77675 ], [ -0.20406, 39.7768 ], [ -0.20385, 39.77597 ], [ -0.20441, 39.77608 ], [ -0.20422, 39.77675 ] ] ], [ [ [ -0.19975, 39.78814 ], [ -0.20004, 39.78805 ], [ -0.20009, 39.78814 ], [ -0.19975, 39.78814 ] ] ], [ [ [ -0.21161, 39.79558 ], [ -0.21159, 39.7956 ], [ -0.21159, 39.79558 ], [ -0.21161, 39.79558 ] ] ], [ [ [ -0.20326, 39.84927 ], [ -0.20225, 39.84956 ], [ -0.20228, 39.84895 ], [ -0.20255, 39.84876 ], [ -0.20327, 39.84867 ], [ -0.20326, 39.84927 ] ] ], [ [ [ -0.19705, 39.86447 ], [ -0.19789, 39.86416 ], [ -0.19793, 39.86496 ], [ -0.1976, 39.86497 ], [ -0.1972, 39.86524 ], [ -0.1967, 39.86503 ], [ -0.19705, 39.86447 ] ] ], [ [ [ -0.21489, 39.88777 ], [ -0.2148, 39.88721 ], [ -0.21507, 39.88721 ], [ -0.21537, 39.88724 ], [ -0.21564, 39.88767 ], [ -0.21489, 39.88777 ] ] ], [ [ [ -0.17827, 39.90435 ], [ -0.17823, 39.90438 ], [ -0.17823, 39.90435 ], [ -0.17827, 39.90435 ] ] ], [ [ [ -0.17777, 39.92137 ], [ -0.17781, 39.92121 ], [ -0.17828, 39.92139 ], [ -0.1785, 39.92176 ], [ -0.17823, 39.92174 ], [ -0.17777, 39.92137 ] ] ], [ [ [ -0.19662, 39.92897 ], [ -0.19664, 39.92852 ], [ -0.19723, 39.92854 ], [ -0.19721, 39.92899 ], [ -0.19662, 39.92897 ] ] ], [ [ [ -0.15037, 39.95607 ], [ -0.1497, 39.95563 ], [ -0.1503, 39.95511 ], [ -0.15065, 39.95538 ], [ -0.15068, 39.9557 ], [ -0.1504, 39.95585 ], [ -0.15063, 39.95606 ], [ -0.15037, 39.95607 ] ] ], [ [ [ -0.21023, 39.97905 ], [ -0.21002, 39.97891 ], [ -0.2102, 39.97865 ], [ -0.21107, 39.97869 ], [ -0.21139, 39.97846 ], [ -0.21176, 39.97856 ], [ -0.21135, 39.97892 ], [ -0.21076, 39.97907 ], [ -0.21046, 39.97888 ], [ -0.21023, 39.97905 ] ] ], [ [ [ -0.15143, 39.99023 ], [ -0.15034, 39.98984 ], [ -0.15048, 39.98935 ], [ -0.15064, 39.98916 ], [ -0.15124, 39.98903 ], [ -0.15145, 39.9891 ], [ -0.15211, 39.9901 ], [ -0.15136, 39.9908 ], [ -0.15143, 39.99023 ] ] ], [ [ [ -0.16286, 39.99042 ], [ -0.16237, 39.99078 ], [ -0.16227, 39.99064 ], [ -0.16242, 39.99059 ], [ -0.16238, 39.99035 ], [ -0.16283, 39.99035 ], [ -0.16294, 39.99002 ], [ -0.16329, 39.99005 ], [ -0.16337, 39.99025 ], [ -0.16286, 39.99042 ] ] ], [ [ [ -0.16391, 39.99088 ], [ -0.16426, 39.9906 ], [ -0.16461, 39.99066 ], [ -0.1646, 39.99108 ], [ -0.16422, 39.9913 ], [ -0.16398, 39.99124 ], [ -0.16391, 39.99088 ] ] ], [ [ [ -0.16429, 39.99145 ], [ -0.16456, 39.99131 ], [ -0.16464, 39.9914 ], [ -0.16452, 39.99156 ], [ -0.16429, 39.99145 ] ] ], [ [ [ -0.20953, 40.0145 ], [ -0.20956, 40.01423 ], [ -0.20965, 40.01449 ], [ -0.20953, 40.0145 ] ] ], [ [ [ -0.18954, 40.01483 ], [ -0.18969, 40.01484 ], [ -0.18968, 40.01496 ], [ -0.18954, 40.01483 ] ] ], [ [ [ -0.16573, 40.01884 ], [ -0.16565, 40.01852 ], [ -0.16609, 40.01853 ], [ -0.166, 40.01868 ], [ -0.16573, 40.01884 ] ] ] ] } },
{ "type": "Feature", "properties": { "anyo": 1999 }, "geometry": { "type": "MultiPolygon", "coordinates": [ [ [ [ -0.29586, 39.78764 ], [ -0.29582, 39.7878 ], [ -0.29573, 39.78769 ], [ -0.29586, 39.78764 ] ] ], [ [ [ -0.30718, 39.79643 ], [ -0.3067, 39.79579 ], [ -0.3076, 39.79574 ], [ -0.30801, 39.796 ], [ -0.30808, 39.79639 ], [ -0.30841, 39.79653 ], [ -0.30847, 39.79704 ], [ -0.30822, 39.79747 ], [ -0.30727, 39.79782 ], [ -0.30696, 39.7973 ], [ -0.30718, 39.79643 ] ] ], [ [ [ -0.40675, 39.81339 ], [ -0.40671, 39.81348 ], [ -0.40662, 39.81339 ], [ -0.40675, 39.81339 ] ] ], [ [ [ -0.40087, 39.85611 ], [ -0.4005, 39.85619 ], [ -0.40002, 39.85562 ], [ -0.40028, 39.85538 ], [ -0.40062, 39.85538 ], [ -0.40098, 39.85561 ], [ -0.40087, 39.85611 ] ] ], [ [ [ -0.30589, 39.88126 ], [ -0.30647, 39.88127 ], [ -0.30646, 39.88172 ], [ -0.30587, 39.88171 ], [ -0.30589, 39.88126 ] ] ], [ [ [ -0.33037, 39.88991 ], [ -0.3304, 39.88991 ], [ -0.3304, 39.88994 ], [ -0.33037, 39.88991 ] ] ], [ [ [ -0.2904, 39.89717 ], [ -0.29007, 39.89696 ], [ -0.29102, 39.89661 ], [ -0.29117, 39.89686 ], [ -0.2904, 39.89717 ] ] ], [ [ [ -0.30842, 39.90526 ], [ -0.31141, 39.9056 ], [ -0.30924, 39.90638 ], [ -0.30978, 39.90693 ], [ -0.30801, 39.90766 ], [ -0.30893, 39.90824 ], [ -0.30883, 39.90852 ], [ -0.30694, 39.90856 ], [ -0.30567, 39.90827 ], [ -0.30535, 39.908 ], [ -0.30496, 39.90796 ], [ -0.30404, 39.90693 ], [ -0.30412, 39.90483 ], [ -0.30399, 39.90429 ], [ -0.30453, 39.90434 ], [ -0.30499, 39.90465 ], [ -0.305, 39.905 ], [ -0.30518, 39.90497 ], [ -0.3056, 39.90528 ], [ -0.30581, 39.90487 ], [ -0.30574, 39.90444 ], [ -0.30626, 39.90464 ], [ -0.30577, 39.90413 ], [ -0.30579, 39.9037 ], [ -0.30646, 39.90417 ], [ -0.30737, 39.90428 ], [ -0.30761, 39.90471 ], [ -0.30821, 39.90494 ], [ -0.30842, 39.90526 ] ], [ [ -0.30641, 39.90479 ], [ -0.30638, 39.90473 ], [ -0.30626, 39.90464 ], [ -0.30641, 39.90479 ] ], [ [ -0.30676, 39.90556 ], [ -0.30714, 39.90594 ], [ -0.30767, 39.9059 ], [ -0.30781, 39.90552 ], [ -0.3073, 39.90516 ], [ -0.3071, 39.90542 ], [ -0.30674, 39.90532 ], [ -0.30641, 39.90479 ], [ -0.30676, 39.90556 ] ] ], [ [ [ -0.30687, 39.92032 ], [ -0.30719, 39.92027 ], [ -0.3072, 39.92033 ], [ -0.30687, 39.92032 ] ] ], [ [ [ -0.41161, 39.9303 ], [ -0.41164, 39.93092 ], [ -0.41199, 39.93117 ], [ -0.41246, 39.93123 ], [ -0.41262, 39.93109 ], [ -0.41333, 39.93174 ], [ -0.41321, 39.93211 ], [ -0.41275, 39.93164 ], [ -0.41212, 39.93135 ], [ -0.41221, 39.93229 ], [ -0.41116, 39.93214 ], [ -0.41094, 39.93248 ], [ -0.41185, 39.93265 ], [ -0.41178, 39.93297 ], [ -0.41043, 39.93299 ], [ -0.41015, 39.93337 ], [ -0.41004, 39.93282 ], [ -0.40948, 39.93296 ], [ -0.40943, 39.93232 ], [ -0.40872, 39.93243 ], [ -0.40872, 39.93138 ], [ -0.40837, 39.93122 ], [ -0.40878, 39.93085 ], [ -0.41023, 39.93079 ], [ -0.41019, 39.92961 ], [ -0.40942, 39.92956 ], [ -0.40874, 39.92976 ], [ -0.40881, 39.92905 ], [ -0.40917, 39.92893 ], [ -0.40918, 39.92867 ], [ -0.41015, 39.92903 ], [ -0.41028, 39.92935 ], [ -0.41091, 39.92939 ], [ -0.41116, 39.92855 ], [ -0.41008, 39.92796 ], [ -0.41086, 39.92764 ], [ -0.41119, 39.92842 ], [ -0.41245, 39.92917 ], [ -0.41292, 39.92966 ], [ -0.41062, 39.92966 ], [ -0.41076, 39.93077 ], [ -0.411, 39.93077 ], [ -0.41161, 39.9303 ] ] ], [ [ [ -0.40262, 39.94248 ], [ -0.4025, 39.942 ], [ -0.40286, 39.94147 ], [ -0.40335, 39.94191 ], [ -0.40262, 39.94248 ] ] ], [ [ [ -0.32838, 39.95482 ], [ -0.32966, 39.95468 ], [ -0.32993, 39.95442 ], [ -0.33025, 39.95505 ], [ -0.32973, 39.95469 ], [ -0.32838, 39.95482 ] ] ], [ [ [ -0.32834, 39.95483 ], [ -0.32834, 39.95482 ], [ -0.32838, 39.95482 ], [ -0.32834, 39.95483 ] ] ], [ [ [ -0.33025, 39.95505 ], [ -0.33027, 39.95507 ], [ -0.33026, 39.95508 ], [ -0.33025, 39.95505 ] ] ], [ [ [ -0.33036, 39.95517 ], [ -0.33048, 39.95535 ], [ -0.33026, 39.95508 ], [ -0.33036, 39.95517 ] ] ], [ [ [ -0.32761, 39.95537 ], [ -0.32834, 39.95483 ], [ -0.32802, 39.95631 ], [ -0.32781, 39.95646 ], [ -0.32741, 39.95641 ], [ -0.32739, 39.95577 ], [ -0.32761, 39.95537 ] ] ], [ [ [ -0.30746, 39.95954 ], [ -0.30753, 39.95981 ], [ -0.30732, 39.96026 ], [ -0.30537, 39.96031 ], [ -0.30474, 39.95975 ], [ -0.30494, 39.95944 ], [ -0.30746, 39.95954 ] ] ], [ [ [ -0.33123, 39.95877 ], [ -0.33104, 39.95928 ], [ -0.33066, 39.95957 ], [ -0.33071, 39.95998 ], [ -0.33103, 39.96039 ], [ -0.33089, 39.96091 ], [ -0.33038, 39.96131 ], [ -0.3313, 39.96135 ], [ -0.33158, 39.96191 ], [ -0.33149, 39.96258 ], [ -0.33173, 39.96281 ], [ -0.33179, 39.96317 ], [ -0.33164, 39.96353 ], [ -0.33103, 39.96381 ], [ -0.3306, 39.96355 ], [ -0.32981, 39.96359 ], [ -0.33009, 39.96449 ], [ -0.32966, 39.96477 ], [ -0.32914, 39.96486 ], [ -0.3288, 39.96462 ], [ -0.32866, 39.96392 ], [ -0.32897, 39.96356 ], [ -0.32931, 39.96356 ], [ -0.32959, 39.96412 ], [ -0.32959, 39.96324 ], [ -0.33016, 39.96306 ], [ -0.33102, 39.96339 ], [ -0.33134, 39.96327 ], [ -0.32917, 39.9616 ], [ -0.32822, 39.96055 ], [ -0.3278, 39.96088 ], [ -0.32733, 39.96089 ], [ -0.32774, 39.96129 ], [ -0.32749, 39.96173 ], [ -0.32724, 39.96162 ], [ -0.32729, 39.96116 ], [ -0.32714, 39.9608 ], [ -0.32652, 39.96129 ], [ -0.32595, 39.9613 ], [ -0.3255, 39.96207 ], [ -0.32517, 39.96224 ], [ -0.32465, 39.96149 ], [ -0.32539, 39.96049 ], [ -0.32596, 39.96006 ], [ -0.32524, 39.95933 ], [ -0.32684, 39.95825 ], [ -0.32675, 39.95876 ], [ -0.32693, 39.95906 ], [ -0.32759, 39.95913 ], [ -0.32779, 39.95897 ], [ -0.3277, 39.95875 ], [ -0.32791, 39.95854 ], [ -0.32767, 39.95816 ], [ -0.32848, 39.95689 ], [ -0.32936, 39.95601 ], [ -0.32893, 39.95593 ], [ -0.3289, 39.9556 ], [ -0.32929, 39.95502 ], [ -0.32951, 39.95525 ], [ -0.32937, 39.95652 ], [ -0.32896, 39.95741 ], [ -0.32885, 39.95833 ], [ -0.32934, 39.95792 ], [ -0.33003, 39.95862 ], [ -0.32989, 39.95663 ], [ -0.33019, 39.95574 ], [ -0.33056, 39.95544 ], [ -0.33048, 39.95535 ], [ -0.33088, 39.95568 ], [ -0.33146, 39.95676 ], [ -0.33137, 39.95748 ], [ -0.33114, 39.95771 ], [ -0.33123, 39.95877 ] ] ], [ [ [ -0.29027, 39.96985 ], [ -0.29027, 39.96972 ], [ -0.29035, 39.96994 ], [ -0.29009, 39.97001 ], [ -0.29027, 39.96985 ] ] ], [ [ [ -0.29907, 39.98312 ], [ -0.29911, 39.98312 ], [ -0.29911, 39.98315 ], [ -0.29907, 39.98312 ] ] ], [ [ [ -0.29833, 40.0016 ], [ -0.29852, 40.00157 ], [ -0.29874, 40.00077 ], [ -0.2991, 40.00081 ], [ -0.29846, 40.00203 ], [ -0.29833, 40.0016 ] ] ], [ [ [ -0.21838, 39.76944 ], [ -0.2187, 39.76969 ], [ -0.218, 39.76942 ], [ -0.2176, 39.76906 ], [ -0.21814, 39.76913 ], [ -0.21838, 39.76944 ] ] ], [ [ [ -0.26337, 39.79795 ], [ -0.26304, 39.79801 ], [ -0.26298, 39.79747 ], [ -0.26337, 39.79742 ], [ -0.26337, 39.79795 ] ] ], [ [ [ -0.24714, 39.8199 ], [ -0.24737, 39.81993 ], [ -0.24727, 39.81995 ], [ -0.24714, 39.8199 ] ] ], [ [ [ -0.24734, 39.82366 ], [ -0.24745, 39.82338 ], [ -0.24795, 39.8235 ], [ -0.24807, 39.82333 ], [ -0.24896, 39.82341 ], [ -0.24885, 39.82356 ], [ -0.24734, 39.82366 ] ] ], [ [ [ -0.23075, 39.82539 ], [ -0.23133, 39.82541 ], [ -0.23131, 39.82586 ], [ -0.23073, 39.82584 ], [ -0.23075, 39.82539 ] ] ], [ [ [ -0.21869, 39.88436 ], [ -0.21766, 39.88389 ], [ -0.21883, 39.88376 ], [ -0.21932, 39.88416 ], [ -0.21974, 39.88421 ], [ -0.21946, 39.88469 ], [ -0.21896, 39.88462 ], [ -0.21869, 39.88436 ] ] ], [ [ [ -0.23507, 39.89608 ], [ -0.23505, 39.89604 ], [ -0.23509, 39.89603 ], [ -0.23507, 39.89608 ] ] ], [ [ [ -0.22334, 39.92252 ], [ -0.22322, 39.92276 ], [ -0.2229, 39.92258 ], [ -0.22334, 39.92252 ] ] ], [ [ [ -0.2185, 39.93094 ], [ -0.21772, 39.93062 ], [ -0.21829, 39.93062 ], [ -0.2185, 39.93094 ] ] ], [ [ [ -0.2159, 39.93113 ], [ -0.21534, 39.93082 ], [ -0.21596, 39.93072 ], [ -0.21662, 39.93086 ], [ -0.2159, 39.93113 ] ] ], [ [ [ -0.22611, 39.93265 ], [ -0.22627, 39.93271 ], [ -0.22614, 39.93279 ], [ -0.22611, 39.93265 ] ] ], [ [ [ -0.22949, 39.94345 ], [ -0.22981, 39.94338 ], [ -0.23, 39.94351 ], [ -0.23001, 39.94375 ], [ -0.22952, 39.94385 ], [ -0.22949, 39.94345 ] ] ], [ [ [ -0.22211, 39.94589 ], [ -0.22207, 39.9461 ], [ -0.22194, 39.94608 ], [ -0.22195, 39.94562 ], [ -0.2224, 39.94538 ], [ -0.22256, 39.94599 ], [ -0.22218, 39.94602 ], [ -0.22211, 39.94589 ] ] ], [ [ [ -0.22171, 39.9464 ], [ -0.22171, 39.94633 ], [ -0.2218, 39.9462 ], [ -0.22207, 39.9461 ], [ -0.22198, 39.94641 ], [ -0.22277, 39.94648 ], [ -0.2223, 39.94657 ], [ -0.22171, 39.9464 ] ] ], [ [ [ -0.22738, 39.95248 ], [ -0.22797, 39.95243 ], [ -0.22792, 39.95279 ], [ -0.22775, 39.95282 ], [ -0.22751, 39.95331 ], [ -0.22709, 39.95324 ], [ -0.22738, 39.95248 ] ] ], [ [ [ -0.27514, 39.95518 ], [ -0.27489, 39.95474 ], [ -0.27411, 39.95436 ], [ -0.27385, 39.95371 ], [ -0.27321, 39.9529 ], [ -0.27331, 39.95283 ], [ -0.2738, 39.95314 ], [ -0.27496, 39.95312 ], [ -0.27504, 39.95321 ], [ -0.2748, 39.95353 ], [ -0.27513, 39.95378 ], [ -0.27588, 39.9535 ], [ -0.27624, 39.95359 ], [ -0.2766, 39.95441 ], [ -0.27636, 39.95474 ], [ -0.27579, 39.95506 ], [ -0.27514, 39.95518 ] ] ], [ [ [ -0.27777, 39.96338 ], [ -0.27741, 39.96369 ], [ -0.27749, 39.96354 ], [ -0.27726, 39.96332 ], [ -0.27755, 39.96321 ], [ -0.27777, 39.96338 ] ] ], [ [ [ -0.27805, 39.96399 ], [ -0.27814, 39.96405 ], [ -0.27769, 39.96405 ], [ -0.27805, 39.96399 ] ] ], [ [ [ -0.25337, 39.99323 ], [ -0.25324, 39.9932 ], [ -0.2534, 39.99308 ], [ -0.25337, 39.99323 ] ] ], [ [ [ -0.21392, 40.01382 ], [ -0.21425, 40.01409 ], [ -0.21293, 40.01383 ], [ -0.21309, 40.01373 ], [ -0.21392, 40.01382 ] ] ], [ [ [ -0.19956, 39.78283 ], [ -0.19895, 39.78237 ], [ -0.19935, 39.78186 ], [ -0.20052, 39.78163 ], [ -0.20042, 39.78121 ], [ -0.20096, 39.78119 ], [ -0.20097, 39.78093 ], [ -0.20123, 39.78068 ], [ -0.20228, 39.78055 ], [ -0.20355, 39.78112 ], [ -0.20379, 39.78145 ], [ -0.20284, 39.78214 ], [ -0.20171, 39.78217 ], [ -0.20095, 39.78248 ], [ -0.19999, 39.78255 ], [ -0.19956, 39.78283 ] ] ], [ [ [ -0.21091, 39.84322 ], [ -0.21067, 39.84359 ], [ -0.21068, 39.84322 ], [ -0.21069, 39.84307 ], [ -0.21091, 39.84322 ] ] ], [ [ [ -0.17897, 39.90545 ], [ -0.179, 39.90545 ], [ -0.179, 39.90548 ], [ -0.17897, 39.90545 ] ] ], [ [ [ -0.17647, 39.90787 ], [ -0.1765, 39.90753 ], [ -0.17665, 39.90774 ], [ -0.17647, 39.90787 ] ] ], [ [ [ -0.17992, 39.92592 ], [ -0.17987, 39.92629 ], [ -0.17962, 39.92651 ], [ -0.17869, 39.92552 ], [ -0.17902, 39.92537 ], [ -0.17909, 39.92582 ], [ -0.17961, 39.92612 ], [ -0.17992, 39.92592 ] ] ], [ [ [ -0.16387, 39.92922 ], [ -0.16416, 39.929 ], [ -0.16462, 39.92896 ], [ -0.1647, 39.92872 ], [ -0.16514, 39.92872 ], [ -0.16543, 39.92853 ], [ -0.16599, 39.92868 ], [ -0.1663, 39.92918 ], [ -0.16598, 39.92949 ], [ -0.16602, 39.92994 ], [ -0.16483, 39.92986 ], [ -0.16387, 39.92922 ] ] ], [ [ [ -0.19829, 39.94033 ], [ -0.1978, 39.94058 ], [ -0.19769, 39.94041 ], [ -0.19859, 39.93973 ], [ -0.19866, 39.93997 ], [ -0.1989, 39.94002 ], [ -0.19905, 39.94051 ], [ -0.19879, 39.94038 ], [ -0.1986, 39.94057 ], [ -0.19829, 39.94033 ] ] ], [ [ [ -0.1013, 39.94026 ], [ -0.10188, 39.94027 ], [ -0.10186, 39.94072 ], [ -0.10128, 39.94071 ], [ -0.1013, 39.94026 ] ] ], [ [ [ -0.20695, 39.94286 ], [ -0.20717, 39.94354 ], [ -0.20666, 39.94298 ], [ -0.20695, 39.94286 ] ] ], [ [ [ -0.20584, 39.94328 ], [ -0.20567, 39.94324 ], [ -0.2058, 39.94312 ], [ -0.20598, 39.94323 ], [ -0.20584, 39.94328 ] ] ], [ [ [ -0.21065, 39.94532 ], [ -0.21102, 39.94531 ], [ -0.211, 39.94574 ], [ -0.21115, 39.94585 ], [ -0.21081, 39.94588 ], [ -0.21061, 39.9457 ], [ -0.21065, 39.94532 ] ] ], [ [ [ -0.20258, 39.97216 ], [ -0.20274, 39.97205 ], [ -0.20283, 39.97218 ], [ -0.20258, 39.97216 ] ] ], [ [ [ -0.19513, 39.97287 ], [ -0.19541, 39.9729 ], [ -0.19596, 39.97245 ], [ -0.19557, 39.97213 ], [ -0.19628, 39.97258 ], [ -0.19654, 39.97325 ], [ -0.19637, 39.97307 ], [ -0.19516, 39.97303 ], [ -0.19513, 39.97287 ] ] ], [ [ [ -0.09283, 39.97648 ], [ -0.09316, 39.97672 ], [ -0.09274, 39.97672 ], [ -0.09283, 39.97648 ] ] ], [ [ [ -0.15375, 39.99055 ], [ -0.15378, 39.99055 ], [ -0.15378, 39.99058 ], [ -0.15375, 39.99055 ] ] ], [ [ [ -0.15293, 39.99091 ], [ -0.1528, 39.99085 ], [ -0.15297, 39.99068 ], [ -0.15293, 39.99091 ] ] ], [ [ [ -0.15937, 39.99136 ], [ -0.15927, 39.99136 ], [ -0.1594, 39.99111 ], [ -0.15937, 39.99136 ] ] ], [ [ [ -0.16258, 39.99243 ], [ -0.16249, 39.99236 ], [ -0.16284, 39.9924 ], [ -0.16258, 39.99243 ] ] ], [ [ [ -0.16063, 39.99351 ], [ -0.16054, 39.99313 ], [ -0.16028, 39.99297 ], [ -0.16077, 39.99309 ], [ -0.16085, 39.99325 ], [ -0.16063, 39.99351 ] ] ], [ [ [ -0.17439, 40.02187 ], [ -0.17512, 40.02172 ], [ -0.17536, 40.02188 ], [ -0.17524, 40.02229 ], [ -0.17498, 40.02241 ], [ -0.17446, 40.02239 ], [ -0.17417, 40.02211 ], [ -0.17439, 40.02187 ] ] ] ] } },
{ "type": "Feature", "properties": { "anyo": 2000 }, "geometry": { "type": "MultiPolygon", "coordinates": [ [ [ [ -0.33721, 39.79086 ], [ -0.33608, 39.79084 ], [ -0.33674, 39.79074 ], [ -0.33721, 39.79086 ] ] ], [ [ [ -0.23559, 39.8146 ], [ -0.23697, 39.8152 ], [ -0.23692, 39.81557 ], [ -0.23593, 39.81542 ], [ -0.23505, 39.81485 ], [ -0.23517, 39.81467 ], [ -0.23559, 39.8146 ] ] ], [ [ [ -0.25464, 39.84003 ], [ -0.2543, 39.84004 ], [ -0.25429, 39.83981 ], [ -0.25464, 39.83979 ], [ -0.25464, 39.84003 ] ] ], [ [ [ -0.39477, 39.8427 ], [ -0.39493, 39.84293 ], [ -0.39483, 39.84379 ], [ -0.39426, 39.84401 ], [ -0.39394, 39.84383 ], [ -0.39389, 39.8432 ], [ -0.39443, 39.84277 ], [ -0.39477, 39.8427 ] ] ], [ [ [ -0.34365, 39.86837 ], [ -0.34325, 39.86894 ], [ -0.34265, 39.86863 ], [ -0.34319, 39.86829 ], [ -0.34365, 39.86837 ] ] ], [ [ [ -0.42306, 39.87717 ], [ -0.42375, 39.87656 ], [ -0.42408, 39.87645 ], [ -0.42431, 39.87692 ], [ -0.42432, 39.87738 ], [ -0.42523, 39.878 ], [ -0.42591, 39.87813 ], [ -0.42633, 39.87902 ], [ -0.42632, 39.87935 ], [ -0.42528, 39.87972 ], [ -0.42524, 39.88023 ], [ -0.42414, 39.8805 ], [ -0.42408, 39.88067 ], [ -0.42446, 39.88086 ], [ -0.42477, 39.88131 ], [ -0.42445, 39.88181 ], [ -0.42458, 39.8826 ], [ -0.42439, 39.88285 ], [ -0.42371, 39.8833 ], [ -0.42353, 39.88334 ], [ -0.42297, 39.883 ], [ -0.42262, 39.88348 ], [ -0.42117, 39.88366 ], [ -0.42103, 39.88403 ], [ -0.42036, 39.8844 ], [ -0.42007, 39.88407 ], [ -0.42003, 39.88359 ], [ -0.41979, 39.88347 ], [ -0.42003, 39.8834 ], [ -0.42007, 39.88319 ], [ -0.41985, 39.88266 ], [ -0.42026, 39.8822 ], [ -0.42125, 39.88229 ], [ -0.42195, 39.88196 ], [ -0.42196, 39.88168 ], [ -0.42167, 39.88152 ], [ -0.4218, 39.88131 ], [ -0.42165, 39.8811 ], [ -0.42197, 39.88064 ], [ -0.42264, 39.88045 ], [ -0.42295, 39.88013 ], [ -0.42283, 39.87943 ], [ -0.42338, 39.87907 ], [ -0.42349, 39.87878 ], [ -0.42298, 39.87856 ], [ -0.42248, 39.87903 ], [ -0.42177, 39.87885 ], [ -0.42177, 39.87962 ], [ -0.42111, 39.87965 ], [ -0.42101, 39.87979 ], [ -0.42162, 39.8804 ], [ -0.4214, 39.8807 ], [ -0.42164, 39.88073 ], [ -0.42166, 39.88089 ], [ -0.42074, 39.88156 ], [ -0.41994, 39.88185 ], [ -0.41916, 39.88178 ], [ -0.4186, 39.8823 ], [ -0.41815, 39.88232 ], [ -0.4181, 39.88201 ], [ -0.41884, 39.88166 ], [ -0.41894, 39.88129 ], [ -0.41876, 39.88055 ], [ -0.41783, 39.88046 ], [ -0.41716, 39.87984 ], [ -0.4172, 39.87968 ], [ -0.41799, 39.87928 ], [ -0.41851, 39.87929 ], [ -0.4189, 39.87909 ], [ -0.41885, 39.87893 ], [ -0.41925, 39.87875 ], [ -0.42068, 39.87749 ], [ -0.42217, 39.87703 ], [ -0.42306, 39.87717 ] ] ], [ [ [ -0.2738, 39.88726 ], [ -0.27388, 39.88735 ], [ -0.27378, 39.88733 ], [ -0.2738, 39.88726 ] ] ], [ [ [ -0.29313, 39.8894 ], [ -0.29293, 39.88935 ], [ -0.29311, 39.88931 ], [ -0.29313, 39.8894 ] ] ], [ [ [ -0.26982, 39.89003 ], [ -0.26985, 39.89021 ], [ -0.2696, 39.89017 ], [ -0.26962, 39.89003 ], [ -0.26982, 39.89003 ] ] ], [ [ [ -0.25232, 39.89358 ], [ -0.25331, 39.89427 ], [ -0.25283, 39.89486 ], [ -0.25196, 39.89405 ], [ -0.25232, 39.89358 ] ] ], [ [ [ -0.30605, 39.90222 ], [ -0.30959, 39.90195 ], [ -0.30971, 39.90234 ], [ -0.30933, 39.90262 ], [ -0.30925, 39.90306 ], [ -0.30879, 39.90325 ], [ -0.3079, 39.90315 ], [ -0.30749, 39.90289 ], [ -0.30579, 39.9024 ], [ -0.30605, 39.90222 ] ] ], [ [ [ -0.38716, 39.91485 ], [ -0.38686, 39.91522 ], [ -0.38653, 39.91522 ], [ -0.38616, 39.91499 ], [ -0.38515, 39.91496 ], [ -0.38502, 39.91491 ], [ -0.385, 39.91428 ], [ -0.38512, 39.91413 ], [ -0.38609, 39.91387 ], [ -0.3867, 39.91389 ], [ -0.38677, 39.91439 ], [ -0.38716, 39.91485 ] ] ], [ [ [ -0.24115, 39.91475 ], [ -0.24107, 39.91484 ], [ -0.24089, 39.91484 ], [ -0.24093, 39.91471 ], [ -0.24115, 39.91475 ] ] ], [ [ [ -0.34071, 39.93486 ], [ -0.34043, 39.93484 ], [ -0.3404, 39.93461 ], [ -0.34073, 39.93465 ], [ -0.34071, 39.93486 ] ] ], [ [ [ -0.29037, 39.95636 ], [ -0.28985, 39.95646 ], [ -0.28957, 39.95628 ], [ -0.28974, 39.95609 ], [ -0.29025, 39.95609 ], [ -0.29037, 39.95636 ] ] ], [ [ [ -0.26311, 39.96506 ], [ -0.26253, 39.96505 ], [ -0.26255, 39.9646 ], [ -0.26313, 39.96461 ], [ -0.26311, 39.96506 ] ] ], [ [ [ -0.28378, 39.97548 ], [ -0.28308, 39.97572 ], [ -0.28286, 39.97563 ], [ -0.28288, 39.97548 ], [ -0.28334, 39.97526 ], [ -0.28379, 39.97529 ], [ -0.28378, 39.97548 ] ] ], [ [ [ -0.28842, 39.99172 ], [ -0.2893, 39.99184 ], [ -0.2895, 39.99208 ], [ -0.28886, 39.99204 ], [ -0.28879, 39.99187 ], [ -0.28805, 39.99173 ], [ -0.28799, 39.99158 ], [ -0.28833, 39.99147 ], [ -0.28842, 39.99172 ] ] ], [ [ [ -0.27535, 40.00739 ], [ -0.27522, 40.00744 ], [ -0.27535, 40.00735 ], [ -0.27535, 40.00739 ] ] ], [ [ [ -0.21617, 39.76333 ], [ -0.216, 39.76351 ], [ -0.21598, 39.76332 ], [ -0.21617, 39.76333 ] ] ], [ [ [ -0.20451, 39.76994 ], [ -0.20393, 39.76993 ], [ -0.20395, 39.76948 ], [ -0.20453, 39.76949 ], [ -0.20451, 39.76994 ] ] ], [ [ [ -0.20967, 39.79657 ], [ -0.20927, 39.79693 ], [ -0.20912, 39.79682 ], [ -0.2094, 39.79647 ], [ -0.20967, 39.79657 ] ] ], [ [ [ -0.23131, 39.82586 ], [ -0.23073, 39.82584 ], [ -0.23075, 39.82539 ], [ -0.23133, 39.82541 ], [ -0.23131, 39.82586 ] ] ], [ [ [ -0.22001, 39.88816 ], [ -0.22, 39.88817 ], [ -0.22, 39.88816 ], [ -0.22001, 39.88816 ] ] ], [ [ [ -0.09569, 39.90315 ], [ -0.09565, 39.90369 ], [ -0.09541, 39.9038 ], [ -0.09478, 39.9034 ], [ -0.09483, 39.90306 ], [ -0.09569, 39.90315 ] ] ], [ [ [ -0.18212, 39.91284 ], [ -0.18206, 39.91316 ], [ -0.18184, 39.91285 ], [ -0.18212, 39.91284 ] ] ], [ [ [ -0.21778, 39.93531 ], [ -0.21758, 39.93528 ], [ -0.2176, 39.93516 ], [ -0.21773, 39.93515 ], [ -0.21778, 39.93531 ] ] ], [ [ [ -0.23215, 39.9506 ], [ -0.23196, 39.95048 ], [ -0.23225, 39.95067 ], [ -0.23215, 39.9506 ] ] ], [ [ [ -0.15133, 39.98952 ], [ -0.15156, 39.98973 ], [ -0.15134, 39.99003 ], [ -0.15103, 39.98984 ], [ -0.15115, 39.98961 ], [ -0.15098, 39.98926 ], [ -0.15136, 39.98916 ], [ -0.15133, 39.98952 ] ] ], [ [ [ -0.1687, 39.99994 ], [ -0.16865, 40.00004 ], [ -0.16843, 40.00004 ], [ -0.16854, 39.99992 ], [ -0.1687, 39.99994 ] ] ], [ [ [ -0.17133, 40.00644 ], [ -0.17121, 40.0062 ], [ -0.17147, 40.00618 ], [ -0.1715, 40.00639 ], [ -0.17133, 40.00644 ] ] ], [ [ [ -0.20849, 40.0115 ], [ -0.2086, 40.01131 ], [ -0.20867, 40.01145 ], [ -0.20849, 40.0115 ] ] ], [ [ [ -0.2086, 40.01344 ], [ -0.20846, 40.01347 ], [ -0.2084, 40.01321 ], [ -0.2086, 40.01325 ], [ -0.2086, 40.01344 ] ] ], [ [ [ -0.2088, 40.01427 ], [ -0.20884, 40.01451 ], [ -0.20868, 40.01469 ], [ -0.20854, 40.01419 ], [ -0.2088, 40.01427 ] ] ], [ [ [ -0.20971, 40.01448 ], [ -0.20956, 40.0145 ], [ -0.20959, 40.0143 ], [ -0.20971, 40.01448 ] ] ], [ [ [ -0.20872, 40.01473 ], [ -0.20869, 40.01501 ], [ -0.20854, 40.01496 ], [ -0.20859, 40.01476 ], [ -0.20872, 40.01473 ] ] ], [ [ [ -0.19962, 40.0184 ], [ -0.19967, 40.01855 ], [ -0.19956, 40.0185 ], [ -0.19962, 40.0184 ] ] ] ] } },
{ "type": "Feature", "properties": { "anyo": 2001 }, "geometry": { "type": "MultiPolygon", "coordinates": [ [ [ [ -0.33246, 39.82338 ], [ -0.33195, 39.82335 ], [ -0.33217, 39.82292 ], [ -0.33247, 39.82295 ], [ -0.33246, 39.82338 ] ] ], [ [ [ -0.26855, 39.888 ], [ -0.26852, 39.88787 ], [ -0.26878, 39.88781 ], [ -0.2688, 39.88795 ], [ -0.26855, 39.888 ] ] ], [ [ [ -0.34739, 39.91778 ], [ -0.3473, 39.91769 ], [ -0.34737, 39.91769 ], [ -0.34739, 39.91778 ] ] ], [ [ [ -0.26697, 39.94417 ], [ -0.26661, 39.94414 ], [ -0.26667, 39.944 ], [ -0.26703, 39.94404 ], [ -0.26697, 39.94417 ] ] ], [ [ [ -0.33674, 39.97109 ], [ -0.33656, 39.9709 ], [ -0.33674, 39.97075 ], [ -0.33812, 39.97079 ], [ -0.33821, 39.97091 ], [ -0.33804, 39.97113 ], [ -0.33674, 39.97109 ] ] ], [ [ [ -0.29022, 39.98397 ], [ -0.29029, 39.98396 ], [ -0.29026, 39.98398 ], [ -0.29022, 39.98397 ] ] ], [ [ [ -0.19691, 39.78768 ], [ -0.19677, 39.78762 ], [ -0.19682, 39.78755 ], [ -0.19706, 39.78758 ], [ -0.19691, 39.78768 ] ] ], [ [ [ -0.24311, 39.81656 ], [ -0.24294, 39.81696 ], [ -0.24265, 39.81698 ], [ -0.24246, 39.81654 ], [ -0.24257, 39.81637 ], [ -0.24302, 39.81637 ], [ -0.24311, 39.81656 ] ] ], [ [ [ -0.25954, 39.82716 ], [ -0.25964, 39.82823 ], [ -0.2595, 39.82844 ], [ -0.25904, 39.82859 ], [ -0.25871, 39.82843 ], [ -0.25864, 39.82814 ], [ -0.25918, 39.82718 ], [ -0.25954, 39.82716 ] ] ], [ [ [ -0.19659, 39.8559 ], [ -0.19666, 39.85617 ], [ -0.19639, 39.85686 ], [ -0.1959, 39.85683 ], [ -0.19589, 39.85697 ], [ -0.19655, 39.85711 ], [ -0.19675, 39.85729 ], [ -0.19664, 39.85758 ], [ -0.19562, 39.85755 ], [ -0.19553, 39.85738 ], [ -0.19582, 39.85706 ], [ -0.1958, 39.85676 ], [ -0.19545, 39.85664 ], [ -0.19475, 39.85714 ], [ -0.19421, 39.85682 ], [ -0.1951, 39.85596 ], [ -0.19659, 39.8559 ] ] ], [ [ [ -0.18043, 39.87175 ], [ -0.18024, 39.87163 ], [ -0.18061, 39.87161 ], [ -0.1807, 39.87171 ], [ -0.18043, 39.87175 ] ] ], [ [ [ -0.25035, 39.92455 ], [ -0.25045, 39.92493 ], [ -0.24977, 39.92489 ], [ -0.25009, 39.92446 ], [ -0.25035, 39.92455 ] ] ], [ [ [ -0.1111, 39.95954 ], [ -0.11044, 39.95963 ], [ -0.11057, 39.95948 ], [ -0.1111, 39.95954 ] ] ], [ [ [ -0.25419, 39.99105 ], [ -0.25388, 39.99098 ], [ -0.25395, 39.99083 ], [ -0.25457, 39.99077 ], [ -0.25419, 39.99105 ] ] ] ] } },
{ "type": "Feature", "properties": { "anyo": 2002 }, "geometry": { "type": "MultiPolygon", "coordinates": [ [ [ [ -0.21031, 39.8284 ], [ -0.21023, 39.82844 ], [ -0.21024, 39.82839 ], [ -0.21031, 39.8284 ] ] ], [ [ [ -0.33788, 39.83045 ], [ -0.33799, 39.83066 ], [ -0.33767, 39.83091 ], [ -0.33739, 39.83156 ], [ -0.33679, 39.83181 ], [ -0.33653, 39.83168 ], [ -0.33641, 39.83152 ], [ -0.33712, 39.83044 ], [ -0.33788, 39.83045 ] ] ], [ [ [ -0.30589, 39.88126 ], [ -0.30647, 39.88127 ], [ -0.30646, 39.88172 ], [ -0.30587, 39.88171 ], [ -0.30589, 39.88126 ] ] ], [ [ [ -0.41064, 39.89073 ], [ -0.41076, 39.89068 ], [ -0.41075, 39.89078 ], [ -0.41064, 39.89073 ] ] ], [ [ [ -0.35528, 39.91462 ], [ -0.35546, 39.91395 ], [ -0.35524, 39.91391 ], [ -0.35518, 39.91373 ], [ -0.35573, 39.91379 ], [ -0.35568, 39.91463 ], [ -0.35528, 39.91462 ] ] ], [ [ [ -0.25311, 39.98987 ], [ -0.25303, 39.98982 ], [ -0.25311, 39.98982 ], [ -0.25311, 39.98987 ] ] ], [ [ [ -0.38254, 40.00278 ], [ -0.38283, 40.00245 ], [ -0.38298, 40.00253 ], [ -0.38269, 40.00278 ], [ -0.38254, 40.00278 ] ] ], [ [ [ -0.25339, 40.01695 ], [ -0.25365, 40.01695 ], [ -0.25371, 40.01704 ], [ -0.25339, 40.01709 ], [ -0.25339, 40.01695 ] ] ], [ [ [ -0.17502, 40.02037 ], [ -0.17495, 40.02038 ], [ -0.17497, 40.02035 ], [ -0.17502, 40.02037 ] ] ] ] } },
{ "type": "Feature", "properties": { "anyo": 2003 }, "geometry": { "type": "MultiPolygon", "coordinates": [ [ [ [ -0.32256, 39.87257 ], [ -0.31875, 39.87147 ], [ -0.31851, 39.87109 ], [ -0.31798, 39.87082 ], [ -0.318, 39.87047 ], [ -0.31943, 39.86934 ], [ -0.31984, 39.86938 ], [ -0.32007, 39.86874 ], [ -0.32079, 39.86863 ], [ -0.32105, 39.86845 ], [ -0.32125, 39.8686 ], [ -0.32098, 39.86942 ], [ -0.32108, 39.86965 ], [ -0.32311, 39.87063 ], [ -0.32367, 39.87139 ], [ -0.32456, 39.8715 ], [ -0.32459, 39.87183 ], [ -0.32313, 39.87246 ], [ -0.32256, 39.87257 ] ], [ [ -0.32138, 39.87104 ], [ -0.3212, 39.87096 ], [ -0.32087, 39.8712 ], [ -0.32112, 39.87148 ], [ -0.3216, 39.87149 ], [ -0.32157, 39.87133 ], [ -0.32131, 39.8713 ], [ -0.32138, 39.87104 ] ] ], [ [ [ -0.32815, 39.89729 ], [ -0.32676, 39.89698 ], [ -0.3262, 39.8971 ], [ -0.32614, 39.89745 ], [ -0.3251, 39.8973 ], [ -0.32514, 39.89668 ], [ -0.325, 39.89638 ], [ -0.32467, 39.89638 ], [ -0.32532, 39.89577 ], [ -0.32573, 39.89576 ], [ -0.32578, 39.89554 ], [ -0.32453, 39.89502 ], [ -0.32412, 39.89523 ], [ -0.32328, 39.89514 ], [ -0.32306, 39.89489 ], [ -0.32203, 39.89471 ], [ -0.32291, 39.89425 ], [ -0.323, 39.89361 ], [ -0.32262, 39.89308 ], [ -0.32137, 39.89263 ], [ -0.32095, 39.89287 ], [ -0.32042, 39.89283 ], [ -0.31991, 39.89261 ], [ -0.31934, 39.89186 ], [ -0.3184, 39.89184 ], [ -0.31856, 39.8914 ], [ -0.319, 39.89126 ], [ -0.31881, 39.89083 ], [ -0.31973, 39.89067 ], [ -0.31985, 39.89023 ], [ -0.3193, 39.88994 ], [ -0.31892, 39.88946 ], [ -0.31866, 39.88876 ], [ -0.31863, 39.88812 ], [ -0.31809, 39.88805 ], [ -0.31702, 39.88859 ], [ -0.31683, 39.88798 ], [ -0.31765, 39.88765 ], [ -0.31702, 39.88708 ], [ -0.3174, 39.88654 ], [ -0.31804, 39.88638 ], [ -0.31809, 39.88666 ], [ -0.31839, 39.88684 ], [ -0.3191, 39.88674 ], [ -0.31904, 39.88631 ], [ -0.3183, 39.88627 ], [ -0.31831, 39.88426 ], [ -0.31894, 39.8841 ], [ -0.31948, 39.88343 ], [ -0.3202, 39.88316 ], [ -0.32089, 39.88324 ], [ -0.32119, 39.88283 ], [ -0.32128, 39.88242 ], [ -0.32091, 39.88223 ], [ -0.32101, 39.88204 ], [ -0.32064, 39.88171 ], [ -0.32076, 39.88146 ], [ -0.32116, 39.88159 ], [ -0.32123, 39.88122 ], [ -0.32068, 39.88078 ], [ -0.32093, 39.87968 ], [ -0.32086, 39.87872 ], [ -0.32027, 39.87853 ], [ -0.32019, 39.87897 ], [ -0.32051, 39.87955 ], [ -0.32002, 39.88028 ], [ -0.31935, 39.88035 ], [ -0.31862, 39.88014 ], [ -0.31879, 39.88086 ], [ -0.3187, 39.88122 ], [ -0.318, 39.88153 ], [ -0.31709, 39.88176 ], [ -0.31695, 39.88145 ], [ -0.31581, 39.88147 ], [ -0.31476, 39.88067 ], [ -0.31476, 39.88115 ], [ -0.31441, 39.8818 ], [ -0.31336, 39.88198 ], [ -0.31267, 39.88182 ], [ -0.31229, 39.88187 ], [ -0.31185, 39.88218 ], [ -0.31124, 39.88211 ], [ -0.31119, 39.88131 ], [ -0.31185, 39.88108 ], [ -0.31222, 39.88053 ], [ -0.31215, 39.88008 ], [ -0.31173, 39.88016 ], [ -0.31134, 39.87974 ], [ -0.31063, 39.87965 ], [ -0.30966, 39.87898 ], [ -0.31011, 39.87834 ], [ -0.31017, 39.87765 ], [ -0.30976, 39.87743 ], [ -0.30972, 39.8772 ], [ -0.31031, 39.8767 ], [ -0.31172, 39.87633 ], [ -0.31197, 39.8752 ], [ -0.31256, 39.87489 ], [ -0.31298, 39.87437 ], [ -0.31267, 39.87391 ], [ -0.31271, 39.87263 ], [ -0.31216, 39.87255 ], [ -0.31168, 39.87273 ], [ -0.31003, 39.87243 ], [ -0.30931, 39.87203 ], [ -0.30791, 39.87088 ], [ -0.30647, 39.87065 ], [ -0.30592, 39.87039 ], [ -0.30544, 39.86989 ], [ -0.30548, 39.86929 ], [ -0.30491, 39.86873 ], [ -0.30478, 39.86816 ], [ -0.30545, 39.86755 ], [ -0.30504, 39.86732 ], [ -0.30409, 39.86774 ], [ -0.30231, 39.86753 ], [ -0.30199, 39.86811 ], [ -0.30116, 39.86759 ], [ -0.30159, 39.86665 ], [ -0.30244, 39.86637 ], [ -0.30404, 39.86642 ], [ -0.30459, 39.86612 ], [ -0.30544, 39.86633 ], [ -0.30648, 39.86629 ], [ -0.3064, 39.86597 ], [ -0.30551, 39.86595 ], [ -0.30539, 39.86571 ], [ -0.30531, 39.86539 ], [ -0.30614, 39.86502 ], [ -0.3067, 39.86509 ], [ -0.308, 39.86475 ], [ -0.30949, 39.86479 ], [ -0.30956, 39.86442 ], [ -0.30876, 39.86426 ], [ -0.30734, 39.86436 ], [ -0.30713, 39.86395 ], [ -0.30645, 39.86351 ], [ -0.30622, 39.86307 ], [ -0.30686, 39.86291 ], [ -0.3071, 39.86327 ], [ -0.30751, 39.86347 ], [ -0.30807, 39.86323 ], [ -0.30852, 39.8635 ], [ -0.30872, 39.86387 ], [ -0.30909, 39.86385 ], [ -0.3082, 39.86245 ], [ -0.30679, 39.86188 ], [ -0.30672, 39.8615 ], [ -0.3061, 39.86133 ], [ -0.30612, 39.86176 ], [ -0.30648, 39.86185 ], [ -0.30654, 39.8623 ], [ -0.30606, 39.86233 ], [ -0.30533, 39.8628 ], [ -0.30543, 39.86322 ], [ -0.3051, 39.8634 ], [ -0.30438, 39.8633 ], [ -0.30417, 39.8631 ], [ -0.3029, 39.8627 ], [ -0.30348, 39.86263 ], [ -0.30336, 39.86227 ], [ -0.30347, 39.86187 ], [ -0.30279, 39.861 ], [ -0.30239, 39.86103 ], [ -0.30228, 39.86143 ], [ -0.30136, 39.86187 ], [ -0.30079, 39.86172 ], [ -0.30065, 39.86132 ], [ -0.30012, 39.86129 ], [ -0.29992, 39.86099 ], [ -0.30046, 39.8609 ], [ -0.3004, 39.86056 ], [ -0.29914, 39.86074 ], [ -0.29809, 39.86034 ], [ -0.29726, 39.86035 ], [ -0.29574, 39.85959 ], [ -0.29607, 39.85944 ], [ -0.29617, 39.85921 ], [ -0.2967, 39.85913 ], [ -0.29649, 39.85886 ], [ -0.29565, 39.85847 ], [ -0.29524, 39.85849 ], [ -0.29561, 39.85888 ], [ -0.29524, 39.85934 ], [ -0.29403, 39.85979 ], [ -0.29238, 39.85965 ], [ -0.29243, 39.85999 ], [ -0.293, 39.86003 ], [ -0.29312, 39.86125 ], [ -0.29284, 39.86151 ], [ -0.29185, 39.86142 ], [ -0.2918, 39.86181 ], [ -0.29225, 39.86208 ], [ -0.29162, 39.8622 ], [ -0.29135, 39.862 ], [ -0.29034, 39.86191 ], [ -0.29012, 39.86255 ], [ -0.28939, 39.86265 ], [ -0.28868, 39.86309 ], [ -0.28769, 39.86317 ], [ -0.28718, 39.86248 ], [ -0.28752, 39.8616 ], [ -0.28833, 39.8615 ], [ -0.28869, 39.86037 ], [ -0.28864, 39.85969 ], [ -0.28933, 39.85936 ], [ -0.28959, 39.85892 ], [ -0.28998, 39.85879 ], [ -0.29012, 39.85915 ], [ -0.29063, 39.85933 ], [ -0.29065, 39.85987 ], [ -0.2911, 39.86009 ], [ -0.29139, 39.85995 ], [ -0.29139, 39.85961 ], [ -0.291, 39.85933 ], [ -0.29156, 39.85916 ], [ -0.29142, 39.8586 ], [ -0.29157, 39.85788 ], [ -0.29111, 39.85734 ], [ -0.29009, 39.858 ], [ -0.28851, 39.85716 ], [ -0.28883, 39.85578 ], [ -0.28918, 39.85535 ], [ -0.28913, 39.85498 ], [ -0.28848, 39.8549 ], [ -0.28853, 39.85452 ], [ -0.28941, 39.85463 ], [ -0.28994, 39.85491 ], [ -0.29084, 39.85453 ], [ -0.28997, 39.85322 ], [ -0.29011, 39.85298 ], [ -0.2919, 39.85284 ], [ -0.292, 39.85233 ], [ -0.29059, 39.8515 ], [ -0.29045, 39.85123 ], [ -0.29168, 39.85085 ], [ -0.29183, 39.85017 ], [ -0.29243, 39.85005 ], [ -0.29371, 39.85018 ], [ -0.29557, 39.85073 ], [ -0.29725, 39.85096 ], [ -0.29798, 39.85126 ], [ -0.29899, 39.85202 ], [ -0.29914, 39.85252 ], [ -0.29955, 39.8524 ], [ -0.29996, 39.85196 ], [ -0.29985, 39.85103 ], [ -0.30054, 39.85105 ], [ -0.30055, 39.8517 ], [ -0.30187, 39.85238 ], [ -0.30337, 39.85162 ], [ -0.3037, 39.85107 ], [ -0.30448, 39.8508 ], [ -0.30521, 39.85096 ], [ -0.30474, 39.85186 ], [ -0.30492, 39.85227 ], [ -0.30602, 39.85193 ], [ -0.30675, 39.8514 ], [ -0.3069, 39.85055 ], [ -0.30752, 39.8505 ], [ -0.30778, 39.85007 ], [ -0.30895, 39.84964 ], [ -0.30959, 39.85026 ], [ -0.30964, 39.85067 ], [ -0.30897, 39.85061 ], [ -0.30909, 39.85147 ], [ -0.30878, 39.85205 ], [ -0.30822, 39.8517 ], [ -0.30795, 39.85124 ], [ -0.30718, 39.85138 ], [ -0.30676, 39.85183 ], [ -0.30623, 39.8519 ], [ -0.30651, 39.85259 ], [ -0.30682, 39.85282 ], [ -0.30746, 39.85294 ], [ -0.30809, 39.85388 ], [ -0.30809, 39.85445 ], [ -0.30719, 39.85436 ], [ -0.30694, 39.85458 ], [ -0.30732, 39.85506 ], [ -0.30802, 39.8552 ], [ -0.30782, 39.85577 ], [ -0.30793, 39.85594 ], [ -0.30819, 39.85604 ], [ -0.30901, 39.85546 ], [ -0.30955, 39.85532 ], [ -0.30946, 39.85567 ], [ -0.30824, 39.85623 ], [ -0.3081, 39.85668 ], [ -0.30866, 39.85659 ], [ -0.31119, 39.85454 ], [ -0.31159, 39.8546 ], [ -0.31191, 39.85492 ], [ -0.31239, 39.85481 ], [ -0.31265, 39.85455 ], [ -0.31267, 39.85396 ], [ -0.31322, 39.8538 ], [ -0.31361, 39.85347 ], [ -0.31416, 39.85373 ], [ -0.31443, 39.85409 ], [ -0.31398, 39.85434 ], [ -0.31365, 39.8549 ], [ -0.31297, 39.85544 ], [ -0.31258, 39.85545 ], [ -0.31185, 39.85592 ], [ -0.31175, 39.85636 ], [ -0.31133, 39.85638 ], [ -0.3117, 39.85837 ], [ -0.31167, 39.85874 ], [ -0.31113, 39.85908 ], [ -0.31135, 39.85932 ], [ -0.31137, 39.85986 ], [ -0.31004, 39.85959 ], [ -0.30986, 39.85988 ], [ -0.31039, 39.86037 ], [ -0.31197, 39.86075 ], [ -0.31224, 39.8616 ], [ -0.31287, 39.86163 ], [ -0.31288, 39.86194 ], [ -0.3117, 39.86267 ], [ -0.31198, 39.86294 ], [ -0.31181, 39.86371 ], [ -0.31203, 39.86408 ], [ -0.31258, 39.86477 ], [ -0.31346, 39.86501 ], [ -0.31366, 39.8656 ], [ -0.31339, 39.86583 ], [ -0.31333, 39.86614 ], [ -0.31384, 39.86647 ], [ -0.3145, 39.86653 ], [ -0.31549, 39.86615 ], [ -0.31619, 39.86655 ], [ -0.31661, 39.86653 ], [ -0.3168, 39.86608 ], [ -0.31744, 39.86544 ], [ -0.31786, 39.86543 ], [ -0.31795, 39.86501 ], [ -0.31867, 39.86544 ], [ -0.31919, 39.86636 ], [ -0.31916, 39.86783 ], [ -0.31876, 39.86833 ], [ -0.31768, 39.86808 ], [ -0.31661, 39.8684 ], [ -0.31617, 39.86856 ], [ -0.31585, 39.86922 ], [ -0.31636, 39.86951 ], [ -0.31686, 39.86944 ], [ -0.31664, 39.86922 ], [ -0.31671, 39.86884 ], [ -0.31809, 39.86889 ], [ -0.31809, 39.86929 ], [ -0.31875, 39.8693 ], [ -0.3187, 39.86963 ], [ -0.31806, 39.86964 ], [ -0.31665, 39.87007 ], [ -0.31661, 39.87036 ], [ -0.31787, 39.87051 ], [ -0.31808, 39.87154 ], [ -0.31901, 39.87176 ], [ -0.31956, 39.87202 ], [ -0.31978, 39.87233 ], [ -0.32044, 39.87213 ], [ -0.32114, 39.87278 ], [ -0.32217, 39.87268 ], [ -0.3225, 39.87289 ], [ -0.32178, 39.87359 ], [ -0.32143, 39.8737 ], [ -0.32128, 39.8741 ], [ -0.3215, 39.87539 ], [ -0.32189, 39.87573 ], [ -0.32161, 39.876 ], [ -0.3207, 39.87631 ], [ -0.32034, 39.8767 ], [ -0.32053, 39.87719 ], [ -0.3211, 39.87761 ], [ -0.32116, 39.87789 ], [ -0.32129, 39.87887 ], [ -0.32104, 39.88052 ], [ -0.32142, 39.88101 ], [ -0.3214, 39.88147 ], [ -0.32195, 39.8815 ], [ -0.32156, 39.88166 ], [ -0.32175, 39.88187 ], [ -0.32284, 39.88176 ], [ -0.32301, 39.88259 ], [ -0.32348, 39.88321 ], [ -0.32325, 39.88356 ], [ -0.32394, 39.88366 ], [ -0.32389, 39.88396 ], [ -0.323, 39.88414 ], [ -0.32295, 39.8845 ], [ -0.32397, 39.88442 ], [ -0.32436, 39.8846 ], [ -0.32435, 39.88503 ], [ -0.32394, 39.88566 ], [ -0.32525, 39.88555 ], [ -0.32571, 39.88565 ], [ -0.32685, 39.88611 ], [ -0.32713, 39.88641 ], [ -0.32801, 39.8865 ], [ -0.32808, 39.88665 ], [ -0.32938, 39.88668 ], [ -0.32989, 39.88625 ], [ -0.33068, 39.8864 ], [ -0.33204, 39.88636 ], [ -0.33205, 39.88673 ], [ -0.33415, 39.88689 ], [ -0.3345, 39.88755 ], [ -0.33446, 39.88774 ], [ -0.33329, 39.88809 ], [ -0.33292, 39.88881 ], [ -0.33305, 39.88924 ], [ -0.33323, 39.88954 ], [ -0.33361, 39.88964 ], [ -0.33499, 39.88936 ], [ -0.33536, 39.88995 ], [ -0.33533, 39.8902 ], [ -0.33505, 39.89044 ], [ -0.33462, 39.89067 ], [ -0.33387, 39.89067 ], [ -0.33357, 39.89102 ], [ -0.33304, 39.89122 ], [ -0.33278, 39.89094 ], [ -0.33295, 39.89065 ], [ -0.33342, 39.89049 ], [ -0.33358, 39.89018 ], [ -0.33247, 39.89012 ], [ -0.33117, 39.89061 ], [ -0.3303, 39.89075 ], [ -0.33037, 39.8904 ], [ -0.3312, 39.8903 ], [ -0.33019, 39.88948 ], [ -0.32981, 39.88947 ], [ -0.3298, 39.8899 ], [ -0.329, 39.8895 ], [ -0.32888, 39.88977 ], [ -0.32953, 39.89022 ], [ -0.32967, 39.89058 ], [ -0.32955, 39.89082 ], [ -0.32911, 39.89076 ], [ -0.32865, 39.89116 ], [ -0.32862, 39.89203 ], [ -0.32834, 39.89224 ], [ -0.32841, 39.8925 ], [ -0.32952, 39.89243 ], [ -0.32956, 39.89199 ], [ -0.32995, 39.89181 ], [ -0.33093, 39.89174 ], [ -0.331, 39.8914 ], [ -0.33124, 39.89162 ], [ -0.33159, 39.89158 ], [ -0.33185, 39.89105 ], [ -0.33251, 39.89115 ], [ -0.33254, 39.89155 ], [ -0.33293, 39.89167 ], [ -0.33349, 39.89145 ], [ -0.33338, 39.89177 ], [ -0.33247, 39.89219 ], [ -0.33138, 39.89206 ], [ -0.33119, 39.89243 ], [ -0.33037, 39.89225 ], [ -0.32938, 39.89289 ], [ -0.32868, 39.89292 ], [ -0.32857, 39.8937 ], [ -0.32818, 39.89394 ], [ -0.32822, 39.89437 ], [ -0.32869, 39.89442 ], [ -0.32882, 39.89515 ], [ -0.32923, 39.89527 ], [ -0.3291, 39.89565 ], [ -0.32846, 39.89566 ], [ -0.32828, 39.89638 ], [ -0.32892, 39.89639 ], [ -0.32892, 39.89669 ], [ -0.32815, 39.89729 ] ], [ [ -0.30369, 39.85504 ], [ -0.30338, 39.85529 ], [ -0.30379, 39.8555 ], [ -0.30387, 39.85517 ], [ -0.30369, 39.85504 ] ], [ [ -0.32895, 39.88811 ], [ -0.32852, 39.88791 ], [ -0.32844, 39.88829 ], [ -0.32877, 39.88829 ], [ -0.32895, 39.88811 ] ], [ [ -0.31434, 39.88038 ], [ -0.31411, 39.87992 ], [ -0.3137, 39.88015 ], [ -0.31375, 39.88033 ], [ -0.31434, 39.88038 ] ], [ [ -0.32693, 39.89658 ], [ -0.32706, 39.89609 ], [ -0.32649, 39.89592 ], [ -0.3265, 39.8961 ], [ -0.32673, 39.89621 ], [ -0.32654, 39.89662 ], [ -0.32693, 39.89658 ] ], [ [ -0.31385, 39.87344 ], [ -0.31372, 39.8732 ], [ -0.31319, 39.8731 ], [ -0.31329, 39.87361 ], [ -0.31373, 39.87362 ], [ -0.31385, 39.87344 ] ], [ [ -0.32029, 39.89128 ], [ -0.31965, 39.89126 ], [ -0.31964, 39.89166 ], [ -0.32025, 39.89169 ], [ -0.32037, 39.8915 ], [ -0.32029, 39.89128 ] ], [ [ -0.32422, 39.88834 ], [ -0.32491, 39.88837 ], [ -0.32487, 39.88792 ], [ -0.32504, 39.8878 ], [ -0.32492, 39.88753 ], [ -0.32443, 39.88735 ], [ -0.32473, 39.88794 ], [ -0.32422, 39.88834 ] ], [ [ -0.32527, 39.88643 ], [ -0.32512, 39.88594 ], [ -0.32458, 39.88594 ], [ -0.32457, 39.88623 ], [ -0.32518, 39.88663 ], [ -0.32555, 39.88668 ], [ -0.32527, 39.88643 ] ], [ [ -0.30496, 39.86211 ], [ -0.30463, 39.86171 ], [ -0.30428, 39.86162 ], [ -0.30406, 39.86189 ], [ -0.30437, 39.86247 ], [ -0.30485, 39.86244 ], [ -0.30496, 39.86211 ] ], [ [ -0.30934, 39.85973 ], [ -0.30921, 39.85924 ], [ -0.309, 39.85908 ], [ -0.30857, 39.8593 ], [ -0.30883, 39.85953 ], [ -0.30866, 39.86013 ], [ -0.30902, 39.86008 ], [ -0.30934, 39.85973 ] ], [ [ -0.30569, 39.85273 ], [ -0.30543, 39.85232 ], [ -0.3045, 39.8526 ], [ -0.30454, 39.85297 ], [ -0.30545, 39.85295 ], [ -0.30569, 39.85273 ] ], [ [ -0.31356, 39.86767 ], [ -0.31366, 39.86736 ], [ -0.31327, 39.86711 ], [ -0.31279, 39.86743 ], [ -0.31245, 39.86744 ], [ -0.31248, 39.86776 ], [ -0.31356, 39.86767 ] ], [ [ -0.33205, 39.88963 ], [ -0.33314, 39.88964 ], [ -0.33249, 39.88925 ], [ -0.33152, 39.88942 ], [ -0.33142, 39.88963 ], [ -0.33164, 39.88984 ], [ -0.33205, 39.88963 ] ], [ [ -0.31271, 39.86922 ], [ -0.31342, 39.8686 ], [ -0.31301, 39.86837 ], [ -0.31272, 39.86842 ], [ -0.31275, 39.86866 ], [ -0.31247, 39.86895 ], [ -0.31199, 39.8691 ], [ -0.31207, 39.86933 ], [ -0.31271, 39.86922 ] ], [ [ -0.29187, 39.86098 ], [ -0.29138, 39.86067 ], [ -0.29068, 39.86047 ], [ -0.29059, 39.86083 ], [ -0.29082, 39.86084 ], [ -0.29115, 39.86127 ], [ -0.29182, 39.86123 ], [ -0.29187, 39.86098 ] ], [ [ -0.30796, 39.86568 ], [ -0.3084, 39.86521 ], [ -0.30833, 39.8651 ], [ -0.30775, 39.86509 ], [ -0.30725, 39.86528 ], [ -0.30716, 39.86565 ], [ -0.30732, 39.86582 ], [ -0.30796, 39.86568 ] ], [ [ -0.29762, 39.85863 ], [ -0.2968, 39.85793 ], [ -0.29643, 39.85801 ], [ -0.29635, 39.8582 ], [ -0.29684, 39.85888 ], [ -0.29747, 39.85885 ], [ -0.29762, 39.85863 ] ], [ [ -0.30253, 39.85919 ], [ -0.30326, 39.85893 ], [ -0.30336, 39.85873 ], [ -0.30283, 39.85838 ], [ -0.30249, 39.8586 ], [ -0.30237, 39.85895 ], [ -0.30178, 39.85923 ], [ -0.30167, 39.85971 ], [ -0.30236, 39.85957 ], [ -0.30253, 39.85919 ] ], [ [ -0.31122, 39.8641 ], [ -0.31043, 39.8637 ], [ -0.31003, 39.8639 ], [ -0.30965, 39.86327 ], [ -0.30921, 39.86389 ], [ -0.31028, 39.86434 ], [ -0.31138, 39.8644 ], [ -0.31122, 39.8641 ] ], [ [ -0.31014, 39.86825 ], [ -0.31152, 39.86796 ], [ -0.31168, 39.86773 ], [ -0.31137, 39.86764 ], [ -0.30987, 39.86789 ], [ -0.30879, 39.86835 ], [ -0.30891, 39.86857 ], [ -0.30941, 39.86857 ], [ -0.31014, 39.86825 ] ], [ [ -0.31826, 39.87879 ], [ -0.31743, 39.87886 ], [ -0.31759, 39.87922 ], [ -0.31742, 39.87933 ], [ -0.31736, 39.87963 ], [ -0.3184, 39.88001 ], [ -0.31845, 39.87936 ], [ -0.31826, 39.87879 ] ], [ [ -0.32898, 39.88905 ], [ -0.32942, 39.88929 ], [ -0.32996, 39.88914 ], [ -0.33022, 39.88883 ], [ -0.32944, 39.8885 ], [ -0.32864, 39.88861 ], [ -0.32862, 39.88899 ], [ -0.32809, 39.88899 ], [ -0.32817, 39.88921 ], [ -0.32871, 39.88922 ], [ -0.32898, 39.88905 ] ], [ [ -0.32809, 39.88897 ], [ -0.32808, 39.88899 ], [ -0.32809, 39.88899 ], [ -0.32809, 39.88897 ] ], [ [ -0.32195, 39.88699 ], [ -0.32223, 39.88674 ], [ -0.32218, 39.88647 ], [ -0.32162, 39.88599 ], [ -0.32113, 39.8859 ], [ -0.32083, 39.88618 ], [ -0.32194, 39.88731 ], [ -0.3223, 39.88724 ], [ -0.32195, 39.88699 ] ], [ [ -0.30999, 39.85843 ], [ -0.31066, 39.85826 ], [ -0.31094, 39.85763 ], [ -0.31096, 39.85707 ], [ -0.31067, 39.85709 ], [ -0.31068, 39.8573 ], [ -0.31043, 39.85741 ], [ -0.31044, 39.85762 ], [ -0.31066, 39.85778 ], [ -0.31056, 39.85794 ], [ -0.30962, 39.85792 ], [ -0.30939, 39.85843 ], [ -0.30966, 39.85884 ], [ -0.3099, 39.85874 ], [ -0.30999, 39.85843 ] ], [ [ -0.32615, 39.88847 ], [ -0.32552, 39.88837 ], [ -0.32562, 39.8893 ], [ -0.32658, 39.88967 ], [ -0.32693, 39.88947 ], [ -0.32615, 39.88847 ] ], [ [ -0.31099, 39.87089 ], [ -0.31045, 39.86913 ], [ -0.30997, 39.86925 ], [ -0.30997, 39.87016 ], [ -0.31036, 39.87097 ], [ -0.31099, 39.87089 ] ], [ [ -0.33123, 39.88713 ], [ -0.3308, 39.88792 ], [ -0.3309, 39.88823 ], [ -0.3317, 39.8882 ], [ -0.33201, 39.88803 ], [ -0.33245, 39.88743 ], [ -0.33195, 39.88711 ], [ -0.33123, 39.88713 ] ], [ [ -0.31897, 39.8883 ], [ -0.31952, 39.88878 ], [ -0.3198, 39.8885 ], [ -0.32018, 39.88854 ], [ -0.32072, 39.88821 ], [ -0.32085, 39.88783 ], [ -0.3195, 39.88771 ], [ -0.31898, 39.88797 ], [ -0.31897, 39.8883 ] ], [ [ -0.31072, 39.86624 ], [ -0.31188, 39.86641 ], [ -0.31162, 39.86533 ], [ -0.31131, 39.86524 ], [ -0.31112, 39.86536 ], [ -0.31102, 39.8658 ], [ -0.31008, 39.8659 ], [ -0.30983, 39.86632 ], [ -0.30956, 39.86631 ], [ -0.30961, 39.86656 ], [ -0.30986, 39.86666 ], [ -0.31072, 39.86624 ] ], [ [ -0.30893, 39.85808 ], [ -0.3091, 39.85769 ], [ -0.30821, 39.85731 ], [ -0.30769, 39.8573 ], [ -0.30704, 39.85774 ], [ -0.3072, 39.85803 ], [ -0.30757, 39.85807 ], [ -0.30775, 39.85791 ], [ -0.30824, 39.85847 ], [ -0.30851, 39.85844 ], [ -0.30893, 39.85808 ] ], [ [ -0.2986, 39.859 ], [ -0.29904, 39.8584 ], [ -0.29886, 39.8581 ], [ -0.2986, 39.85802 ], [ -0.29838, 39.85825 ], [ -0.29843, 39.85845 ], [ -0.29767, 39.85908 ], [ -0.29756, 39.85985 ], [ -0.29801, 39.85988 ], [ -0.29874, 39.86022 ], [ -0.29846, 39.85965 ], [ -0.2986, 39.859 ] ], [ [ -0.30555, 39.85821 ], [ -0.30692, 39.85802 ], [ -0.30697, 39.85754 ], [ -0.30726, 39.85711 ], [ -0.30701, 39.85664 ], [ -0.30644, 39.8565 ], [ -0.30606, 39.85618 ], [ -0.30576, 39.85658 ], [ -0.30616, 39.85676 ], [ -0.30679, 39.85746 ], [ -0.3063, 39.85759 ], [ -0.30632, 39.85773 ], [ -0.30545, 39.85774 ], [ -0.30555, 39.85821 ] ], [ [ -0.32072, 39.87329 ], [ -0.32071, 39.87295 ], [ -0.3203, 39.8726 ], [ -0.31829, 39.8726 ], [ -0.31793, 39.87293 ], [ -0.31866, 39.87353 ], [ -0.31914, 39.87306 ], [ -0.3194, 39.87308 ], [ -0.31951, 39.8738 ], [ -0.32072, 39.87329 ] ], [ [ -0.30787, 39.86737 ], [ -0.30801, 39.86675 ], [ -0.30819, 39.86662 ], [ -0.30864, 39.86685 ], [ -0.30884, 39.86764 ], [ -0.30919, 39.8676 ], [ -0.30929, 39.86693 ], [ -0.30894, 39.86671 ], [ -0.30871, 39.86604 ], [ -0.30822, 39.86591 ], [ -0.30793, 39.8663 ], [ -0.30767, 39.8663 ], [ -0.30748, 39.86712 ], [ -0.30653, 39.86742 ], [ -0.30603, 39.8678 ], [ -0.30657, 39.86824 ], [ -0.30724, 39.8675 ], [ -0.30787, 39.86737 ] ], [ [ -0.306, 39.85688 ], [ -0.3048, 39.85623 ], [ -0.30433, 39.85644 ], [ -0.30391, 39.85588 ], [ -0.30358, 39.85573 ], [ -0.303, 39.8558 ], [ -0.30289, 39.85599 ], [ -0.30302, 39.85614 ], [ -0.30366, 39.8564 ], [ -0.30376, 39.85684 ], [ -0.30414, 39.85688 ], [ -0.30453, 39.85748 ], [ -0.30385, 39.85802 ], [ -0.3037, 39.85839 ], [ -0.3038, 39.85859 ], [ -0.30438, 39.858 ], [ -0.30507, 39.8576 ], [ -0.30512, 39.85739 ], [ -0.30594, 39.85712 ], [ -0.306, 39.85688 ] ], [ [ -0.30776, 39.85591 ], [ -0.30699, 39.85522 ], [ -0.30614, 39.85489 ], [ -0.30585, 39.8545 ], [ -0.30471, 39.8546 ], [ -0.30431, 39.85505 ], [ -0.30458, 39.8556 ], [ -0.30515, 39.85575 ], [ -0.30532, 39.85533 ], [ -0.30574, 39.85516 ], [ -0.30596, 39.85545 ], [ -0.30559, 39.85564 ], [ -0.30566, 39.85585 ], [ -0.30678, 39.8557 ], [ -0.30752, 39.85671 ], [ -0.30772, 39.85661 ], [ -0.30776, 39.85591 ] ], [ [ -0.32343, 39.88587 ], [ -0.32311, 39.8858 ], [ -0.32317, 39.88561 ], [ -0.32282, 39.88492 ], [ -0.32238, 39.88478 ], [ -0.32235, 39.88465 ], [ -0.32258, 39.88449 ], [ -0.32265, 39.88375 ], [ -0.32249, 39.88288 ], [ -0.32221, 39.88262 ], [ -0.3218, 39.8829 ], [ -0.32177, 39.88321 ], [ -0.32131, 39.88363 ], [ -0.32072, 39.88353 ], [ -0.32064, 39.88378 ], [ -0.31958, 39.88377 ], [ -0.31968, 39.88422 ], [ -0.31943, 39.88458 ], [ -0.32002, 39.88481 ], [ -0.3202, 39.88467 ], [ -0.32015, 39.88437 ], [ -0.32041, 39.88422 ], [ -0.32055, 39.88452 ], [ -0.32099, 39.88459 ], [ -0.32121, 39.88437 ], [ -0.32185, 39.88422 ], [ -0.32174, 39.88447 ], [ -0.32107, 39.88493 ], [ -0.32034, 39.88507 ], [ -0.32056, 39.88533 ], [ -0.32152, 39.88516 ], [ -0.32217, 39.88535 ], [ -0.32237, 39.88561 ], [ -0.32243, 39.88608 ], [ -0.32311, 39.88669 ], [ -0.32332, 39.88668 ], [ -0.3233, 39.8864 ], [ -0.32351, 39.88619 ], [ -0.32343, 39.88587 ] ], [ [ -0.31426, 39.87285 ], [ -0.31466, 39.8734 ], [ -0.31517, 39.8734 ], [ -0.31636, 39.873 ], [ -0.31654, 39.87235 ], [ -0.31685, 39.87218 ], [ -0.31751, 39.87241 ], [ -0.31783, 39.87218 ], [ -0.31855, 39.87228 ], [ -0.31906, 39.87206 ], [ -0.31791, 39.87166 ], [ -0.31774, 39.87154 ], [ -0.31772, 39.8711 ], [ -0.31703, 39.87109 ], [ -0.317, 39.8714 ], [ -0.31521, 39.87139 ], [ -0.31471, 39.87157 ], [ -0.31393, 39.87141 ], [ -0.31322, 39.87175 ], [ -0.31316, 39.87198 ], [ -0.31354, 39.87214 ], [ -0.31417, 39.87199 ], [ -0.31496, 39.87244 ], [ -0.31503, 39.87261 ], [ -0.31426, 39.87285 ] ], [ [ -0.32382, 39.89263 ], [ -0.32344, 39.89192 ], [ -0.32469, 39.89241 ], [ -0.32517, 39.89189 ], [ -0.32583, 39.89171 ], [ -0.32585, 39.8913 ], [ -0.3257, 39.89122 ], [ -0.3269, 39.89097 ], [ -0.32727, 39.89058 ], [ -0.32799, 39.89036 ], [ -0.32763, 39.89025 ], [ -0.32748, 39.8898 ], [ -0.32719, 39.88982 ], [ -0.32687, 39.8902 ], [ -0.32546, 39.89056 ], [ -0.32531, 39.89068 ], [ -0.32538, 39.89099 ], [ -0.32508, 39.89127 ], [ -0.32394, 39.89143 ], [ -0.32419, 39.89111 ], [ -0.32388, 39.89103 ], [ -0.32338, 39.8916 ], [ -0.32259, 39.89117 ], [ -0.32241, 39.89121 ], [ -0.32213, 39.89167 ], [ -0.32155, 39.89184 ], [ -0.32172, 39.89241 ], [ -0.32311, 39.89307 ], [ -0.32312, 39.89326 ], [ -0.3237, 39.89332 ], [ -0.32382, 39.89263 ] ], [ [ -0.31034, 39.86318 ], [ -0.31137, 39.86273 ], [ -0.31028, 39.86262 ], [ -0.31025, 39.86249 ], [ -0.31132, 39.86164 ], [ -0.31171, 39.8615 ], [ -0.31176, 39.86115 ], [ -0.31086, 39.86102 ], [ -0.30973, 39.8616 ], [ -0.30934, 39.86115 ], [ -0.30934, 39.8608 ], [ -0.30781, 39.86074 ], [ -0.3074, 39.86045 ], [ -0.30797, 39.85951 ], [ -0.30724, 39.85967 ], [ -0.307, 39.86 ], [ -0.30654, 39.86006 ], [ -0.30642, 39.86037 ], [ -0.30688, 39.86082 ], [ -0.30744, 39.86109 ], [ -0.30816, 39.86117 ], [ -0.30834, 39.86142 ], [ -0.30792, 39.86177 ], [ -0.30802, 39.86207 ], [ -0.3087, 39.86195 ], [ -0.30897, 39.86295 ], [ -0.31034, 39.86318 ] ], [ [ -0.30249, 39.85768 ], [ -0.30265, 39.85708 ], [ -0.30252, 39.85682 ], [ -0.30213, 39.85665 ], [ -0.30172, 39.8567 ], [ -0.29968, 39.85596 ], [ -0.30095, 39.85534 ], [ -0.30145, 39.85543 ], [ -0.30219, 39.85526 ], [ -0.30228, 39.8551 ], [ -0.30177, 39.85492 ], [ -0.30159, 39.85455 ], [ -0.302, 39.85426 ], [ -0.30267, 39.85439 ], [ -0.3027, 39.85423 ], [ -0.30194, 39.85383 ], [ -0.30333, 39.85332 ], [ -0.30371, 39.85279 ], [ -0.30339, 39.8521 ], [ -0.3024, 39.85224 ], [ -0.30125, 39.85298 ], [ -0.30135, 39.8533 ], [ -0.30102, 39.85345 ], [ -0.30142, 39.8541 ], [ -0.30109, 39.8545 ], [ -0.30041, 39.85474 ], [ -0.30058, 39.85499 ], [ -0.30045, 39.8553 ], [ -0.30011, 39.85526 ], [ -0.29953, 39.85487 ], [ -0.29895, 39.85488 ], [ -0.29901, 39.85528 ], [ -0.29956, 39.85546 ], [ -0.29884, 39.85569 ], [ -0.29866, 39.85595 ], [ -0.29772, 39.85602 ], [ -0.29725, 39.85586 ], [ -0.29716, 39.85599 ], [ -0.2977, 39.85657 ], [ -0.29736, 39.8567 ], [ -0.29581, 39.8564 ], [ -0.29596, 39.8568 ], [ -0.29641, 39.85704 ], [ -0.29731, 39.85703 ], [ -0.29698, 39.85749 ], [ -0.29734, 39.85771 ], [ -0.29775, 39.85773 ], [ -0.29817, 39.8572 ], [ -0.29926, 39.85685 ], [ -0.30045, 39.85727 ], [ -0.30042, 39.85743 ], [ -0.30081, 39.85781 ], [ -0.30206, 39.85789 ], [ -0.30249, 39.85768 ] ], [ [ -0.29235, 39.85795 ], [ -0.2938, 39.85806 ], [ -0.29385, 39.85847 ], [ -0.29423, 39.85847 ], [ -0.29424, 39.85764 ], [ -0.29446, 39.85738 ], [ -0.29427, 39.85689 ], [ -0.29465, 39.85663 ], [ -0.29502, 39.85599 ], [ -0.29577, 39.85547 ], [ -0.29816, 39.85503 ], [ -0.29901, 39.85468 ], [ -0.2993, 39.85431 ], [ -0.30037, 39.85391 ], [ -0.30026, 39.85373 ], [ -0.30092, 39.85304 ], [ -0.30127, 39.85241 ], [ -0.30045, 39.85226 ], [ -0.29933, 39.85296 ], [ -0.29885, 39.85269 ], [ -0.29844, 39.85271 ], [ -0.29827, 39.85314 ], [ -0.29785, 39.85328 ], [ -0.29772, 39.85354 ], [ -0.29824, 39.85405 ], [ -0.29819, 39.85417 ], [ -0.29743, 39.85402 ], [ -0.29647, 39.85313 ], [ -0.29615, 39.85341 ], [ -0.29562, 39.85343 ], [ -0.29574, 39.85405 ], [ -0.29551, 39.85424 ], [ -0.29606, 39.85482 ], [ -0.29511, 39.85518 ], [ -0.29472, 39.85567 ], [ -0.29411, 39.85563 ], [ -0.29393, 39.8558 ], [ -0.29396, 39.85607 ], [ -0.29443, 39.8564 ], [ -0.2936, 39.85649 ], [ -0.29345, 39.85672 ], [ -0.29372, 39.8573 ], [ -0.29343, 39.85731 ], [ -0.29286, 39.85679 ], [ -0.29255, 39.85677 ], [ -0.29228, 39.85709 ], [ -0.29198, 39.85711 ], [ -0.29162, 39.8574 ], [ -0.29175, 39.85765 ], [ -0.29235, 39.85795 ] ], [ [ -0.31884, 39.87821 ], [ -0.31964, 39.87723 ], [ -0.31985, 39.87797 ], [ -0.32016, 39.87821 ], [ -0.3206, 39.87828 ], [ -0.32082, 39.87808 ], [ -0.32072, 39.87758 ], [ -0.32009, 39.8771 ], [ -0.32011, 39.87672 ], [ -0.31872, 39.87687 ], [ -0.31912, 39.87645 ], [ -0.31963, 39.87659 ], [ -0.32031, 39.87636 ], [ -0.3211, 39.87543 ], [ -0.32088, 39.87516 ], [ -0.32066, 39.87536 ], [ -0.32004, 39.8754 ], [ -0.32003, 39.87526 ], [ -0.32012, 39.87489 ], [ -0.32073, 39.87502 ], [ -0.32087, 39.87427 ], [ -0.32115, 39.87401 ], [ -0.32096, 39.87356 ], [ -0.32045, 39.87376 ], [ -0.32044, 39.87404 ], [ -0.31996, 39.8746 ], [ -0.31904, 39.8751 ], [ -0.31965, 39.87562 ], [ -0.31937, 39.87591 ], [ -0.31839, 39.87594 ], [ -0.31834, 39.87565 ], [ -0.31895, 39.87533 ], [ -0.31862, 39.87493 ], [ -0.31877, 39.87455 ], [ -0.31858, 39.87397 ], [ -0.31759, 39.87343 ], [ -0.31673, 39.87323 ], [ -0.31622, 39.87348 ], [ -0.31549, 39.87418 ], [ -0.3146, 39.87433 ], [ -0.31382, 39.87426 ], [ -0.31218, 39.8754 ], [ -0.31216, 39.87592 ], [ -0.3132, 39.8757 ], [ -0.31351, 39.87583 ], [ -0.31336, 39.87603 ], [ -0.3139, 39.87646 ], [ -0.31275, 39.87645 ], [ -0.31227, 39.87655 ], [ -0.31203, 39.87684 ], [ -0.31285, 39.87681 ], [ -0.31326, 39.87734 ], [ -0.31323, 39.87786 ], [ -0.31258, 39.87853 ], [ -0.31418, 39.87825 ], [ -0.31433, 39.87922 ], [ -0.31502, 39.87869 ], [ -0.31571, 39.87886 ], [ -0.3157, 39.87917 ], [ -0.31606, 39.87915 ], [ -0.31648, 39.87879 ], [ -0.31644, 39.8783 ], [ -0.31719, 39.87767 ], [ -0.31722, 39.87794 ], [ -0.31683, 39.87861 ], [ -0.31723, 39.87862 ], [ -0.31733, 39.87813 ], [ -0.31837, 39.87853 ], [ -0.31884, 39.87821 ] ] ], [ [ [ -0.39501, 39.88738 ], [ -0.39462, 39.88693 ], [ -0.39356, 39.88647 ], [ -0.39311, 39.88514 ], [ -0.39336, 39.88476 ], [ -0.39382, 39.88465 ], [ -0.39391, 39.88422 ], [ -0.39462, 39.88416 ], [ -0.39501, 39.88345 ], [ -0.39546, 39.88356 ], [ -0.39556, 39.88385 ], [ -0.39671, 39.88419 ], [ -0.39761, 39.88485 ], [ -0.39772, 39.88594 ], [ -0.39755, 39.8868 ], [ -0.39705, 39.8878 ], [ -0.39604, 39.88776 ], [ -0.39501, 39.88738 ] ], [ [ -0.39746, 39.88552 ], [ -0.39689, 39.8855 ], [ -0.39682, 39.88584 ], [ -0.39744, 39.88586 ], [ -0.39746, 39.88552 ] ], [ [ -0.39555, 39.88661 ], [ -0.39541, 39.88655 ], [ -0.39513, 39.88685 ], [ -0.39549, 39.88691 ], [ -0.39555, 39.88661 ] ], [ [ -0.39615, 39.885 ], [ -0.39578, 39.8848 ], [ -0.39565, 39.88503 ], [ -0.39595, 39.88511 ], [ -0.39615, 39.885 ] ], [ [ -0.39456, 39.88508 ], [ -0.39485, 39.88476 ], [ -0.39452, 39.88476 ], [ -0.39456, 39.88508 ] ] ], [ [ [ -0.33581, 39.9245 ], [ -0.33575, 39.92459 ], [ -0.33573, 39.92451 ], [ -0.33581, 39.9245 ] ] ], [ [ [ -0.28242, 39.94766 ], [ -0.2825, 39.94757 ], [ -0.28256, 39.94758 ], [ -0.28242, 39.94766 ] ] ], [ [ [ -0.29134, 39.95231 ], [ -0.29137, 39.95241 ], [ -0.29129, 39.95242 ], [ -0.29134, 39.95231 ] ] ], [ [ [ -0.27767, 39.96201 ], [ -0.27809, 39.96205 ], [ -0.27816, 39.96218 ], [ -0.27757, 39.96215 ], [ -0.27767, 39.96201 ] ] ], [ [ [ -0.40818, 39.98249 ], [ -0.40819, 39.98261 ], [ -0.40814, 39.98258 ], [ -0.40818, 39.98249 ] ] ], [ [ [ -0.28718, 39.98751 ], [ -0.28698, 39.98778 ], [ -0.28665, 39.98782 ], [ -0.28661, 39.9877 ], [ -0.28684, 39.98754 ], [ -0.28718, 39.98751 ] ] ], [ [ [ -0.31742, 40.00386 ], [ -0.31752, 40.00395 ], [ -0.31742, 40.00395 ], [ -0.31742, 40.00386 ] ] ], [ [ [ -0.24495, 39.81848 ], [ -0.24503, 39.81836 ], [ -0.24518, 39.8184 ], [ -0.24511, 39.81857 ], [ -0.24495, 39.81848 ] ] ], [ [ [ -0.2141, 39.91608 ], [ -0.21477, 39.91528 ], [ -0.21497, 39.91529 ], [ -0.21502, 39.91563 ], [ -0.21547, 39.91604 ], [ -0.21548, 39.91636 ], [ -0.21494, 39.91635 ], [ -0.21513, 39.91589 ], [ -0.21492, 39.91573 ], [ -0.2141, 39.91608 ] ] ], [ [ [ -0.21872, 39.91793 ], [ -0.21882, 39.91806 ], [ -0.21869, 39.91799 ], [ -0.21872, 39.91793 ] ] ], [ [ [ -0.18672, 39.92782 ], [ -0.18716, 39.92802 ], [ -0.18715, 39.92809 ], [ -0.18685, 39.92805 ], [ -0.18672, 39.92782 ] ] ], [ [ [ -0.26001, 39.98213 ], [ -0.26022, 39.98216 ], [ -0.26013, 39.98224 ], [ -0.26001, 39.98213 ] ] ], [ [ [ -0.26913, 39.99103 ], [ -0.26951, 39.99112 ], [ -0.26976, 39.99103 ], [ -0.26955, 39.99125 ], [ -0.26913, 39.99103 ] ] ], [ [ [ -0.16086, 39.99943 ], [ -0.16099, 39.99948 ], [ -0.16089, 39.9995 ], [ -0.16086, 39.99943 ] ] ], [ [ [ -0.19304, 40.0149 ], [ -0.19317, 40.01497 ], [ -0.19313, 40.01508 ], [ -0.19295, 40.01506 ], [ -0.19304, 40.0149 ] ] ], [ [ [ -0.26536, 40.01991 ], [ -0.26534, 40.02015 ], [ -0.26493, 40.02 ], [ -0.26497, 40.0199 ], [ -0.26536, 40.01991 ] ] ] ] } },
{ "type": "Feature", "properties": { "anyo": 2004 }, "geometry": { "type": "MultiPolygon", "coordinates": [ [ [ [ -0.34671, 39.7697 ], [ -0.34666, 39.76965 ], [ -0.34673, 39.76966 ], [ -0.34671, 39.7697 ] ] ], [ [ [ -0.38209, 39.79269 ], [ -0.382, 39.79267 ], [ -0.38207, 39.79265 ], [ -0.38209, 39.79269 ] ] ], [ [ [ -0.35556, 39.81081 ], [ -0.35564, 39.81072 ], [ -0.35567, 39.81078 ], [ -0.35556, 39.81081 ] ] ], [ [ [ -0.33348, 39.82243 ], [ -0.33336, 39.82189 ], [ -0.33372, 39.82189 ], [ -0.33378, 39.82215 ], [ -0.33417, 39.82239 ], [ -0.33413, 39.8233 ], [ -0.33309, 39.82316 ], [ -0.33328, 39.82253 ], [ -0.33348, 39.82243 ] ] ], [ [ [ -0.37102, 39.83181 ], [ -0.37159, 39.83184 ], [ -0.37136, 39.83213 ], [ -0.37165, 39.83249 ], [ -0.37139, 39.83281 ], [ -0.37096, 39.8326 ], [ -0.37102, 39.83181 ] ] ], [ [ [ -0.36287, 39.83238 ], [ -0.36293, 39.8323 ], [ -0.36299, 39.83232 ], [ -0.36287, 39.83238 ] ] ], [ [ [ -0.39343, 39.84019 ], [ -0.3936, 39.84027 ], [ -0.39358, 39.84042 ], [ -0.39335, 39.84037 ], [ -0.39343, 39.84019 ] ] ], [ [ [ -0.3614, 39.91406 ], [ -0.36152, 39.91404 ], [ -0.36156, 39.9141 ], [ -0.36145, 39.91419 ], [ -0.3614, 39.91406 ] ] ], [ [ [ -0.35411, 39.93061 ], [ -0.35344, 39.93095 ], [ -0.35297, 39.93075 ], [ -0.35256, 39.93113 ], [ -0.35228, 39.93068 ], [ -0.35411, 39.93061 ] ] ], [ [ [ -0.24123, 39.81609 ], [ -0.24146, 39.81609 ], [ -0.24149, 39.81623 ], [ -0.24119, 39.81622 ], [ -0.24123, 39.81609 ] ] ], [ [ [ -0.27059, 39.87432 ], [ -0.27064, 39.87451 ], [ -0.27035, 39.87453 ], [ -0.27033, 39.87434 ], [ -0.27059, 39.87432 ] ] ], [ [ [ -0.30209, 39.88118 ], [ -0.3022, 39.88125 ], [ -0.30204, 39.88122 ], [ -0.30209, 39.88118 ] ] ], [ [ [ -0.24549, 39.88711 ], [ -0.2456, 39.88706 ], [ -0.24559, 39.88715 ], [ -0.24549, 39.88711 ] ] ], [ [ [ -0.24629, 39.90829 ], [ -0.24688, 39.90853 ], [ -0.24686, 39.90916 ], [ -0.2466, 39.90894 ], [ -0.24655, 39.9086 ], [ -0.2462, 39.9085 ], [ -0.24629, 39.90829 ] ] ], [ [ [ -0.29733, 39.95191 ], [ -0.29742, 39.95183 ], [ -0.29744, 39.95188 ], [ -0.29733, 39.95191 ] ] ], [ [ [ -0.15277, 39.97157 ], [ -0.15181, 39.97163 ], [ -0.1518, 39.9719 ], [ -0.15169, 39.9719 ], [ -0.15148, 39.9716 ], [ -0.15097, 39.97143 ], [ -0.15205, 39.97139 ], [ -0.15245, 39.97122 ], [ -0.15279, 39.97128 ], [ -0.15285, 39.97145 ], [ -0.15277, 39.97157 ] ] ], [ [ [ -0.31844, 39.99478 ], [ -0.3186, 39.99476 ], [ -0.31859, 39.9948 ], [ -0.31844, 39.99478 ] ] ], [ [ [ -0.25526, 40.00518 ], [ -0.25522, 40.00511 ], [ -0.25528, 40.00513 ], [ -0.25526, 40.00518 ] ] ] ] } },
{ "type": "Feature", "properties": { "anyo": 2005 }, "geometry": { "type": "MultiPolygon", "coordinates": [ [ [ [ -0.31826, 39.7868 ], [ -0.3181, 39.78673 ], [ -0.31825, 39.78673 ], [ -0.31826, 39.7868 ] ] ], [ [ [ -0.32264, 39.79015 ], [ -0.32264, 39.79009 ], [ -0.32284, 39.79016 ], [ -0.32264, 39.79015 ] ] ], [ [ [ -0.39856, 39.79164 ], [ -0.39859, 39.79147 ], [ -0.39885, 39.79143 ], [ -0.39884, 39.79163 ], [ -0.39856, 39.79164 ] ] ], [ [ [ -0.30063, 39.80914 ], [ -0.30223, 39.8086 ], [ -0.30267, 39.8086 ], [ -0.30278, 39.80874 ], [ -0.30262, 39.80907 ], [ -0.30223, 39.80927 ], [ -0.30119, 39.80945 ], [ -0.30058, 39.81015 ], [ -0.30016, 39.81012 ], [ -0.30016, 39.80961 ], [ -0.30063, 39.80914 ] ] ], [ [ [ -0.42804, 39.88488 ], [ -0.42804, 39.88325 ], [ -0.42674, 39.88249 ], [ -0.42601, 39.88117 ], [ -0.42694, 39.88137 ], [ -0.42742, 39.88053 ], [ -0.42694, 39.87987 ], [ -0.42607, 39.87916 ], [ -0.42619, 39.87749 ], [ -0.42747, 39.8776 ], [ -0.42787, 39.87748 ], [ -0.42845, 39.87668 ], [ -0.42967, 39.877 ], [ -0.4304, 39.87681 ], [ -0.43089, 39.87561 ], [ -0.43154, 39.87481 ], [ -0.43016, 39.87426 ], [ -0.43043, 39.87315 ], [ -0.43132, 39.87308 ], [ -0.43274, 39.87251 ], [ -0.43296, 39.87127 ], [ -0.43176, 39.87034 ], [ -0.43209, 39.86888 ], [ -0.43366, 39.86879 ], [ -0.43541, 39.86995 ], [ -0.43692, 39.87265 ], [ -0.4371, 39.87386 ], [ -0.43705, 39.87669 ], [ -0.43765, 39.87714 ], [ -0.43868, 39.87634 ], [ -0.44002, 39.87655 ], [ -0.43909, 39.87601 ], [ -0.43867, 39.87522 ], [ -0.43866, 39.87406 ], [ -0.43985, 39.87344 ], [ -0.44112, 39.87399 ], [ -0.44112, 39.87554 ], [ -0.44143, 39.87615 ], [ -0.44333, 39.87756 ], [ -0.44322, 39.87902 ], [ -0.44369, 39.8799 ], [ -0.44483, 39.88087 ], [ -0.4437, 39.88261 ], [ -0.44407, 39.88326 ], [ -0.44519, 39.88316 ], [ -0.44577, 39.88399 ], [ -0.44574, 39.88622 ], [ -0.44498, 39.88715 ], [ -0.44373, 39.88773 ], [ -0.44227, 39.88795 ], [ -0.44053, 39.88684 ], [ -0.44054, 39.88791 ], [ -0.44082, 39.88951 ], [ -0.44037, 39.8895 ], [ -0.44084, 39.89054 ], [ -0.44076, 39.8911 ], [ -0.43981, 39.89117 ], [ -0.43944, 39.89211 ], [ -0.43817, 39.89173 ], [ -0.43708, 39.89089 ], [ -0.43669, 39.88946 ], [ -0.436, 39.88854 ], [ -0.43489, 39.88822 ], [ -0.4336, 39.88841 ], [ -0.43357, 39.88931 ], [ -0.43318, 39.89063 ], [ -0.4323, 39.89027 ], [ -0.43211, 39.88935 ], [ -0.43223, 39.88924 ], [ -0.43148, 39.8884 ], [ -0.43017, 39.88768 ], [ -0.42927, 39.88766 ], [ -0.42846, 39.88842 ], [ -0.42793, 39.88923 ], [ -0.42832, 39.88987 ], [ -0.42812, 39.89001 ], [ -0.42591, 39.89086 ], [ -0.42431, 39.89033 ], [ -0.4246, 39.88931 ], [ -0.42503, 39.88883 ], [ -0.42634, 39.88855 ], [ -0.42726, 39.88783 ], [ -0.4277, 39.88652 ], [ -0.42851, 39.88554 ], [ -0.42804, 39.88488 ] ] ], [ [ [ -0.29474, 39.8833 ], [ -0.29483, 39.88301 ], [ -0.29515, 39.88302 ], [ -0.29514, 39.88328 ], [ -0.29474, 39.8833 ] ] ], [ [ [ -0.29814, 39.88593 ], [ -0.29832, 39.88575 ], [ -0.29829, 39.88595 ], [ -0.29814, 39.88593 ] ] ], [ [ [ -0.29331, 39.91775 ], [ -0.2932, 39.91802 ], [ -0.29261, 39.91809 ], [ -0.29262, 39.91792 ], [ -0.29331, 39.91775 ] ] ], [ [ [ -0.33629, 39.93243 ], [ -0.33629, 39.9319 ], [ -0.33646, 39.9319 ], [ -0.33652, 39.93244 ], [ -0.33629, 39.93243 ] ] ], [ [ [ -0.41493, 39.94606 ], [ -0.4149, 39.94542 ], [ -0.41462, 39.94533 ], [ -0.41435, 39.94497 ], [ -0.41435, 39.94442 ], [ -0.41482, 39.94417 ], [ -0.41498, 39.9439 ], [ -0.41532, 39.94385 ], [ -0.41575, 39.94394 ], [ -0.41592, 39.94423 ], [ -0.41566, 39.94433 ], [ -0.41761, 39.94502 ], [ -0.41764, 39.94528 ], [ -0.41801, 39.94555 ], [ -0.41927, 39.94578 ], [ -0.41933, 39.94618 ], [ -0.41883, 39.94698 ], [ -0.41755, 39.94728 ], [ -0.4171, 39.94711 ], [ -0.41667, 39.94715 ], [ -0.41642, 39.9469 ], [ -0.41559, 39.94681 ], [ -0.41535, 39.94656 ], [ -0.41506, 39.94656 ], [ -0.41476, 39.94614 ], [ -0.41493, 39.94606 ] ] ], [ [ [ -0.363, 39.94875 ], [ -0.36265, 39.94878 ], [ -0.36255, 39.94855 ], [ -0.36297, 39.9485 ], [ -0.363, 39.94875 ] ] ], [ [ [ -0.29378, 39.95375 ], [ -0.29489, 39.95253 ], [ -0.29504, 39.95265 ], [ -0.29422, 39.95369 ], [ -0.29403, 39.95383 ], [ -0.29378, 39.95375 ] ] ], [ [ [ -0.29516, 39.95783 ], [ -0.29514, 39.95796 ], [ -0.29489, 39.95796 ], [ -0.29488, 39.95779 ], [ -0.29516, 39.95783 ] ] ], [ [ [ -0.39237, 39.978 ], [ -0.39238, 39.97789 ], [ -0.39256, 39.97789 ], [ -0.39255, 39.97801 ], [ -0.39237, 39.978 ] ] ], [ [ [ -0.37642, 39.99731 ], [ -0.37654, 39.9972 ], [ -0.37661, 39.99731 ], [ -0.37642, 39.99731 ] ] ], [ [ [ -0.25937, 39.78344 ], [ -0.26004, 39.78368 ], [ -0.26003, 39.784 ], [ -0.25964, 39.78399 ], [ -0.25937, 39.78344 ] ] ], [ [ [ -0.25443, 39.82531 ], [ -0.2542, 39.82526 ], [ -0.25444, 39.82526 ], [ -0.25443, 39.82531 ] ] ], [ [ [ -0.29003, 39.83103 ], [ -0.29035, 39.83117 ], [ -0.29017, 39.83135 ], [ -0.28978, 39.83139 ], [ -0.29003, 39.83103 ] ] ], [ [ [ -0.28425, 39.87885 ], [ -0.28427, 39.8784 ], [ -0.28485, 39.87841 ], [ -0.28484, 39.87886 ], [ -0.28425, 39.87885 ] ] ], [ [ [ -0.26708, 39.92458 ], [ -0.26684, 39.92505 ], [ -0.26637, 39.92504 ], [ -0.26597, 39.92467 ], [ -0.26611, 39.92432 ], [ -0.26708, 39.92458 ] ] ], [ [ [ -0.28588, 39.94388 ], [ -0.28587, 39.94376 ], [ -0.28597, 39.94376 ], [ -0.28588, 39.94388 ] ] ], [ [ [ -0.28247, 39.96254 ], [ -0.2828, 39.96256 ], [ -0.28262, 39.96288 ], [ -0.28198, 39.96264 ], [ -0.28202, 39.96232 ], [ -0.28238, 39.96236 ], [ -0.28247, 39.96254 ] ] ], [ [ [ -0.2712, 39.96239 ], [ -0.27143, 39.96262 ], [ -0.27172, 39.96263 ], [ -0.27173, 39.96226 ], [ -0.27213, 39.96235 ], [ -0.27217, 39.9627 ], [ -0.27172, 39.9632 ], [ -0.27096, 39.96292 ], [ -0.27101, 39.96251 ], [ -0.2712, 39.96239 ] ] ], [ [ [ -0.28292, 39.96263 ], [ -0.2833, 39.96283 ], [ -0.28331, 39.96309 ], [ -0.28313, 39.96325 ], [ -0.2827, 39.96304 ], [ -0.28292, 39.96263 ] ] ], [ [ [ -0.27431, 39.96835 ], [ -0.27414, 39.96833 ], [ -0.27413, 39.9681 ], [ -0.27432, 39.96811 ], [ -0.27431, 39.96835 ] ] ], [ [ [ -0.28419, 39.96865 ], [ -0.28394, 39.96831 ], [ -0.28434, 39.96835 ], [ -0.2846, 39.96869 ], [ -0.28419, 39.96865 ] ] ], [ [ [ -0.27123, 39.97414 ], [ -0.27207, 39.97439 ], [ -0.2721, 39.97472 ], [ -0.27162, 39.9747 ], [ -0.2712, 39.97428 ], [ -0.27123, 39.97414 ] ] ], [ [ [ -0.25876, 39.9817 ], [ -0.25888, 39.98179 ], [ -0.25873, 39.98173 ], [ -0.25876, 39.9817 ] ] ], [ [ [ -0.28476, 40.00438 ], [ -0.28495, 40.00428 ], [ -0.28499, 40.00438 ], [ -0.28476, 40.00438 ] ] ], [ [ [ -0.2785, 40.01743 ], [ -0.27852, 40.01758 ], [ -0.27811, 40.01757 ], [ -0.27798, 40.01738 ], [ -0.2785, 40.01743 ] ] ], [ [ [ -0.21941, 39.75748 ], [ -0.21944, 39.75729 ], [ -0.21966, 39.75731 ], [ -0.21965, 39.75747 ], [ -0.21941, 39.75748 ] ] ], [ [ [ -0.24553, 39.81679 ], [ -0.24556, 39.81668 ], [ -0.24561, 39.81668 ], [ -0.24565, 39.81678 ], [ -0.24553, 39.81679 ] ] ], [ [ [ -0.11505, 39.90659 ], [ -0.11487, 39.90629 ], [ -0.11443, 39.90592 ], [ -0.11493, 39.90615 ], [ -0.11505, 39.90659 ] ] ], [ [ [ -0.12054, 39.90708 ], [ -0.12054, 39.90694 ], [ -0.12109, 39.90697 ], [ -0.1211, 39.90708 ], [ -0.12054, 39.90708 ] ] ], [ [ [ -0.1653, 39.91985 ], [ -0.16513, 39.91993 ], [ -0.16515, 39.91982 ], [ -0.1653, 39.91985 ] ] ], [ [ [ -0.16182, 39.9199 ], [ -0.16182, 39.92006 ], [ -0.16141, 39.92021 ], [ -0.16151, 39.91989 ], [ -0.16182, 39.9199 ] ] ], [ [ [ -0.23779, 39.93146 ], [ -0.23806, 39.93167 ], [ -0.23773, 39.93193 ], [ -0.23653, 39.93145 ], [ -0.23638, 39.93099 ], [ -0.23439, 39.93117 ], [ -0.23424, 39.93088 ], [ -0.23447, 39.93056 ], [ -0.23397, 39.93042 ], [ -0.23343, 39.93068 ], [ -0.2329, 39.93058 ], [ -0.23277, 39.92993 ], [ -0.23247, 39.92971 ], [ -0.23194, 39.93053 ], [ -0.23138, 39.93086 ], [ -0.23041, 39.93061 ], [ -0.23035, 39.93003 ], [ -0.22924, 39.92946 ], [ -0.22767, 39.92953 ], [ -0.22648, 39.9294 ], [ -0.22641, 39.92861 ], [ -0.22665, 39.92848 ], [ -0.22805, 39.92838 ], [ -0.22861, 39.92794 ], [ -0.22977, 39.92789 ], [ -0.22878, 39.92781 ], [ -0.22808, 39.92747 ], [ -0.22823, 39.92724 ], [ -0.22863, 39.92717 ], [ -0.22868, 39.92688 ], [ -0.22886, 39.92683 ], [ -0.22861, 39.92666 ], [ -0.22711, 39.92688 ], [ -0.22656, 39.9272 ], [ -0.22611, 39.92726 ], [ -0.22466, 39.92674 ], [ -0.2245, 39.9263 ], [ -0.22465, 39.92552 ], [ -0.22446, 39.92541 ], [ -0.22441, 39.92468 ], [ -0.22398, 39.92454 ], [ -0.2237, 39.92337 ], [ -0.2232, 39.92267 ], [ -0.22331, 39.92236 ], [ -0.22421, 39.92274 ], [ -0.22512, 39.92213 ], [ -0.22587, 39.92212 ], [ -0.22755, 39.92165 ], [ -0.22842, 39.92168 ], [ -0.22893, 39.92195 ], [ -0.2297, 39.92244 ], [ -0.23023, 39.92301 ], [ -0.23042, 39.92342 ], [ -0.23029, 39.92476 ], [ -0.23156, 39.92531 ], [ -0.23177, 39.92563 ], [ -0.23167, 39.92606 ], [ -0.23149, 39.92618 ], [ -0.2315, 39.9265 ], [ -0.23178, 39.92676 ], [ -0.23213, 39.92677 ], [ -0.23248, 39.92652 ], [ -0.23292, 39.92673 ], [ -0.23373, 39.92758 ], [ -0.2355, 39.92899 ], [ -0.23751, 39.9291 ], [ -0.23773, 39.92997 ], [ -0.23808, 39.93008 ], [ -0.23807, 39.9309 ], [ -0.23782, 39.93116 ], [ -0.23779, 39.93146 ] ] ], [ [ [ -0.11925, 39.96101 ], [ -0.1192, 39.96077 ], [ -0.1194, 39.96077 ], [ -0.11941, 39.96098 ], [ -0.11925, 39.96101 ] ] ], [ [ [ -0.13792, 39.98067 ], [ -0.13751, 39.98057 ], [ -0.13724, 39.97995 ], [ -0.13702, 39.9799 ], [ -0.13706, 39.9794 ], [ -0.1375, 39.97955 ], [ -0.13771, 39.98012 ], [ -0.13813, 39.98024 ], [ -0.13844, 39.98087 ], [ -0.13803, 39.98088 ], [ -0.13792, 39.98067 ] ] ], [ [ [ -0.15489, 39.99005 ], [ -0.15504, 39.98996 ], [ -0.15504, 39.99008 ], [ -0.15489, 39.99005 ] ] ], [ [ [ -0.21235, 40.00316 ], [ -0.21245, 40.00332 ], [ -0.2123, 40.00326 ], [ -0.21235, 40.00316 ] ] ], [ [ [ -0.16165, 40.00696 ], [ -0.16147, 40.00695 ], [ -0.16095, 40.0062 ], [ -0.161, 40.00564 ], [ -0.16171, 40.00537 ], [ -0.16175, 40.00506 ], [ -0.1624, 40.00502 ], [ -0.16263, 40.0052 ], [ -0.16241, 40.00559 ], [ -0.16147, 40.00571 ], [ -0.16141, 40.00623 ], [ -0.16161, 40.00644 ], [ -0.16165, 40.00696 ] ] ], [ [ [ -0.1838, 40.00633 ], [ -0.18387, 40.00597 ], [ -0.184, 40.00602 ], [ -0.18403, 40.00632 ], [ -0.1838, 40.00633 ] ] ], [ [ [ -0.2083, 40.01428 ], [ -0.20842, 40.01419 ], [ -0.20844, 40.01428 ], [ -0.2083, 40.01428 ] ] ], [ [ [ -0.17721, 40.02025 ], [ -0.17732, 40.02035 ], [ -0.17717, 40.02035 ], [ -0.17721, 40.02025 ] ] ] ] } },
{ "type": "Feature", "properties": { "anyo": 2006 }, "geometry": { "type": "MultiPolygon", "coordinates": [ [ [ [ -0.33291, 39.93358 ], [ -0.33307, 39.93352 ], [ -0.33308, 39.9336 ], [ -0.33291, 39.93358 ] ] ], [ [ [ -0.27908, 39.94548 ], [ -0.2792, 39.94542 ], [ -0.27916, 39.9455 ], [ -0.27908, 39.94548 ] ] ], [ [ [ -0.24789, 39.9468 ], [ -0.24765, 39.94602 ], [ -0.24797, 39.94552 ], [ -0.2487, 39.94597 ], [ -0.24806, 39.94685 ], [ -0.24789, 39.9468 ] ] ], [ [ [ -0.24327, 39.94733 ], [ -0.24309, 39.94716 ], [ -0.24299, 39.94633 ], [ -0.24319, 39.94607 ], [ -0.24406, 39.94601 ], [ -0.24435, 39.94632 ], [ -0.24432, 39.94653 ], [ -0.24467, 39.94669 ], [ -0.2446, 39.94714 ], [ -0.24369, 39.94674 ], [ -0.24327, 39.94733 ] ] ], [ [ [ -0.3707, 39.96046 ], [ -0.37061, 39.96057 ], [ -0.37047, 39.96048 ], [ -0.37052, 39.96041 ], [ -0.3707, 39.96046 ] ] ], [ [ [ -0.22944, 40.00602 ], [ -0.22936, 40.00592 ], [ -0.22945, 40.00592 ], [ -0.22944, 40.00602 ] ] ], [ [ [ -0.1834, 40.00625 ], [ -0.18354, 40.00619 ], [ -0.18354, 40.00625 ], [ -0.1834, 40.00625 ] ] ], [ [ [ -0.18134, 40.01267 ], [ -0.1816, 40.01264 ], [ -0.18162, 40.01271 ], [ -0.18134, 40.01267 ] ] ], [ [ [ -0.15723, 39.80007 ], [ -0.15756, 39.7999 ], [ -0.15807, 39.80049 ], [ -0.15778, 39.80063 ], [ -0.15736, 39.80026 ], [ -0.15723, 39.80007 ] ] ], [ [ [ -0.16082, 39.91829 ], [ -0.16079, 39.91842 ], [ -0.16205, 39.91941 ], [ -0.16255, 39.91956 ], [ -0.16261, 39.91983 ], [ -0.16209, 39.91978 ], [ -0.16017, 39.91799 ], [ -0.16082, 39.91829 ] ] ], [ [ [ -0.17548, 40.00176 ], [ -0.17568, 40.00187 ], [ -0.17557, 40.00199 ], [ -0.17538, 40.00192 ], [ -0.17548, 40.00176 ] ] ], [ [ [ -0.17333, 40.01138 ], [ -0.17425, 40.01133 ], [ -0.17422, 40.01161 ], [ -0.17384, 40.01177 ], [ -0.17333, 40.01138 ] ] ], [ [ [ -0.17594, 40.01317 ], [ -0.17613, 40.01295 ], [ -0.17636, 40.01299 ], [ -0.17614, 40.01331 ], [ -0.17597, 40.01336 ], [ -0.17594, 40.01317 ] ] ], [ [ [ -0.17436, 40.01377 ], [ -0.17415, 40.01331 ], [ -0.17444, 40.01329 ], [ -0.17436, 40.01377 ] ] ], [ [ [ -0.1694, 40.0152 ], [ -0.16954, 40.01517 ], [ -0.1695, 40.01525 ], [ -0.1694, 40.0152 ] ] ] ] } },
{ "type": "Feature", "properties": { "anyo": 2007 }, "geometry": { "type": "MultiPolygon", "coordinates": [ [ [ [ -0.37276, 39.77253 ], [ -0.3716, 39.77225 ], [ -0.37275, 39.77235 ], [ -0.37276, 39.77253 ] ] ], [ [ [ -0.24541, 39.82137 ], [ -0.24665, 39.82123 ], [ -0.24692, 39.82158 ], [ -0.24784, 39.82215 ], [ -0.24632, 39.82191 ], [ -0.24573, 39.82152 ], [ -0.2453, 39.82165 ], [ -0.24541, 39.82137 ] ] ], [ [ [ -0.31761, 39.85171 ], [ -0.31836, 39.85171 ], [ -0.31817, 39.85224 ], [ -0.31746, 39.8523 ], [ -0.31738, 39.85214 ], [ -0.31761, 39.85171 ] ] ], [ [ [ -0.25227, 39.88192 ], [ -0.25217, 39.88108 ], [ -0.25272, 39.8815 ], [ -0.25308, 39.88122 ], [ -0.25349, 39.88162 ], [ -0.25325, 39.88177 ], [ -0.25315, 39.88223 ], [ -0.25385, 39.88263 ], [ -0.25368, 39.88276 ], [ -0.25309, 39.88261 ], [ -0.25305, 39.88223 ], [ -0.25274, 39.88228 ], [ -0.25291, 39.88306 ], [ -0.25258, 39.88286 ], [ -0.25267, 39.88202 ], [ -0.25227, 39.88192 ] ] ], [ [ [ -0.25474, 39.88182 ], [ -0.25522, 39.88244 ], [ -0.25484, 39.88248 ], [ -0.25491, 39.8827 ], [ -0.25442, 39.88258 ], [ -0.25459, 39.88192 ], [ -0.25474, 39.88182 ] ] ], [ [ [ -0.24245, 39.89425 ], [ -0.24382, 39.89456 ], [ -0.2442, 39.89481 ], [ -0.24381, 39.89509 ], [ -0.24277, 39.89532 ], [ -0.2421, 39.89462 ], [ -0.24212, 39.89432 ], [ -0.24245, 39.89425 ] ] ], [ [ [ -0.29282, 39.89976 ], [ -0.29282, 39.89968 ], [ -0.29288, 39.89973 ], [ -0.29282, 39.89976 ] ] ], [ [ [ -0.30995, 39.94933 ], [ -0.31019, 39.94913 ], [ -0.31006, 39.94898 ], [ -0.31027, 39.9486 ], [ -0.31136, 39.94908 ], [ -0.31175, 39.94881 ], [ -0.31195, 39.94923 ], [ -0.31092, 39.94956 ], [ -0.31049, 39.94945 ], [ -0.31001, 39.94956 ], [ -0.30995, 39.94933 ] ] ], [ [ [ -0.28876, 39.97572 ], [ -0.29012, 39.97597 ], [ -0.29027, 39.97633 ], [ -0.28964, 39.976 ], [ -0.28887, 39.97587 ], [ -0.28876, 39.97572 ] ] ], [ [ [ -0.29086, 40.02432 ], [ -0.29089, 40.02397 ], [ -0.29054, 40.02326 ], [ -0.29005, 40.02321 ], [ -0.28912, 40.02345 ], [ -0.28875, 40.02309 ], [ -0.28825, 40.02295 ], [ -0.28754, 40.0232 ], [ -0.28737, 40.02351 ], [ -0.28702, 40.02367 ], [ -0.286, 40.02321 ], [ -0.2851, 40.02309 ], [ -0.28514, 40.02291 ], [ -0.28465, 40.02242 ], [ -0.28444, 40.02129 ], [ -0.28372, 40.02105 ], [ -0.28338, 40.02028 ], [ -0.28257, 40.01941 ], [ -0.2817, 40.01864 ], [ -0.28086, 40.0182 ], [ -0.28108, 40.01778 ], [ -0.28082, 40.01752 ], [ -0.28056, 40.01751 ], [ -0.27985, 40.01772 ], [ -0.28015, 40.01742 ], [ -0.28089, 40.01708 ], [ -0.28074, 40.01653 ], [ -0.28137, 40.01605 ], [ -0.28135, 40.01588 ], [ -0.28058, 40.01538 ], [ -0.28082, 40.01515 ], [ -0.28068, 40.01476 ], [ -0.28077, 40.01436 ], [ -0.28119, 40.01421 ], [ -0.2823, 40.01426 ], [ -0.2831, 40.01397 ], [ -0.28357, 40.01409 ], [ -0.28427, 40.01401 ], [ -0.28466, 40.01386 ], [ -0.28499, 40.01349 ], [ -0.28554, 40.01333 ], [ -0.28576, 40.01288 ], [ -0.28708, 40.01254 ], [ -0.2881, 40.01247 ], [ -0.28843, 40.01185 ], [ -0.28955, 40.01164 ], [ -0.29033, 40.01193 ], [ -0.29039, 40.01204 ], [ -0.28992, 40.01212 ], [ -0.29023, 40.01253 ], [ -0.29025, 40.01286 ], [ -0.29036, 40.01293 ], [ -0.29056, 40.0123 ], [ -0.2912, 40.01241 ], [ -0.29211, 40.0135 ], [ -0.2921, 40.01363 ], [ -0.29142, 40.01386 ], [ -0.29078, 40.0139 ], [ -0.29256, 40.01576 ], [ -0.29276, 40.0157 ], [ -0.29307, 40.01631 ], [ -0.29337, 40.01651 ], [ -0.29298, 40.01674 ], [ -0.29314, 40.01726 ], [ -0.29342, 40.0172 ], [ -0.29408, 40.01743 ], [ -0.29424, 40.0174 ], [ -0.29415, 40.01715 ], [ -0.29501, 40.01716 ], [ -0.29604, 40.0176 ], [ -0.29695, 40.01731 ], [ -0.29712, 40.01738 ], [ -0.29688, 40.01778 ], [ -0.2985, 40.01786 ], [ -0.29938, 40.01822 ], [ -0.30001, 40.01874 ], [ -0.30019, 40.01859 ], [ -0.30058, 40.01868 ], [ -0.30149, 40.01923 ], [ -0.30169, 40.0196 ], [ -0.3005, 40.01977 ], [ -0.30037, 40.01992 ], [ -0.30099, 40.02028 ], [ -0.30099, 40.02045 ], [ -0.30041, 40.02042 ], [ -0.29895, 40.0198 ], [ -0.29819, 40.01975 ], [ -0.29814, 40.01997 ], [ -0.29752, 40.02011 ], [ -0.29873, 40.02067 ], [ -0.30039, 40.02075 ], [ -0.30119, 40.02105 ], [ -0.30053, 40.02184 ], [ -0.30081, 40.02209 ], [ -0.30116, 40.02213 ], [ -0.30106, 40.02258 ], [ -0.3005, 40.02324 ], [ -0.30014, 40.02329 ], [ -0.30045, 40.02339 ], [ -0.30028, 40.02355 ], [ -0.29992, 40.0236 ], [ -0.29973, 40.02346 ], [ -0.29964, 40.02332 ], [ -0.29988, 40.02296 ], [ -0.29935, 40.02232 ], [ -0.29894, 40.02209 ], [ -0.298, 40.02212 ], [ -0.29823, 40.02246 ], [ -0.29768, 40.02258 ], [ -0.297, 40.02205 ], [ -0.29537, 40.02149 ], [ -0.2961, 40.02266 ], [ -0.29597, 40.02288 ], [ -0.29546, 40.02288 ], [ -0.29463, 40.02266 ], [ -0.29452, 40.02247 ], [ -0.2945, 40.02206 ], [ -0.29513, 40.02195 ], [ -0.29494, 40.02168 ], [ -0.29289, 40.02117 ], [ -0.2926, 40.02187 ], [ -0.29229, 40.02189 ], [ -0.29194, 40.02224 ], [ -0.29191, 40.02285 ], [ -0.29162, 40.02302 ], [ -0.29168, 40.02353 ], [ -0.29144, 40.02373 ], [ -0.29179, 40.02414 ], [ -0.29156, 40.02459 ], [ -0.29109, 40.02453 ], [ -0.29086, 40.02432 ] ] ], [ [ [ -0.2404, 39.81322 ], [ -0.24046, 39.8133 ], [ -0.24041, 39.81327 ], [ -0.2404, 39.81322 ] ] ], [ [ [ -0.2267, 39.85084 ], [ -0.22642, 39.85015 ], [ -0.22683, 39.85016 ], [ -0.22676, 39.84985 ], [ -0.22702, 39.84973 ], [ -0.22723, 39.84993 ], [ -0.22901, 39.84987 ], [ -0.22903, 39.85009 ], [ -0.22847, 39.8508 ], [ -0.22779, 39.85094 ], [ -0.22764, 39.85068 ], [ -0.22741, 39.85076 ], [ -0.2274, 39.85092 ], [ -0.22696, 39.85097 ], [ -0.2267, 39.85084 ] ] ], [ [ [ -0.24189, 39.89705 ], [ -0.24165, 39.89755 ], [ -0.24149, 39.89751 ], [ -0.24142, 39.89714 ], [ -0.24107, 39.89723 ], [ -0.24098, 39.8971 ], [ -0.24114, 39.8967 ], [ -0.24142, 39.89658 ], [ -0.24187, 39.89663 ], [ -0.24189, 39.89705 ] ] ], [ [ [ -0.18652, 39.89932 ], [ -0.18663, 39.89951 ], [ -0.18631, 39.89952 ], [ -0.18611, 39.89931 ], [ -0.18652, 39.89932 ] ] ], [ [ [ -0.18588, 39.89931 ], [ -0.18612, 39.89952 ], [ -0.18589, 39.89992 ], [ -0.18565, 39.89981 ], [ -0.18562, 39.89949 ], [ -0.18588, 39.89931 ] ] ], [ [ [ -0.19858, 39.9097 ], [ -0.19784, 39.90889 ], [ -0.19805, 39.90873 ], [ -0.198, 39.90841 ], [ -0.19717, 39.90854 ], [ -0.1967, 39.90834 ], [ -0.19634, 39.9079 ], [ -0.19643, 39.90755 ], [ -0.19789, 39.90759 ], [ -0.19905, 39.90808 ], [ -0.1993, 39.90865 ], [ -0.19986, 39.90931 ], [ -0.19949, 39.90984 ], [ -0.19858, 39.9097 ] ] ], [ [ [ -0.235, 39.91824 ], [ -0.23553, 39.91753 ], [ -0.23594, 39.91767 ], [ -0.23561, 39.91809 ], [ -0.235, 39.91824 ] ] ], [ [ [ -0.24017, 39.91854 ], [ -0.24034, 39.91857 ], [ -0.2404, 39.91868 ], [ -0.24015, 39.91874 ], [ -0.24017, 39.91854 ] ] ], [ [ [ -0.1736, 39.92062 ], [ -0.17374, 39.92055 ], [ -0.17384, 39.92062 ], [ -0.17374, 39.92069 ], [ -0.1736, 39.92062 ] ] ] ] } },
{ "type": "Feature", "properties": { "anyo": 2008 }, "geometry": { "type": "MultiPolygon", "coordinates": [ [ [ [ -0.29043, 39.77941 ], [ -0.29054, 39.77934 ], [ -0.29054, 39.7794 ], [ -0.29043, 39.77941 ] ] ], [ [ [ -0.35264, 39.84224 ], [ -0.35286, 39.84193 ], [ -0.35318, 39.84216 ], [ -0.35304, 39.8423 ], [ -0.35264, 39.84224 ] ] ], [ [ [ -0.31767, 39.85366 ], [ -0.3151, 39.85442 ], [ -0.31387, 39.85521 ], [ -0.31302, 39.85548 ], [ -0.31045, 39.85705 ], [ -0.31078, 39.85648 ], [ -0.31074, 39.85632 ], [ -0.31094, 39.85623 ], [ -0.31094, 39.85598 ], [ -0.31144, 39.8557 ], [ -0.31154, 39.85529 ], [ -0.31182, 39.8552 ], [ -0.31207, 39.85475 ], [ -0.31159, 39.85472 ], [ -0.31175, 39.85458 ], [ -0.31303, 39.85442 ], [ -0.31314, 39.85385 ], [ -0.31381, 39.85313 ], [ -0.31402, 39.85307 ], [ -0.31498, 39.85335 ], [ -0.31547, 39.85301 ], [ -0.31635, 39.85283 ], [ -0.31809, 39.85297 ], [ -0.31802, 39.85332 ], [ -0.31767, 39.85366 ] ] ], [ [ [ -0.26048, 39.86277 ], [ -0.26042, 39.86227 ], [ -0.26062, 39.86226 ], [ -0.26089, 39.86246 ], [ -0.2608, 39.86293 ], [ -0.26048, 39.86277 ] ] ], [ [ [ -0.4175, 39.90118 ], [ -0.41757, 39.90127 ], [ -0.41744, 39.90127 ], [ -0.4175, 39.90118 ] ] ], [ [ [ -0.30813, 39.91075 ], [ -0.30829, 39.91082 ], [ -0.30813, 39.9108 ], [ -0.30813, 39.91075 ] ] ], [ [ [ -0.32143, 40.00829 ], [ -0.32141, 40.00874 ], [ -0.32082, 40.00873 ], [ -0.32084, 40.00828 ], [ -0.32143, 40.00829 ] ] ], [ [ [ -0.31364, 40.01793 ], [ -0.31315, 40.01809 ], [ -0.31277, 40.01808 ], [ -0.31234, 40.01776 ], [ -0.31331, 40.01688 ], [ -0.31385, 40.01731 ], [ -0.31364, 40.01793 ] ] ], [ [ [ -0.2021, 39.85228 ], [ -0.20255, 39.85228 ], [ -0.20256, 39.85246 ], [ -0.2021, 39.85241 ], [ -0.2021, 39.85228 ] ] ], [ [ [ -0.21122, 39.91233 ], [ -0.2113, 39.91239 ], [ -0.21121, 39.91241 ], [ -0.21122, 39.91233 ] ] ], [ [ [ -0.23097, 39.9199 ], [ -0.23106, 39.91996 ], [ -0.23095, 39.91996 ], [ -0.23097, 39.9199 ] ] ], [ [ [ -0.25767, 39.99792 ], [ -0.25792, 39.99799 ], [ -0.25795, 39.99805 ], [ -0.25765, 39.99811 ], [ -0.25767, 39.99792 ] ] ], [ [ [ -0.25152, 40.00156 ], [ -0.25185, 40.00141 ], [ -0.25201, 40.00157 ], [ -0.25166, 40.00168 ], [ -0.25152, 40.00156 ] ] ], [ [ [ -0.1597, 40.01064 ], [ -0.16039, 40.01041 ], [ -0.16053, 40.01075 ], [ -0.16016, 40.01093 ], [ -0.15972, 40.01085 ], [ -0.1597, 40.01064 ] ] ], [ [ [ -0.18991, 40.01385 ], [ -0.19, 40.01396 ], [ -0.18988, 40.01395 ], [ -0.18991, 40.01385 ] ] ] ] } },
{ "type": "Feature", "properties": { "anyo": 2009 }, "geometry": { "type": "MultiPolygon", "coordinates": [ [ [ [ -0.45, 39.81886 ], [ -0.45007, 39.81794 ], [ -0.44979, 39.81764 ], [ -0.45004, 39.8176 ], [ -0.45023, 39.81715 ], [ -0.45078, 39.81667 ], [ -0.45143, 39.81661 ], [ -0.4516, 39.81634 ], [ -0.45152, 39.81563 ], [ -0.45087, 39.81478 ], [ -0.4518, 39.81413 ], [ -0.45113, 39.81433 ], [ -0.45088, 39.81415 ], [ -0.45047, 39.81425 ], [ -0.45034, 39.81448 ], [ -0.44989, 39.81443 ], [ -0.44952, 39.81457 ], [ -0.44964, 39.81511 ], [ -0.45002, 39.81516 ], [ -0.45018, 39.81494 ], [ -0.45041, 39.81504 ], [ -0.45054, 39.8157 ], [ -0.45033, 39.81632 ], [ -0.45009, 39.81619 ], [ -0.44939, 39.81668 ], [ -0.44951, 39.81687 ], [ -0.4493, 39.8172 ], [ -0.44843, 39.81704 ], [ -0.44876, 39.81571 ], [ -0.4481, 39.81639 ], [ -0.44798, 39.81714 ], [ -0.44819, 39.8174 ], [ -0.44809, 39.8175 ], [ -0.4475, 39.81764 ], [ -0.44676, 39.81754 ], [ -0.43971, 39.81407 ], [ -0.43735, 39.81327 ], [ -0.43459, 39.81281 ], [ -0.43539, 39.81285 ], [ -0.43513, 39.81252 ], [ -0.43484, 39.81247 ], [ -0.43546, 39.81231 ], [ -0.43509, 39.81166 ], [ -0.43443, 39.81143 ], [ -0.4341, 39.81149 ], [ -0.43391, 39.81157 ], [ -0.4339, 39.81196 ], [ -0.43363, 39.81198 ], [ -0.4336, 39.81173 ], [ -0.43377, 39.81152 ], [ -0.4336, 39.81132 ], [ -0.43385, 39.81095 ], [ -0.43285, 39.81076 ], [ -0.43263, 39.81104 ], [ -0.43206, 39.81001 ], [ -0.43208, 39.80956 ], [ -0.43252, 39.80939 ], [ -0.43279, 39.80956 ], [ -0.43365, 39.80952 ], [ -0.43508, 39.80914 ], [ -0.43502, 39.80891 ], [ -0.43371, 39.80919 ], [ -0.43284, 39.80906 ], [ -0.4327, 39.80854 ], [ -0.43193, 39.80889 ], [ -0.43207, 39.80924 ], [ -0.43184, 39.80952 ], [ -0.43173, 39.80821 ], [ -0.4329, 39.80785 ], [ -0.4339, 39.808 ], [ -0.43413, 39.80742 ], [ -0.43404, 39.80731 ], [ -0.43421, 39.8072 ], [ -0.43462, 39.80728 ], [ -0.43471, 39.80745 ], [ -0.43602, 39.8072 ], [ -0.43561, 39.80699 ], [ -0.43533, 39.80716 ], [ -0.43446, 39.80703 ], [ -0.43396, 39.80662 ], [ -0.43404, 39.80651 ], [ -0.43374, 39.80643 ], [ -0.43359, 39.8062 ], [ -0.43392, 39.80555 ], [ -0.43368, 39.80534 ], [ -0.43339, 39.80557 ], [ -0.43236, 39.80492 ], [ -0.4331, 39.80443 ], [ -0.43512, 39.80461 ], [ -0.43521, 39.80513 ], [ -0.43567, 39.80521 ], [ -0.43632, 39.80511 ], [ -0.43664, 39.80484 ], [ -0.43681, 39.80498 ], [ -0.43638, 39.80562 ], [ -0.43636, 39.80628 ], [ -0.43612, 39.80671 ], [ -0.4366, 39.80718 ], [ -0.43727, 39.80692 ], [ -0.43691, 39.80671 ], [ -0.43654, 39.80614 ], [ -0.43699, 39.80488 ], [ -0.43627, 39.80419 ], [ -0.43643, 39.80414 ], [ -0.4376, 39.805 ], [ -0.43924, 39.80506 ], [ -0.43979, 39.80555 ], [ -0.43991, 39.80686 ], [ -0.44016, 39.80712 ], [ -0.44013, 39.80732 ], [ -0.44082, 39.8076 ], [ -0.44072, 39.80684 ], [ -0.44101, 39.8064 ], [ -0.44094, 39.80586 ], [ -0.44109, 39.80564 ], [ -0.4408, 39.8053 ], [ -0.44087, 39.80504 ], [ -0.43997, 39.80507 ], [ -0.43951, 39.80489 ], [ -0.43944, 39.80456 ], [ -0.43864, 39.80488 ], [ -0.43831, 39.8046 ], [ -0.43861, 39.80409 ], [ -0.43927, 39.80397 ], [ -0.43929, 39.80381 ], [ -0.43903, 39.80319 ], [ -0.43866, 39.80291 ], [ -0.43832, 39.80229 ], [ -0.43809, 39.80253 ], [ -0.43798, 39.8024 ], [ -0.43817, 39.80204 ], [ -0.43785, 39.80213 ], [ -0.43786, 39.80189 ], [ -0.43835, 39.80123 ], [ -0.43943, 39.8015 ], [ -0.43955, 39.80127 ], [ -0.43904, 39.80101 ], [ -0.43994, 39.8009 ], [ -0.4401, 39.80129 ], [ -0.44048, 39.80123 ], [ -0.44045, 39.8007 ], [ -0.44173, 39.80102 ], [ -0.44255, 39.80075 ], [ -0.44498, 39.80133 ], [ -0.44527, 39.80158 ], [ -0.44531, 39.80193 ], [ -0.44618, 39.80199 ], [ -0.44689, 39.80231 ], [ -0.44709, 39.80213 ], [ -0.44709, 39.80201 ], [ -0.44638, 39.80163 ], [ -0.4455, 39.80164 ], [ -0.44532, 39.80157 ], [ -0.44539, 39.80124 ], [ -0.44483, 39.80119 ], [ -0.4449, 39.80097 ], [ -0.4454, 39.8008 ], [ -0.44549, 39.80066 ], [ -0.4453, 39.80055 ], [ -0.44476, 39.80088 ], [ -0.44423, 39.80089 ], [ -0.44355, 39.80048 ], [ -0.44194, 39.80031 ], [ -0.44178, 39.79979 ], [ -0.44129, 39.79972 ], [ -0.43942, 39.79847 ], [ -0.43908, 39.79905 ], [ -0.43789, 39.79932 ], [ -0.43748, 39.79912 ], [ -0.43844, 39.79797 ], [ -0.43759, 39.79671 ], [ -0.43642, 39.79666 ], [ -0.43634, 39.79649 ], [ -0.43776, 39.79542 ], [ -0.43819, 39.79536 ], [ -0.43892, 39.79572 ], [ -0.43989, 39.79592 ], [ -0.43949, 39.79598 ], [ -0.43889, 39.79656 ], [ -0.43896, 39.79667 ], [ -0.43948, 39.79647 ], [ -0.44003, 39.79598 ], [ -0.44029, 39.79596 ], [ -0.44127, 39.79622 ], [ -0.44133, 39.79673 ], [ -0.44172, 39.79699 ], [ -0.44265, 39.79699 ], [ -0.44275, 39.7972 ], [ -0.44374, 39.79729 ], [ -0.44413, 39.79756 ], [ -0.44363, 39.79783 ], [ -0.444, 39.79811 ], [ -0.44355, 39.79841 ], [ -0.4433, 39.79836 ], [ -0.44341, 39.79824 ], [ -0.44301, 39.7979 ], [ -0.44254, 39.79796 ], [ -0.44242, 39.79822 ], [ -0.44162, 39.79824 ], [ -0.44143, 39.79898 ], [ -0.44218, 39.7993 ], [ -0.44204, 39.79898 ], [ -0.44258, 39.79831 ], [ -0.44277, 39.79878 ], [ -0.44327, 39.7991 ], [ -0.44344, 39.79874 ], [ -0.44381, 39.79863 ], [ -0.44439, 39.79869 ], [ -0.44489, 39.79908 ], [ -0.446, 39.79925 ], [ -0.4461, 39.79907 ], [ -0.44574, 39.79848 ], [ -0.4458, 39.79827 ], [ -0.44701, 39.79795 ], [ -0.44712, 39.79747 ], [ -0.44791, 39.79742 ], [ -0.44867, 39.79772 ], [ -0.44891, 39.79762 ], [ -0.4502, 39.79782 ], [ -0.45067, 39.79708 ], [ -0.45, 39.79722 ], [ -0.44964, 39.79753 ], [ -0.44934, 39.79724 ], [ -0.45042, 39.7968 ], [ -0.45113, 39.79717 ], [ -0.45113, 39.79755 ], [ -0.4516, 39.79791 ], [ -0.45228, 39.79802 ], [ -0.4523, 39.79836 ], [ -0.45334, 39.79882 ], [ -0.45376, 39.79917 ], [ -0.45466, 39.79936 ], [ -0.45508, 39.79928 ], [ -0.45553, 39.79954 ], [ -0.45576, 39.79925 ], [ -0.45621, 39.79923 ], [ -0.45618, 39.79892 ], [ -0.45699, 39.79881 ], [ -0.45772, 39.79769 ], [ -0.4579, 39.7977 ], [ -0.45788, 39.79807 ], [ -0.45829, 39.79817 ], [ -0.45842, 39.7979 ], [ -0.45876, 39.79804 ], [ -0.45853, 39.79811 ], [ -0.45856, 39.7984 ], [ -0.45952, 39.79823 ], [ -0.45946, 39.79868 ], [ -0.45972, 39.79893 ], [ -0.4602, 39.79863 ], [ -0.46033, 39.7987 ], [ -0.46001, 39.79919 ], [ -0.46063, 39.79989 ], [ -0.4607, 39.80061 ], [ -0.46113, 39.80051 ], [ -0.46094, 39.80028 ], [ -0.46171, 39.80023 ], [ -0.46248, 39.80083 ], [ -0.46283, 39.80085 ], [ -0.46264, 39.801 ], [ -0.46276, 39.80112 ], [ -0.4623, 39.80154 ], [ -0.46302, 39.80188 ], [ -0.4629, 39.80223 ], [ -0.46251, 39.80229 ], [ -0.46298, 39.80274 ], [ -0.46284, 39.80313 ], [ -0.46268, 39.80317 ], [ -0.46216, 39.80284 ], [ -0.46241, 39.80288 ], [ -0.46245, 39.80274 ], [ -0.46222, 39.80242 ], [ -0.46182, 39.80267 ], [ -0.46181, 39.80326 ], [ -0.46295, 39.80337 ], [ -0.46341, 39.80369 ], [ -0.46339, 39.80401 ], [ -0.46298, 39.80377 ], [ -0.46289, 39.80387 ], [ -0.46337, 39.80418 ], [ -0.46268, 39.80397 ], [ -0.46347, 39.80441 ], [ -0.46366, 39.80469 ], [ -0.46275, 39.80522 ], [ -0.46255, 39.80583 ], [ -0.46271, 39.80615 ], [ -0.46411, 39.80653 ], [ -0.46462, 39.80681 ], [ -0.46498, 39.8064 ], [ -0.46426, 39.80533 ], [ -0.46329, 39.80332 ], [ -0.46369, 39.8029 ], [ -0.46421, 39.8032 ], [ -0.46545, 39.80343 ], [ -0.46591, 39.80323 ], [ -0.46591, 39.80359 ], [ -0.4663, 39.80394 ], [ -0.46642, 39.80429 ], [ -0.4667, 39.80441 ], [ -0.46681, 39.80489 ], [ -0.46586, 39.80501 ], [ -0.46569, 39.80594 ], [ -0.46621, 39.80563 ], [ -0.46653, 39.80617 ], [ -0.4668, 39.80602 ], [ -0.46697, 39.80614 ], [ -0.46708, 39.80656 ], [ -0.4674, 39.80661 ], [ -0.46764, 39.80695 ], [ -0.46745, 39.80751 ], [ -0.46689, 39.80792 ], [ -0.46638, 39.80785 ], [ -0.46667, 39.80751 ], [ -0.46614, 39.80747 ], [ -0.46571, 39.80765 ], [ -0.46523, 39.80742 ], [ -0.46502, 39.80747 ], [ -0.4649, 39.80783 ], [ -0.46447, 39.8078 ], [ -0.46444, 39.80747 ], [ -0.46419, 39.80766 ], [ -0.46323, 39.80757 ], [ -0.4628, 39.80783 ], [ -0.4628, 39.808 ], [ -0.46339, 39.80803 ], [ -0.46333, 39.8082 ], [ -0.46393, 39.80862 ], [ -0.4632, 39.80889 ], [ -0.46288, 39.80849 ], [ -0.46249, 39.80871 ], [ -0.46245, 39.80905 ], [ -0.46297, 39.81016 ], [ -0.46354, 39.81059 ], [ -0.46344, 39.81085 ], [ -0.4623, 39.81142 ], [ -0.46222, 39.81246 ], [ -0.46112, 39.81288 ], [ -0.46122, 39.81261 ], [ -0.46202, 39.81206 ], [ -0.46187, 39.81183 ], [ -0.46201, 39.81174 ], [ -0.46194, 39.8115 ], [ -0.46253, 39.81059 ], [ -0.46246, 39.8104 ], [ -0.46071, 39.80989 ], [ -0.46067, 39.80978 ], [ -0.46114, 39.80948 ], [ -0.46177, 39.80849 ], [ -0.46158, 39.80834 ], [ -0.46095, 39.80833 ], [ -0.46118, 39.80813 ], [ -0.46073, 39.80803 ], [ -0.46017, 39.80752 ], [ -0.45914, 39.80717 ], [ -0.45885, 39.80638 ], [ -0.45826, 39.80585 ], [ -0.45823, 39.80568 ], [ -0.45857, 39.80535 ], [ -0.45824, 39.80506 ], [ -0.45754, 39.80545 ], [ -0.45742, 39.80687 ], [ -0.45711, 39.80733 ], [ -0.45771, 39.80768 ], [ -0.45762, 39.80851 ], [ -0.4585, 39.80941 ], [ -0.45892, 39.80961 ], [ -0.45888, 39.80919 ], [ -0.45944, 39.80918 ], [ -0.45968, 39.80932 ], [ -0.45983, 39.80901 ], [ -0.46031, 39.80901 ], [ -0.46017, 39.80918 ], [ -0.4604, 39.80944 ], [ -0.46005, 39.8097 ], [ -0.46025, 39.81037 ], [ -0.45981, 39.81069 ], [ -0.4587, 39.81095 ], [ -0.45809, 39.81092 ], [ -0.45818, 39.81136 ], [ -0.4586, 39.81159 ], [ -0.45881, 39.81201 ], [ -0.45878, 39.81241 ], [ -0.45859, 39.81258 ], [ -0.45886, 39.81257 ], [ -0.45914, 39.81325 ], [ -0.45793, 39.81339 ], [ -0.45766, 39.81359 ], [ -0.45786, 39.81405 ], [ -0.45865, 39.81384 ], [ -0.45884, 39.81438 ], [ -0.45808, 39.81461 ], [ -0.45883, 39.81632 ], [ -0.4582, 39.81673 ], [ -0.45776, 39.81782 ], [ -0.45746, 39.81781 ], [ -0.45745, 39.81816 ], [ -0.4577, 39.81834 ], [ -0.45767, 39.81872 ], [ -0.45704, 39.81894 ], [ -0.45744, 39.81939 ], [ -0.45738, 39.81951 ], [ -0.45554, 39.81885 ], [ -0.45504, 39.81905 ], [ -0.45522, 39.81858 ], [ -0.45459, 39.81819 ], [ -0.45457, 39.81804 ], [ -0.45417, 39.81804 ], [ -0.45418, 39.81786 ], [ -0.45359, 39.81757 ], [ -0.45619, 39.81666 ], [ -0.45648, 39.8164 ], [ -0.45624, 39.81627 ], [ -0.45361, 39.81722 ], [ -0.45324, 39.81758 ], [ -0.45284, 39.81835 ], [ -0.45302, 39.81881 ], [ -0.45273, 39.81896 ], [ -0.45232, 39.81877 ], [ -0.45148, 39.81891 ], [ -0.45077, 39.81967 ], [ -0.4507, 39.82019 ], [ -0.44906, 39.81898 ], [ -0.45, 39.81886 ] ], [ [ -0.46585, 39.80737 ], [ -0.46635, 39.80652 ], [ -0.46559, 39.80717 ], [ -0.4655, 39.8074 ], [ -0.46585, 39.80737 ] ], [ [ -0.4417, 39.79759 ], [ -0.44167, 39.7972 ], [ -0.44143, 39.79719 ], [ -0.44119, 39.79683 ], [ -0.44096, 39.79691 ], [ -0.4415, 39.79769 ], [ -0.4417, 39.79759 ] ], [ [ -0.44066, 39.79703 ], [ -0.44018, 39.79722 ], [ -0.44055, 39.79798 ], [ -0.44055, 39.79838 ], [ -0.44068, 39.79837 ], [ -0.44092, 39.79768 ], [ -0.44066, 39.79703 ] ], [ [ -0.45725, 39.8008 ], [ -0.45748, 39.80097 ], [ -0.45755, 39.80127 ], [ -0.45848, 39.80126 ], [ -0.45856, 39.80104 ], [ -0.45835, 39.80101 ], [ -0.45815, 39.80049 ], [ -0.45725, 39.8008 ] ], [ [ -0.44372, 39.81479 ], [ -0.44321, 39.81476 ], [ -0.44291, 39.81526 ], [ -0.44296, 39.81544 ], [ -0.44391, 39.81588 ], [ -0.44418, 39.8158 ], [ -0.44372, 39.81479 ] ], [ [ -0.45956, 39.80055 ], [ -0.45886, 39.80021 ], [ -0.45863, 39.80036 ], [ -0.45898, 39.80085 ], [ -0.45923, 39.80166 ], [ -0.45947, 39.80178 ], [ -0.46006, 39.80135 ], [ -0.46075, 39.80136 ], [ -0.4605, 39.80099 ], [ -0.46047, 39.8006 ], [ -0.45992, 39.80107 ], [ -0.4597, 39.80098 ], [ -0.45956, 39.80055 ] ], [ [ -0.46531, 39.80361 ], [ -0.46454, 39.80372 ], [ -0.46441, 39.80413 ], [ -0.46491, 39.80551 ], [ -0.46506, 39.80508 ], [ -0.46581, 39.80448 ], [ -0.46577, 39.80413 ], [ -0.46531, 39.80361 ] ], [ [ -0.45174, 39.81819 ], [ -0.45129, 39.817 ], [ -0.4508, 39.81718 ], [ -0.45042, 39.8178 ], [ -0.45049, 39.81895 ], [ -0.45243, 39.81862 ], [ -0.4525, 39.81849 ], [ -0.45174, 39.81819 ] ], [ [ -0.45533, 39.80487 ], [ -0.45551, 39.80472 ], [ -0.45475, 39.80437 ], [ -0.45438, 39.80436 ], [ -0.45394, 39.80391 ], [ -0.45353, 39.80421 ], [ -0.45304, 39.80408 ], [ -0.45295, 39.80444 ], [ -0.45268, 39.80448 ], [ -0.45281, 39.8047 ], [ -0.45256, 39.80459 ], [ -0.45229, 39.80489 ], [ -0.45232, 39.80533 ], [ -0.45358, 39.80547 ], [ -0.45391, 39.80524 ], [ -0.45398, 39.80499 ], [ -0.45453, 39.80483 ], [ -0.45533, 39.80487 ] ], [ [ -0.45374, 39.8135 ], [ -0.45341, 39.81334 ], [ -0.4528, 39.81343 ], [ -0.45239, 39.814 ], [ -0.45232, 39.81466 ], [ -0.45217, 39.81481 ], [ -0.45236, 39.81525 ], [ -0.45255, 39.81526 ], [ -0.45276, 39.81562 ], [ -0.45304, 39.81561 ], [ -0.45332, 39.81593 ], [ -0.45389, 39.81594 ], [ -0.45454, 39.81524 ], [ -0.45417, 39.81499 ], [ -0.45423, 39.81459 ], [ -0.45513, 39.81439 ], [ -0.45538, 39.81414 ], [ -0.45516, 39.81339 ], [ -0.45475, 39.81317 ], [ -0.45374, 39.8135 ] ] ], [ [ [ -0.43191, 39.81194 ], [ -0.43025, 39.81074 ], [ -0.4299, 39.8108 ], [ -0.42972, 39.81059 ], [ -0.42975, 39.80965 ], [ -0.4306, 39.80983 ], [ -0.43151, 39.81103 ], [ -0.43388, 39.8128 ], [ -0.43312, 39.81272 ], [ -0.43192, 39.8123 ], [ -0.43191, 39.81194 ] ] ], [ [ [ -0.43983, 39.81429 ], [ -0.44158, 39.81525 ], [ -0.44142, 39.81534 ], [ -0.44092, 39.81512 ], [ -0.43907, 39.81406 ], [ -0.4357, 39.81323 ], [ -0.43716, 39.81342 ], [ -0.43983, 39.81429 ] ] ], [ [ [ -0.43914, 39.81424 ], [ -0.4398, 39.81465 ], [ -0.43986, 39.81531 ], [ -0.43922, 39.8155 ], [ -0.43792, 39.81517 ], [ -0.43668, 39.81456 ], [ -0.43496, 39.81328 ], [ -0.43914, 39.81424 ] ] ], [ [ [ -0.44559, 39.81722 ], [ -0.44415, 39.81658 ], [ -0.4432, 39.81693 ], [ -0.44203, 39.81622 ], [ -0.44255, 39.81568 ], [ -0.44724, 39.81794 ], [ -0.44661, 39.81799 ], [ -0.44608, 39.81778 ], [ -0.44562, 39.81793 ], [ -0.44528, 39.81839 ], [ -0.44444, 39.81786 ], [ -0.44484, 39.81749 ], [ -0.44559, 39.81722 ] ] ], [ [ [ -0.44728, 39.81961 ], [ -0.44812, 39.81913 ], [ -0.44767, 39.81879 ], [ -0.44816, 39.81868 ], [ -0.44792, 39.81834 ], [ -0.44979, 39.81978 ], [ -0.44861, 39.82005 ], [ -0.44812, 39.81996 ], [ -0.44799, 39.81976 ], [ -0.44728, 39.81961 ] ] ], [ [ [ -0.42166, 39.81977 ], [ -0.42167, 39.8191 ], [ -0.42132, 39.81848 ], [ -0.42161, 39.81856 ], [ -0.42166, 39.81885 ], [ -0.42189, 39.81898 ], [ -0.42178, 39.8191 ], [ -0.42199, 39.8193 ], [ -0.42196, 39.81955 ], [ -0.4222, 39.81968 ], [ -0.42227, 39.81942 ], [ -0.42246, 39.81939 ], [ -0.42273, 39.81972 ], [ -0.42258, 39.8198 ], [ -0.42285, 39.82001 ], [ -0.42213, 39.81983 ], [ -0.42189, 39.81994 ], [ -0.42166, 39.81977 ] ] ], [ [ [ -0.44013, 39.85115 ], [ -0.43979, 39.85121 ], [ -0.43911, 39.85085 ], [ -0.43912, 39.85126 ], [ -0.43866, 39.85123 ], [ -0.43902, 39.8508 ], [ -0.43823, 39.85006 ], [ -0.4382, 39.85032 ], [ -0.43798, 39.85029 ], [ -0.43779, 39.8508 ], [ -0.43798, 39.85106 ], [ -0.43758, 39.85117 ], [ -0.43729, 39.85099 ], [ -0.43748, 39.85144 ], [ -0.4374, 39.85155 ], [ -0.43705, 39.85146 ], [ -0.43639, 39.85089 ], [ -0.43644, 39.85053 ], [ -0.43611, 39.85039 ], [ -0.43572, 39.84968 ], [ -0.43555, 39.84963 ], [ -0.43547, 39.84946 ], [ -0.43567, 39.84892 ], [ -0.43584, 39.8489 ], [ -0.43586, 39.84852 ], [ -0.43601, 39.84857 ], [ -0.43615, 39.84838 ], [ -0.43615, 39.84793 ], [ -0.43666, 39.84751 ], [ -0.43663, 39.84674 ], [ -0.43758, 39.84637 ], [ -0.43765, 39.84567 ], [ -0.4358, 39.84452 ], [ -0.4361, 39.84376 ], [ -0.43591, 39.84369 ], [ -0.43582, 39.8433 ], [ -0.43449, 39.84232 ], [ -0.43387, 39.84162 ], [ -0.43309, 39.84171 ], [ -0.43297, 39.84158 ], [ -0.43162, 39.8416 ], [ -0.43137, 39.84105 ], [ -0.43089, 39.84122 ], [ -0.43069, 39.841 ], [ -0.4301, 39.84095 ], [ -0.4297, 39.84064 ], [ -0.42909, 39.84065 ], [ -0.42906, 39.84094 ], [ -0.42834, 39.84069 ], [ -0.42664, 39.84072 ], [ -0.42629, 39.84104 ], [ -0.42577, 39.84086 ], [ -0.42586, 39.84056 ], [ -0.42416, 39.84012 ], [ -0.42418, 39.83988 ], [ -0.42317, 39.8397 ], [ -0.42315, 39.8395 ], [ -0.42262, 39.83932 ], [ -0.4224, 39.8395 ], [ -0.42244, 39.83967 ], [ -0.42226, 39.83966 ], [ -0.42169, 39.83937 ], [ -0.42107, 39.8395 ], [ -0.42071, 39.83917 ], [ -0.42097, 39.8385 ], [ -0.42239, 39.8383 ], [ -0.42257, 39.83867 ], [ -0.42287, 39.83855 ], [ -0.42283, 39.83767 ], [ -0.42315, 39.83718 ], [ -0.42366, 39.83742 ], [ -0.42431, 39.83806 ], [ -0.42471, 39.83802 ], [ -0.42472, 39.83723 ], [ -0.4252, 39.83664 ], [ -0.42444, 39.83612 ], [ -0.42321, 39.83706 ], [ -0.42287, 39.83695 ], [ -0.4237, 39.8361 ], [ -0.42332, 39.83556 ], [ -0.42289, 39.83533 ], [ -0.42333, 39.83517 ], [ -0.42365, 39.83476 ], [ -0.42351, 39.83466 ], [ -0.4233, 39.83477 ], [ -0.42308, 39.83454 ], [ -0.42335, 39.8341 ], [ -0.4229, 39.83356 ], [ -0.42236, 39.83336 ], [ -0.42239, 39.83317 ], [ -0.42131, 39.83253 ], [ -0.42078, 39.83232 ], [ -0.41997, 39.83233 ], [ -0.41967, 39.83312 ], [ -0.41923, 39.83329 ], [ -0.41814, 39.8329 ], [ -0.41815, 39.83234 ], [ -0.41783, 39.83216 ], [ -0.41827, 39.83172 ], [ -0.41795, 39.83101 ], [ -0.41741, 39.83053 ], [ -0.41714, 39.83046 ], [ -0.41674, 39.83077 ], [ -0.41645, 39.8308 ], [ -0.41518, 39.83054 ], [ -0.41371, 39.83072 ], [ -0.4123, 39.83021 ], [ -0.41197, 39.83038 ], [ -0.41174, 39.83078 ], [ -0.41189, 39.83118 ], [ -0.41174, 39.83142 ], [ -0.41282, 39.83207 ], [ -0.41228, 39.83248 ], [ -0.41122, 39.83131 ], [ -0.41067, 39.83143 ], [ -0.40949, 39.83117 ], [ -0.4091, 39.83164 ], [ -0.40909, 39.83187 ], [ -0.40941, 39.83222 ], [ -0.41016, 39.83241 ], [ -0.41064, 39.8332 ], [ -0.41061, 39.83348 ], [ -0.41001, 39.83379 ], [ -0.40958, 39.83377 ], [ -0.40929, 39.83322 ], [ -0.40883, 39.83331 ], [ -0.40853, 39.83382 ], [ -0.4088, 39.83414 ], [ -0.40866, 39.83421 ], [ -0.40745, 39.83387 ], [ -0.40789, 39.83343 ], [ -0.40789, 39.83321 ], [ -0.4073, 39.83345 ], [ -0.40608, 39.83345 ], [ -0.40585, 39.83332 ], [ -0.40599, 39.83317 ], [ -0.40586, 39.8326 ], [ -0.40833, 39.8317 ], [ -0.40825, 39.83139 ], [ -0.40856, 39.83071 ], [ -0.40784, 39.83035 ], [ -0.40786, 39.83024 ], [ -0.40803, 39.83013 ], [ -0.40889, 39.83065 ], [ -0.40932, 39.83019 ], [ -0.40925, 39.83005 ], [ -0.40902, 39.83012 ], [ -0.40873, 39.82957 ], [ -0.40854, 39.82974 ], [ -0.40827, 39.82952 ], [ -0.40792, 39.82903 ], [ -0.40794, 39.82882 ], [ -0.40823, 39.82867 ], [ -0.40818, 39.82828 ], [ -0.40833, 39.82838 ], [ -0.40841, 39.82821 ], [ -0.40878, 39.82812 ], [ -0.40911, 39.82836 ], [ -0.40929, 39.82804 ], [ -0.40969, 39.82787 ], [ -0.40963, 39.82778 ], [ -0.41069, 39.82774 ], [ -0.41077, 39.8275 ], [ -0.41106, 39.82759 ], [ -0.411, 39.82727 ], [ -0.41116, 39.82723 ], [ -0.41182, 39.82726 ], [ -0.41217, 39.8276 ], [ -0.41282, 39.82786 ], [ -0.41297, 39.82776 ], [ -0.4137, 39.82789 ], [ -0.41402, 39.82758 ], [ -0.41383, 39.82727 ], [ -0.41276, 39.82727 ], [ -0.41276, 39.8269 ], [ -0.41337, 39.82673 ], [ -0.41536, 39.82714 ], [ -0.41557, 39.82705 ], [ -0.41554, 39.82667 ], [ -0.41522, 39.82634 ], [ -0.41566, 39.82609 ], [ -0.41608, 39.8261 ], [ -0.41612, 39.82627 ], [ -0.41651, 39.82582 ], [ -0.4177, 39.82603 ], [ -0.41814, 39.82575 ], [ -0.41869, 39.82572 ], [ -0.4191, 39.82534 ], [ -0.4195, 39.82543 ], [ -0.41966, 39.82524 ], [ -0.42116, 39.82521 ], [ -0.42211, 39.82579 ], [ -0.42265, 39.82569 ], [ -0.4233, 39.82603 ], [ -0.42462, 39.82633 ], [ -0.42452, 39.82657 ], [ -0.42404, 39.82686 ], [ -0.42321, 39.82703 ], [ -0.42322, 39.82735 ], [ -0.42379, 39.82741 ], [ -0.42439, 39.8268 ], [ -0.42475, 39.82749 ], [ -0.42432, 39.82734 ], [ -0.42421, 39.82773 ], [ -0.42449, 39.82785 ], [ -0.42499, 39.82756 ], [ -0.42488, 39.82721 ], [ -0.4251, 39.8271 ], [ -0.42483, 39.82697 ], [ -0.42498, 39.82645 ], [ -0.42528, 39.82638 ], [ -0.42547, 39.82614 ], [ -0.42649, 39.82613 ], [ -0.4266, 39.82622 ], [ -0.42648, 39.82633 ], [ -0.42531, 39.82662 ], [ -0.42601, 39.827 ], [ -0.42595, 39.82736 ], [ -0.42628, 39.8275 ], [ -0.42653, 39.82737 ], [ -0.42668, 39.82769 ], [ -0.4265, 39.82785 ], [ -0.42671, 39.82817 ], [ -0.42754, 39.82873 ], [ -0.42781, 39.82927 ], [ -0.4275, 39.82944 ], [ -0.428, 39.83059 ], [ -0.42877, 39.83043 ], [ -0.42905, 39.83003 ], [ -0.42868, 39.82792 ], [ -0.42876, 39.82774 ], [ -0.42869, 39.82745 ], [ -0.42811, 39.82706 ], [ -0.42824, 39.82701 ], [ -0.42807, 39.82647 ], [ -0.42809, 39.82618 ], [ -0.42846, 39.82617 ], [ -0.42856, 39.82573 ], [ -0.42693, 39.82414 ], [ -0.42585, 39.82347 ], [ -0.42547, 39.82347 ], [ -0.42524, 39.82256 ], [ -0.42551, 39.82202 ], [ -0.4254, 39.82257 ], [ -0.42558, 39.82315 ], [ -0.42584, 39.82334 ], [ -0.42666, 39.82294 ], [ -0.4265, 39.82251 ], [ -0.42577, 39.82169 ], [ -0.42569, 39.82115 ], [ -0.42624, 39.82148 ], [ -0.42873, 39.82199 ], [ -0.43043, 39.82154 ], [ -0.43051, 39.8214 ], [ -0.43034, 39.82101 ], [ -0.42961, 39.82087 ], [ -0.42966, 39.82067 ], [ -0.42986, 39.82024 ], [ -0.43018, 39.82028 ], [ -0.43042, 39.81977 ], [ -0.43186, 39.81966 ], [ -0.43181, 39.82007 ], [ -0.43213, 39.82013 ], [ -0.43239, 39.81951 ], [ -0.4321, 39.81932 ], [ -0.43243, 39.81852 ], [ -0.43228, 39.81827 ], [ -0.43191, 39.81814 ], [ -0.43202, 39.81784 ], [ -0.43287, 39.81761 ], [ -0.43307, 39.8181 ], [ -0.43349, 39.81757 ], [ -0.43382, 39.81798 ], [ -0.43379, 39.81816 ], [ -0.43463, 39.81811 ], [ -0.43464, 39.81785 ], [ -0.43506, 39.81754 ], [ -0.43414, 39.81711 ], [ -0.4342, 39.81678 ], [ -0.43472, 39.81659 ], [ -0.43479, 39.81598 ], [ -0.4345, 39.81595 ], [ -0.4338, 39.81661 ], [ -0.43377, 39.81627 ], [ -0.43363, 39.81628 ], [ -0.43342, 39.81669 ], [ -0.43255, 39.81681 ], [ -0.43205, 39.81669 ], [ -0.43212, 39.81651 ], [ -0.43242, 39.81664 ], [ -0.43281, 39.81655 ], [ -0.43291, 39.81645 ], [ -0.4328, 39.81631 ], [ -0.43234, 39.81629 ], [ -0.43154, 39.8158 ], [ -0.4319, 39.8154 ], [ -0.4318, 39.81577 ], [ -0.43223, 39.81585 ], [ -0.4329, 39.81625 ], [ -0.43273, 39.81572 ], [ -0.43299, 39.81509 ], [ -0.43273, 39.81497 ], [ -0.4328, 39.81469 ], [ -0.43234, 39.81438 ], [ -0.43278, 39.81404 ], [ -0.43279, 39.81357 ], [ -0.43244, 39.81352 ], [ -0.43227, 39.81319 ], [ -0.43434, 39.81358 ], [ -0.43713, 39.8152 ], [ -0.44135, 39.8164 ], [ -0.44365, 39.81784 ], [ -0.44045, 39.81621 ], [ -0.44057, 39.81673 ], [ -0.44045, 39.81693 ], [ -0.44077, 39.8173 ], [ -0.44097, 39.81731 ], [ -0.44164, 39.81869 ], [ -0.44164, 39.81894 ], [ -0.44112, 39.81958 ], [ -0.44308, 39.81963 ], [ -0.44464, 39.81927 ], [ -0.44515, 39.81886 ], [ -0.44638, 39.82028 ], [ -0.4453, 39.82022 ], [ -0.44478, 39.81982 ], [ -0.44284, 39.82002 ], [ -0.44064, 39.81994 ], [ -0.4405, 39.81977 ], [ -0.44076, 39.81921 ], [ -0.44046, 39.81908 ], [ -0.44006, 39.81955 ], [ -0.43969, 39.81943 ], [ -0.43932, 39.81986 ], [ -0.44158, 39.82111 ], [ -0.44194, 39.82114 ], [ -0.44281, 39.82074 ], [ -0.44336, 39.82112 ], [ -0.4451, 39.82128 ], [ -0.4457, 39.82186 ], [ -0.44609, 39.82174 ], [ -0.44665, 39.82197 ], [ -0.44654, 39.82225 ], [ -0.44698, 39.82299 ], [ -0.44687, 39.82352 ], [ -0.44776, 39.82368 ], [ -0.44793, 39.82384 ], [ -0.44758, 39.82422 ], [ -0.44725, 39.82415 ], [ -0.44599, 39.8244 ], [ -0.44613, 39.82458 ], [ -0.4459, 39.825 ], [ -0.44612, 39.82492 ], [ -0.44631, 39.82517 ], [ -0.4466, 39.82512 ], [ -0.44627, 39.82549 ], [ -0.44681, 39.82536 ], [ -0.44718, 39.82565 ], [ -0.44674, 39.82574 ], [ -0.44674, 39.82586 ], [ -0.44763, 39.82581 ], [ -0.44777, 39.82605 ], [ -0.44768, 39.8263 ], [ -0.44743, 39.82621 ], [ -0.44707, 39.82639 ], [ -0.44699, 39.82669 ], [ -0.44634, 39.82741 ], [ -0.44577, 39.8278 ], [ -0.44548, 39.82839 ], [ -0.44631, 39.82763 ], [ -0.44624, 39.8278 ], [ -0.44724, 39.82766 ], [ -0.44712, 39.82793 ], [ -0.44667, 39.82797 ], [ -0.44706, 39.82821 ], [ -0.44706, 39.82841 ], [ -0.44657, 39.8285 ], [ -0.44638, 39.82832 ], [ -0.44634, 39.82845 ], [ -0.44658, 39.82883 ], [ -0.44701, 39.82863 ], [ -0.4475, 39.8287 ], [ -0.44787, 39.82908 ], [ -0.44787, 39.82935 ], [ -0.44856, 39.83029 ], [ -0.44834, 39.83042 ], [ -0.44839, 39.83066 ], [ -0.44873, 39.83105 ], [ -0.44901, 39.83112 ], [ -0.44904, 39.83152 ], [ -0.44979, 39.83227 ], [ -0.44978, 39.83265 ], [ -0.4494, 39.83288 ], [ -0.44946, 39.83308 ], [ -0.44918, 39.83306 ], [ -0.44863, 39.83187 ], [ -0.44799, 39.83158 ], [ -0.44771, 39.83095 ], [ -0.44796, 39.83081 ], [ -0.44778, 39.82994 ], [ -0.44728, 39.82998 ], [ -0.44717, 39.82956 ], [ -0.4468, 39.82941 ], [ -0.44654, 39.8296 ], [ -0.4458, 39.82916 ], [ -0.44511, 39.82945 ], [ -0.44499, 39.82971 ], [ -0.44436, 39.82954 ], [ -0.44441, 39.82975 ], [ -0.44398, 39.83008 ], [ -0.44453, 39.83034 ], [ -0.44443, 39.8309 ], [ -0.4448, 39.831 ], [ -0.44488, 39.83159 ], [ -0.44534, 39.83198 ], [ -0.44493, 39.83271 ], [ -0.44457, 39.83271 ], [ -0.44446, 39.83255 ], [ -0.44463, 39.83199 ], [ -0.44401, 39.83205 ], [ -0.44363, 39.83188 ], [ -0.44344, 39.83221 ], [ -0.44312, 39.83207 ], [ -0.44305, 39.83284 ], [ -0.44316, 39.83307 ], [ -0.44335, 39.83303 ], [ -0.44316, 39.83271 ], [ -0.4432, 39.83258 ], [ -0.44341, 39.83265 ], [ -0.44358, 39.83313 ], [ -0.4434, 39.83335 ], [ -0.44365, 39.83335 ], [ -0.44406, 39.83407 ], [ -0.44422, 39.83384 ], [ -0.44388, 39.83332 ], [ -0.44401, 39.83316 ], [ -0.44391, 39.83302 ], [ -0.445, 39.83326 ], [ -0.44492, 39.83412 ], [ -0.44558, 39.83423 ], [ -0.44583, 39.83394 ], [ -0.44673, 39.83499 ], [ -0.44668, 39.8355 ], [ -0.44691, 39.83614 ], [ -0.44724, 39.83608 ], [ -0.44814, 39.8365 ], [ -0.44811, 39.83701 ], [ -0.44911, 39.83692 ], [ -0.44801, 39.83811 ], [ -0.44809, 39.83828 ], [ -0.44855, 39.83845 ], [ -0.44841, 39.83866 ], [ -0.44755, 39.83886 ], [ -0.4473, 39.83907 ], [ -0.44622, 39.83912 ], [ -0.44609, 39.83928 ], [ -0.44567, 39.83933 ], [ -0.44533, 39.83866 ], [ -0.44553, 39.83837 ], [ -0.44538, 39.83628 ], [ -0.4451, 39.83589 ], [ -0.44483, 39.83591 ], [ -0.44487, 39.83565 ], [ -0.44465, 39.83549 ], [ -0.44449, 39.83503 ], [ -0.44406, 39.83477 ], [ -0.44239, 39.83252 ], [ -0.44211, 39.83325 ], [ -0.44167, 39.83358 ], [ -0.44145, 39.83482 ], [ -0.44109, 39.83556 ], [ -0.44136, 39.83572 ], [ -0.44077, 39.83577 ], [ -0.44071, 39.83604 ], [ -0.44129, 39.83596 ], [ -0.44138, 39.83618 ], [ -0.4421, 39.83628 ], [ -0.44158, 39.8371 ], [ -0.44172, 39.83726 ], [ -0.44217, 39.83733 ], [ -0.44256, 39.8369 ], [ -0.44396, 39.83775 ], [ -0.44456, 39.83787 ], [ -0.4451, 39.83881 ], [ -0.44525, 39.83944 ], [ -0.44441, 39.83971 ], [ -0.44445, 39.84001 ], [ -0.44657, 39.84067 ], [ -0.44623, 39.84141 ], [ -0.44537, 39.84218 ], [ -0.44574, 39.84234 ], [ -0.44659, 39.84198 ], [ -0.44685, 39.8421 ], [ -0.44728, 39.84195 ], [ -0.44766, 39.84355 ], [ -0.44813, 39.84332 ], [ -0.44858, 39.84393 ], [ -0.44914, 39.84437 ], [ -0.44861, 39.8449 ], [ -0.44752, 39.84384 ], [ -0.44636, 39.84405 ], [ -0.44473, 39.84478 ], [ -0.44488, 39.84492 ], [ -0.44622, 39.84463 ], [ -0.4461, 39.84515 ], [ -0.44661, 39.84558 ], [ -0.44736, 39.84556 ], [ -0.44736, 39.84534 ], [ -0.44701, 39.84503 ], [ -0.44743, 39.84483 ], [ -0.44762, 39.84508 ], [ -0.44745, 39.84526 ], [ -0.4477, 39.84613 ], [ -0.44753, 39.84635 ], [ -0.44747, 39.84764 ], [ -0.44754, 39.84783 ], [ -0.44777, 39.84773 ], [ -0.44783, 39.84791 ], [ -0.44808, 39.84794 ], [ -0.44815, 39.84826 ], [ -0.448, 39.84863 ], [ -0.44811, 39.84871 ], [ -0.44782, 39.84894 ], [ -0.44777, 39.8495 ], [ -0.44691, 39.84955 ], [ -0.44608, 39.85018 ], [ -0.44505, 39.85002 ], [ -0.44443, 39.8495 ], [ -0.44189, 39.84867 ], [ -0.44169, 39.84837 ], [ -0.44182, 39.84766 ], [ -0.44165, 39.84771 ], [ -0.44165, 39.84798 ], [ -0.4413, 39.84773 ], [ -0.44168, 39.84727 ], [ -0.44218, 39.84712 ], [ -0.44258, 39.84655 ], [ -0.44263, 39.8462 ], [ -0.44287, 39.8461 ], [ -0.44263, 39.84593 ], [ -0.44232, 39.84599 ], [ -0.44234, 39.84578 ], [ -0.44178, 39.84579 ], [ -0.44163, 39.8462 ], [ -0.44127, 39.84624 ], [ -0.44156, 39.84664 ], [ -0.4409, 39.84705 ], [ -0.44078, 39.84734 ], [ -0.44052, 39.84742 ], [ -0.44033, 39.84688 ], [ -0.43894, 39.84784 ], [ -0.43857, 39.84793 ], [ -0.4386, 39.84825 ], [ -0.43828, 39.84852 ], [ -0.43945, 39.8495 ], [ -0.4398, 39.85055 ], [ -0.4405, 39.85058 ], [ -0.44048, 39.8509 ], [ -0.44063, 39.85086 ], [ -0.44089, 39.85115 ], [ -0.4413, 39.85217 ], [ -0.44076, 39.85198 ], [ -0.44013, 39.85115 ] ], [ [ -0.4252, 39.82722 ], [ -0.42521, 39.82741 ], [ -0.42583, 39.82715 ], [ -0.4257, 39.82695 ], [ -0.4252, 39.82722 ] ], [ [ -0.44134, 39.82416 ], [ -0.44066, 39.82389 ], [ -0.44052, 39.82401 ], [ -0.44097, 39.82439 ], [ -0.44134, 39.82416 ] ], [ [ -0.42767, 39.83438 ], [ -0.42785, 39.83486 ], [ -0.42839, 39.83487 ], [ -0.42844, 39.8344 ], [ -0.42767, 39.83438 ] ], [ [ -0.43378, 39.8237 ], [ -0.43351, 39.82351 ], [ -0.43298, 39.82368 ], [ -0.43238, 39.82364 ], [ -0.43238, 39.82383 ], [ -0.4326, 39.82395 ], [ -0.43286, 39.82378 ], [ -0.43307, 39.824 ], [ -0.43331, 39.82397 ], [ -0.43348, 39.82374 ], [ -0.43378, 39.8237 ] ], [ [ -0.43418, 39.82041 ], [ -0.43442, 39.82035 ], [ -0.43454, 39.81982 ], [ -0.43496, 39.81951 ], [ -0.43448, 39.81941 ], [ -0.43426, 39.81983 ], [ -0.43404, 39.81981 ], [ -0.43418, 39.82041 ] ], [ [ -0.43365, 39.81558 ], [ -0.43407, 39.81556 ], [ -0.43419, 39.81474 ], [ -0.43367, 39.81467 ], [ -0.43365, 39.81558 ] ], [ [ -0.44514, 39.82641 ], [ -0.44479, 39.82656 ], [ -0.44507, 39.82702 ], [ -0.4453, 39.82705 ], [ -0.44578, 39.8265 ], [ -0.44571, 39.82625 ], [ -0.44526, 39.82661 ], [ -0.44514, 39.82641 ] ], [ [ -0.44329, 39.82677 ], [ -0.44307, 39.82624 ], [ -0.44245, 39.82637 ], [ -0.44248, 39.82692 ], [ -0.44329, 39.82677 ] ], [ [ -0.43172, 39.83004 ], [ -0.43235, 39.83056 ], [ -0.43286, 39.83057 ], [ -0.43296, 39.8304 ], [ -0.43294, 39.82996 ], [ -0.43172, 39.83004 ] ], [ [ -0.43997, 39.82492 ], [ -0.43992, 39.82505 ], [ -0.4404, 39.82533 ], [ -0.44084, 39.82523 ], [ -0.44114, 39.82537 ], [ -0.44077, 39.82542 ], [ -0.44117, 39.82554 ], [ -0.44168, 39.82557 ], [ -0.44186, 39.8254 ], [ -0.4408, 39.82501 ], [ -0.43997, 39.82492 ] ], [ [ -0.42792, 39.83585 ], [ -0.42798, 39.8356 ], [ -0.42845, 39.83531 ], [ -0.42822, 39.83526 ], [ -0.42781, 39.83545 ], [ -0.42743, 39.83603 ], [ -0.4277, 39.8363 ], [ -0.42846, 39.83627 ], [ -0.42837, 39.83585 ], [ -0.42792, 39.83585 ] ], [ [ -0.43262, 39.82199 ], [ -0.43305, 39.82216 ], [ -0.43255, 39.82231 ], [ -0.43273, 39.82254 ], [ -0.43314, 39.8224 ], [ -0.43305, 39.82227 ], [ -0.43316, 39.8222 ], [ -0.43461, 39.82177 ], [ -0.4345, 39.8215 ], [ -0.43382, 39.82165 ], [ -0.43386, 39.82183 ], [ -0.43309, 39.8219 ], [ -0.4329, 39.8217 ], [ -0.43267, 39.82175 ], [ -0.43278, 39.82185 ], [ -0.43262, 39.82199 ] ], [ [ -0.43924, 39.82136 ], [ -0.43947, 39.82136 ], [ -0.43952, 39.82104 ], [ -0.43978, 39.82102 ], [ -0.4401, 39.82136 ], [ -0.43962, 39.8208 ], [ -0.43898, 39.82059 ], [ -0.43873, 39.82077 ], [ -0.43919, 39.82177 ], [ -0.43951, 39.82175 ], [ -0.43924, 39.82136 ] ], [ [ -0.41825, 39.82933 ], [ -0.41815, 39.82914 ], [ -0.41761, 39.82912 ], [ -0.41734, 39.82889 ], [ -0.41663, 39.82951 ], [ -0.41704, 39.82982 ], [ -0.41718, 39.82955 ], [ -0.41809, 39.82958 ], [ -0.41825, 39.82933 ] ], [ [ -0.43973, 39.82345 ], [ -0.43928, 39.82359 ], [ -0.43935, 39.82404 ], [ -0.4396, 39.82403 ], [ -0.43957, 39.82368 ], [ -0.44076, 39.82335 ], [ -0.44041, 39.8226 ], [ -0.43988, 39.82297 ], [ -0.43973, 39.82345 ] ], [ [ -0.43329, 39.81992 ], [ -0.43371, 39.82015 ], [ -0.43372, 39.81982 ], [ -0.43392, 39.81983 ], [ -0.43409, 39.81925 ], [ -0.43357, 39.81907 ], [ -0.43315, 39.81978 ], [ -0.43331, 39.81985 ], [ -0.43293, 39.81992 ], [ -0.43285, 39.82041 ], [ -0.4327, 39.8204 ], [ -0.43262, 39.82069 ], [ -0.43325, 39.82051 ], [ -0.43329, 39.81992 ] ], [ [ -0.431, 39.82237 ], [ -0.431, 39.82208 ], [ -0.43106, 39.82266 ], [ -0.43128, 39.82263 ], [ -0.43117, 39.8221 ], [ -0.43132, 39.82187 ], [ -0.43049, 39.82171 ], [ -0.42966, 39.82193 ], [ -0.42954, 39.82244 ], [ -0.42914, 39.82235 ], [ -0.42955, 39.82256 ], [ -0.42952, 39.82271 ], [ -0.42907, 39.82251 ], [ -0.42912, 39.82289 ], [ -0.42966, 39.82282 ], [ -0.42979, 39.82229 ], [ -0.431, 39.82237 ] ], [ [ -0.43409, 39.83326 ], [ -0.43369, 39.83206 ], [ -0.43356, 39.83209 ], [ -0.43355, 39.83265 ], [ -0.43288, 39.83283 ], [ -0.43306, 39.83335 ], [ -0.43299, 39.83382 ], [ -0.43338, 39.83383 ], [ -0.43409, 39.83326 ] ], [ [ -0.44118, 39.84574 ], [ -0.44138, 39.84573 ], [ -0.44115, 39.84534 ], [ -0.4409, 39.84524 ], [ -0.44148, 39.84523 ], [ -0.44153, 39.84511 ], [ -0.44091, 39.84475 ], [ -0.44064, 39.84476 ], [ -0.43993, 39.84557 ], [ -0.44031, 39.84608 ], [ -0.44054, 39.84602 ], [ -0.44077, 39.84547 ], [ -0.44109, 39.84549 ], [ -0.44094, 39.84602 ], [ -0.44103, 39.84612 ], [ -0.44159, 39.84594 ], [ -0.44118, 39.84574 ] ], [ [ -0.43519, 39.82353 ], [ -0.43481, 39.82324 ], [ -0.43431, 39.82316 ], [ -0.4341, 39.8228 ], [ -0.43397, 39.82291 ], [ -0.43394, 39.82274 ], [ -0.43445, 39.82253 ], [ -0.4339, 39.82252 ], [ -0.4346, 39.82232 ], [ -0.43435, 39.82198 ], [ -0.43417, 39.82204 ], [ -0.43431, 39.82234 ], [ -0.43404, 39.82208 ], [ -0.43319, 39.82244 ], [ -0.43349, 39.82265 ], [ -0.43333, 39.82289 ], [ -0.43333, 39.82332 ], [ -0.4337, 39.82324 ], [ -0.43363, 39.82302 ], [ -0.43384, 39.82295 ], [ -0.43416, 39.82356 ], [ -0.43447, 39.8234 ], [ -0.43478, 39.82371 ], [ -0.43519, 39.82353 ] ], [ [ -0.41477, 39.82815 ], [ -0.41444, 39.82833 ], [ -0.4155, 39.82946 ], [ -0.41628, 39.82899 ], [ -0.41592, 39.82864 ], [ -0.41605, 39.82851 ], [ -0.41477, 39.82815 ] ], [ [ -0.44299, 39.84222 ], [ -0.44254, 39.84221 ], [ -0.44222, 39.84282 ], [ -0.4413, 39.8433 ], [ -0.44213, 39.84397 ], [ -0.44248, 39.84349 ], [ -0.44345, 39.84317 ], [ -0.44338, 39.84263 ], [ -0.44299, 39.84222 ] ], [ [ -0.4415, 39.82499 ], [ -0.44177, 39.82508 ], [ -0.44171, 39.82518 ], [ -0.44199, 39.82526 ], [ -0.44232, 39.82489 ], [ -0.44217, 39.82528 ], [ -0.44283, 39.82555 ], [ -0.44384, 39.82562 ], [ -0.4439, 39.82533 ], [ -0.44499, 39.82541 ], [ -0.44539, 39.82563 ], [ -0.44539, 39.82539 ], [ -0.44559, 39.82531 ], [ -0.44553, 39.82458 ], [ -0.44456, 39.82518 ], [ -0.44411, 39.82501 ], [ -0.44348, 39.82535 ], [ -0.44249, 39.82525 ], [ -0.44273, 39.82483 ], [ -0.44322, 39.8249 ], [ -0.44346, 39.82462 ], [ -0.44331, 39.82471 ], [ -0.44276, 39.82449 ], [ -0.44246, 39.82478 ], [ -0.44221, 39.82448 ], [ -0.44199, 39.82459 ], [ -0.4423, 39.82419 ], [ -0.44209, 39.82418 ], [ -0.44159, 39.82457 ], [ -0.44149, 39.82475 ], [ -0.4417, 39.82479 ], [ -0.4415, 39.82499 ] ], [ [ -0.43612, 39.82246 ], [ -0.43587, 39.82255 ], [ -0.43541, 39.82209 ], [ -0.43513, 39.82219 ], [ -0.43538, 39.82239 ], [ -0.43526, 39.82254 ], [ -0.43478, 39.82231 ], [ -0.43451, 39.82269 ], [ -0.43497, 39.82285 ], [ -0.43461, 39.82295 ], [ -0.43469, 39.82307 ], [ -0.43486, 39.82326 ], [ -0.43509, 39.82315 ], [ -0.43542, 39.82333 ], [ -0.43592, 39.82291 ], [ -0.43616, 39.82316 ], [ -0.43614, 39.82338 ], [ -0.437, 39.82241 ], [ -0.43772, 39.82261 ], [ -0.43779, 39.82227 ], [ -0.43802, 39.82217 ], [ -0.43767, 39.82194 ], [ -0.43741, 39.8223 ], [ -0.43704, 39.82231 ], [ -0.43737, 39.82185 ], [ -0.43658, 39.8222 ], [ -0.43584, 39.82171 ], [ -0.43573, 39.82187 ], [ -0.43612, 39.82246 ] ], [ [ -0.43853, 39.82611 ], [ -0.43878, 39.82588 ], [ -0.43865, 39.82582 ], [ -0.43798, 39.82609 ], [ -0.43751, 39.82597 ], [ -0.43715, 39.82632 ], [ -0.43707, 39.82645 ], [ -0.4383, 39.82708 ], [ -0.43762, 39.82797 ], [ -0.43879, 39.8281 ], [ -0.43867, 39.82765 ], [ -0.43928, 39.8271 ], [ -0.43909, 39.82705 ], [ -0.43919, 39.8267 ], [ -0.43853, 39.82611 ] ], [ [ -0.43643, 39.81648 ], [ -0.43692, 39.81682 ], [ -0.43668, 39.81697 ], [ -0.43555, 39.81648 ], [ -0.43498, 39.81655 ], [ -0.4348, 39.81678 ], [ -0.4353, 39.81724 ], [ -0.4352, 39.81749 ], [ -0.43607, 39.81802 ], [ -0.43732, 39.81766 ], [ -0.43775, 39.81727 ], [ -0.43736, 39.8166 ], [ -0.43655, 39.81625 ], [ -0.43643, 39.81648 ] ], [ [ -0.42321, 39.82925 ], [ -0.42403, 39.8286 ], [ -0.42427, 39.82808 ], [ -0.42404, 39.82806 ], [ -0.4237, 39.82846 ], [ -0.42303, 39.82877 ], [ -0.42285, 39.82924 ], [ -0.42249, 39.82946 ], [ -0.42214, 39.82952 ], [ -0.4214, 39.82931 ], [ -0.42108, 39.82966 ], [ -0.42106, 39.83051 ], [ -0.42178, 39.8306 ], [ -0.42236, 39.83149 ], [ -0.4226, 39.83162 ], [ -0.4228, 39.83117 ], [ -0.42246, 39.8306 ], [ -0.42245, 39.83024 ], [ -0.42321, 39.82925 ] ], [ [ -0.43618, 39.83354 ], [ -0.43606, 39.83384 ], [ -0.43624, 39.83428 ], [ -0.43592, 39.83505 ], [ -0.43629, 39.83516 ], [ -0.4368, 39.83499 ], [ -0.43689, 39.83433 ], [ -0.43779, 39.83411 ], [ -0.43785, 39.8338 ], [ -0.43843, 39.83401 ], [ -0.43878, 39.83386 ], [ -0.43932, 39.83412 ], [ -0.43945, 39.83405 ], [ -0.43926, 39.83352 ], [ -0.4385, 39.8336 ], [ -0.4387, 39.83326 ], [ -0.4382, 39.83298 ], [ -0.43789, 39.83328 ], [ -0.43612, 39.83285 ], [ -0.43598, 39.83314 ], [ -0.43617, 39.83336 ], [ -0.43591, 39.83334 ], [ -0.4358, 39.83345 ], [ -0.43618, 39.83354 ] ], [ [ -0.43214, 39.8325 ], [ -0.43242, 39.83195 ], [ -0.43218, 39.83131 ], [ -0.43141, 39.83084 ], [ -0.43093, 39.83 ], [ -0.43029, 39.82983 ], [ -0.4304, 39.82911 ], [ -0.4303, 39.82885 ], [ -0.43002, 39.82852 ], [ -0.42975, 39.82856 ], [ -0.42973, 39.82899 ], [ -0.42943, 39.82914 ], [ -0.42954, 39.82999 ], [ -0.42983, 39.83015 ], [ -0.43085, 39.83179 ], [ -0.43146, 39.83214 ], [ -0.43174, 39.83291 ], [ -0.43172, 39.83337 ], [ -0.4327, 39.83324 ], [ -0.43214, 39.8325 ] ], [ [ -0.43353, 39.82468 ], [ -0.43277, 39.82434 ], [ -0.43267, 39.82449 ], [ -0.4328, 39.82457 ], [ -0.43241, 39.82491 ], [ -0.43194, 39.8248 ], [ -0.43128, 39.82438 ], [ -0.43142, 39.82423 ], [ -0.4309, 39.82397 ], [ -0.43051, 39.82436 ], [ -0.4294, 39.82452 ], [ -0.43002, 39.82543 ], [ -0.43081, 39.82553 ], [ -0.43095, 39.82571 ], [ -0.43135, 39.82558 ], [ -0.43149, 39.82578 ], [ -0.43209, 39.82603 ], [ -0.43191, 39.82651 ], [ -0.43234, 39.82694 ], [ -0.43275, 39.82656 ], [ -0.43262, 39.82633 ], [ -0.43286, 39.82628 ], [ -0.43297, 39.82545 ], [ -0.43353, 39.82468 ] ], [ [ -0.43152, 39.83491 ], [ -0.43129, 39.83458 ], [ -0.43121, 39.83367 ], [ -0.4301, 39.83176 ], [ -0.42981, 39.83166 ], [ -0.42951, 39.83187 ], [ -0.42903, 39.83118 ], [ -0.42856, 39.83135 ], [ -0.42937, 39.83217 ], [ -0.43075, 39.83318 ], [ -0.43089, 39.83348 ], [ -0.43073, 39.8341 ], [ -0.43075, 39.83522 ], [ -0.43033, 39.83537 ], [ -0.43046, 39.83592 ], [ -0.43094, 39.83597 ], [ -0.43242, 39.83696 ], [ -0.43306, 39.83696 ], [ -0.43285, 39.83565 ], [ -0.43152, 39.83491 ] ] ], [ [ [ -0.41536, 39.83302 ], [ -0.41527, 39.83282 ], [ -0.41605, 39.83294 ], [ -0.41735, 39.83349 ], [ -0.41696, 39.83386 ], [ -0.41613, 39.83379 ], [ -0.41586, 39.83404 ], [ -0.41564, 39.83378 ], [ -0.41612, 39.83345 ], [ -0.41536, 39.83302 ] ] ], [ [ [ -0.44824, 39.84581 ], [ -0.44909, 39.84495 ], [ -0.44891, 39.84547 ], [ -0.44899, 39.8458 ], [ -0.44938, 39.84586 ], [ -0.44951, 39.84598 ], [ -0.44946, 39.84622 ], [ -0.44977, 39.8463 ], [ -0.44892, 39.84639 ], [ -0.44825, 39.84597 ], [ -0.44824, 39.84581 ] ] ], [ [ [ -0.41117, 39.88003 ], [ -0.41123, 39.88029 ], [ -0.41082, 39.88052 ], [ -0.41036, 39.88053 ], [ -0.41019, 39.87999 ], [ -0.41066, 39.8798 ], [ -0.41117, 39.88003 ] ] ], [ [ [ -0.42098, 39.89023 ], [ -0.4209, 39.89021 ], [ -0.42095, 39.89014 ], [ -0.42098, 39.89023 ] ] ], [ [ [ -0.40157, 39.9215 ], [ -0.40185, 39.92173 ], [ -0.40088, 39.92178 ], [ -0.40052, 39.92163 ], [ -0.40157, 39.9215 ] ] ], [ [ [ -0.41153, 39.95515 ], [ -0.41149, 39.95506 ], [ -0.41156, 39.95507 ], [ -0.41153, 39.95515 ] ] ], [ [ [ -0.20161, 39.76597 ], [ -0.20123, 39.76573 ], [ -0.20141, 39.76573 ], [ -0.20161, 39.76597 ] ] ], [ [ [ -0.34286, 39.78735 ], [ -0.34277, 39.78705 ], [ -0.34441, 39.788 ], [ -0.34427, 39.7882 ], [ -0.34456, 39.78839 ], [ -0.34407, 39.78827 ], [ -0.34286, 39.78735 ] ] ], [ [ [ -0.34694, 39.82228 ], [ -0.34696, 39.82183 ], [ -0.34754, 39.82184 ], [ -0.34752, 39.82229 ], [ -0.34694, 39.82228 ] ] ], [ [ [ -0.22636, 39.87756 ], [ -0.22667, 39.87739 ], [ -0.22703, 39.87769 ], [ -0.22634, 39.87824 ], [ -0.22606, 39.87817 ], [ -0.22636, 39.87756 ] ] ], [ [ [ -0.3874, 39.88979 ], [ -0.38734, 39.88974 ], [ -0.38748, 39.88972 ], [ -0.3874, 39.88979 ] ] ], [ [ [ -0.19077, 39.91782 ], [ -0.19201, 39.91835 ], [ -0.19109, 39.91826 ], [ -0.19108, 39.91807 ], [ -0.19077, 39.91782 ] ] ], [ [ [ -0.31296, 39.9213 ], [ -0.31293, 39.92127 ], [ -0.31298, 39.92121 ], [ -0.31296, 39.9213 ] ] ], [ [ [ -0.25827, 39.92643 ], [ -0.25837, 39.92632 ], [ -0.25874, 39.92667 ], [ -0.2592, 39.9268 ], [ -0.25886, 39.92698 ], [ -0.25827, 39.92643 ] ] ], [ [ [ -0.20591, 39.9455 ], [ -0.20599, 39.94512 ], [ -0.20613, 39.94515 ], [ -0.20605, 39.94539 ], [ -0.20625, 39.94572 ], [ -0.20678, 39.9461 ], [ -0.20649, 39.94609 ], [ -0.20591, 39.9455 ] ] ], [ [ [ -0.20775, 39.94701 ], [ -0.20768, 39.94712 ], [ -0.20653, 39.9462 ], [ -0.20697, 39.94632 ], [ -0.20775, 39.94701 ] ] ], [ [ [ -0.2682, 39.992 ], [ -0.26816, 39.99179 ], [ -0.2683, 39.99168 ], [ -0.26867, 39.99165 ], [ -0.26867, 39.99274 ], [ -0.26774, 39.99267 ], [ -0.26794, 39.99216 ], [ -0.2682, 39.992 ] ] ], [ [ [ -0.27301, 40.00289 ], [ -0.27294, 40.00283 ], [ -0.27302, 40.00282 ], [ -0.27301, 40.00289 ] ] ], [ [ [ -0.21746, 40.00644 ], [ -0.21768, 40.00663 ], [ -0.21747, 40.00681 ], [ -0.21719, 40.00671 ], [ -0.21746, 40.00644 ] ] ], [ [ [ -0.21737, 40.00762 ], [ -0.21729, 40.00724 ], [ -0.21745, 40.00713 ], [ -0.21746, 40.00686 ], [ -0.21782, 40.00667 ], [ -0.21782, 40.0072 ], [ -0.21742, 40.00799 ], [ -0.21712, 40.00803 ], [ -0.21737, 40.00762 ] ] ], [ [ [ -0.18004, 39.81546 ], [ -0.17854, 39.8154 ], [ -0.1785, 39.81555 ], [ -0.17833, 39.81526 ], [ -0.18112, 39.81519 ], [ -0.18151, 39.81532 ], [ -0.18202, 39.81521 ], [ -0.1822, 39.81546 ], [ -0.18381, 39.81586 ], [ -0.184, 39.81607 ], [ -0.18397, 39.81642 ], [ -0.18375, 39.81647 ], [ -0.18271, 39.81596 ], [ -0.18004, 39.81546 ] ] ], [ [ [ -0.12412, 40.01426 ], [ -0.12399, 40.01437 ], [ -0.12354, 40.01423 ], [ -0.12344, 40.014 ], [ -0.12372, 40.01373 ], [ -0.12408, 40.01394 ], [ -0.12412, 40.01426 ] ] ], [ [ [ -0.15728, 40.02921 ], [ -0.15739, 40.02909 ], [ -0.15644, 40.02937 ], [ -0.15635, 40.02876 ], [ -0.15688, 40.02836 ], [ -0.15672, 40.02813 ], [ -0.15691, 40.02792 ], [ -0.15673, 40.0276 ], [ -0.15686, 40.02725 ], [ -0.15732, 40.027 ], [ -0.15725, 40.02638 ], [ -0.15587, 40.02538 ], [ -0.15548, 40.0257 ], [ -0.15491, 40.02552 ], [ -0.15482, 40.02535 ], [ -0.15542, 40.0251 ], [ -0.1554, 40.02491 ], [ -0.1546, 40.02492 ], [ -0.15356, 40.02553 ], [ -0.15282, 40.02561 ], [ -0.15259, 40.02578 ], [ -0.15266, 40.02601 ], [ -0.15247, 40.02599 ], [ -0.15017, 40.02732 ], [ -0.14968, 40.02798 ], [ -0.14956, 40.0278 ], [ -0.1482, 40.02847 ], [ -0.14806, 40.02856 ], [ -0.14843, 40.02895 ], [ -0.14837, 40.0293 ], [ -0.14742, 40.02881 ], [ -0.14762, 40.02849 ], [ -0.14787, 40.02854 ], [ -0.14797, 40.02796 ], [ -0.14768, 40.02826 ], [ -0.14735, 40.02788 ], [ -0.14557, 40.02848 ], [ -0.1447, 40.02792 ], [ -0.14407, 40.02708 ], [ -0.14376, 40.02634 ], [ -0.14481, 40.02588 ], [ -0.14464, 40.02552 ], [ -0.14486, 40.02574 ], [ -0.14551, 40.02538 ], [ -0.14572, 40.0249 ], [ -0.1443, 40.025 ], [ -0.14396, 40.02478 ], [ -0.1433, 40.02484 ], [ -0.1428, 40.02372 ], [ -0.14301, 40.02364 ], [ -0.14332, 40.02432 ], [ -0.14346, 40.02407 ], [ -0.14352, 40.02438 ], [ -0.1437, 40.02436 ], [ -0.14392, 40.02411 ], [ -0.14383, 40.02364 ], [ -0.14424, 40.02345 ], [ -0.1442, 40.02329 ], [ -0.14375, 40.0231 ], [ -0.14387, 40.02276 ], [ -0.14453, 40.0222 ], [ -0.14417, 40.02163 ], [ -0.14432, 40.02136 ], [ -0.14438, 40.02031 ], [ -0.14465, 40.0202 ], [ -0.14511, 40.02041 ], [ -0.14582, 40.02022 ], [ -0.14739, 40.01937 ], [ -0.14477, 40.01824 ], [ -0.14532, 40.01791 ], [ -0.14565, 40.01789 ], [ -0.14583, 40.01799 ], [ -0.1458, 40.01821 ], [ -0.14637, 40.01814 ], [ -0.14677, 40.01834 ], [ -0.14641, 40.01797 ], [ -0.14692, 40.01786 ], [ -0.14745, 40.01801 ], [ -0.14721, 40.01769 ], [ -0.14757, 40.01749 ], [ -0.14778, 40.01771 ], [ -0.14808, 40.0177 ], [ -0.14841, 40.0174 ], [ -0.14839, 40.01715 ], [ -0.14868, 40.01688 ], [ -0.14857, 40.01682 ], [ -0.14932, 40.01635 ], [ -0.14941, 40.01643 ], [ -0.14919, 40.01672 ], [ -0.14968, 40.01653 ], [ -0.15004, 40.0167 ], [ -0.15022, 40.01699 ], [ -0.15113, 40.0171 ], [ -0.15128, 40.01683 ], [ -0.15162, 40.01673 ], [ -0.15152, 40.01693 ], [ -0.15185, 40.01693 ], [ -0.15197, 40.01613 ], [ -0.15155, 40.01645 ], [ -0.15146, 40.0161 ], [ -0.15171, 40.01518 ], [ -0.15199, 40.01521 ], [ -0.15279, 40.01484 ], [ -0.15329, 40.01495 ], [ -0.15349, 40.01464 ], [ -0.15534, 40.01489 ], [ -0.15523, 40.01429 ], [ -0.15544, 40.01378 ], [ -0.15492, 40.01337 ], [ -0.15565, 40.01331 ], [ -0.1563, 40.01441 ], [ -0.15672, 40.0143 ], [ -0.1569, 40.01443 ], [ -0.1574, 40.01542 ], [ -0.1563, 40.01557 ], [ -0.15706, 40.01562 ], [ -0.15683, 40.01617 ], [ -0.1557, 40.01602 ], [ -0.15586, 40.01623 ], [ -0.15584, 40.01658 ], [ -0.15646, 40.01679 ], [ -0.15671, 40.01741 ], [ -0.15627, 40.01764 ], [ -0.15634, 40.01792 ], [ -0.15614, 40.01807 ], [ -0.15608, 40.01757 ], [ -0.15557, 40.01759 ], [ -0.15546, 40.01841 ], [ -0.15523, 40.01879 ], [ -0.15439, 40.01874 ], [ -0.15413, 40.01853 ], [ -0.15395, 40.01883 ], [ -0.15415, 40.01902 ], [ -0.1538, 40.01955 ], [ -0.1537, 40.02017 ], [ -0.15407, 40.02033 ], [ -0.15477, 40.02029 ], [ -0.15482, 40.02045 ], [ -0.1551, 40.0205 ], [ -0.15417, 40.02069 ], [ -0.1535, 40.02116 ], [ -0.15362, 40.02145 ], [ -0.15363, 40.02123 ], [ -0.15404, 40.02135 ], [ -0.15381, 40.02168 ], [ -0.15394, 40.02263 ], [ -0.155, 40.0228 ], [ -0.15625, 40.02367 ], [ -0.15702, 40.02309 ], [ -0.15816, 40.02158 ], [ -0.1598, 40.02185 ], [ -0.16025, 40.02152 ], [ -0.1602, 40.02071 ], [ -0.15903, 40.01774 ], [ -0.15886, 40.01663 ], [ -0.15895, 40.01638 ], [ -0.15981, 40.01839 ], [ -0.16018, 40.01889 ], [ -0.16039, 40.02045 ], [ -0.16142, 40.02029 ], [ -0.16197, 40.01977 ], [ -0.16151, 40.01696 ], [ -0.16122, 40.01659 ], [ -0.16127, 40.01624 ], [ -0.16098, 40.01563 ], [ -0.16111, 40.01503 ], [ -0.1615, 40.01522 ], [ -0.16179, 40.01606 ], [ -0.16247, 40.01611 ], [ -0.16259, 40.01777 ], [ -0.16289, 40.01837 ], [ -0.16345, 40.01859 ], [ -0.16501, 40.01843 ], [ -0.16505, 40.017 ], [ -0.16532, 40.0168 ], [ -0.16498, 40.01587 ], [ -0.16487, 40.01412 ], [ -0.16509, 40.01402 ], [ -0.16548, 40.01424 ], [ -0.16615, 40.01395 ], [ -0.16557, 40.01344 ], [ -0.1653, 40.01297 ], [ -0.16544, 40.01297 ], [ -0.16512, 40.01257 ], [ -0.16598, 40.01275 ], [ -0.16754, 40.01249 ], [ -0.16858, 40.01252 ], [ -0.16886, 40.01284 ], [ -0.16881, 40.01298 ], [ -0.16951, 40.01286 ], [ -0.1698, 40.01297 ], [ -0.16975, 40.01315 ], [ -0.17001, 40.01336 ], [ -0.17108, 40.01378 ], [ -0.17184, 40.01296 ], [ -0.17226, 40.0127 ], [ -0.17162, 40.0137 ], [ -0.17249, 40.01405 ], [ -0.17229, 40.01434 ], [ -0.17237, 40.01444 ], [ -0.17354, 40.0138 ], [ -0.17377, 40.01308 ], [ -0.17358, 40.01279 ], [ -0.17445, 40.01296 ], [ -0.17445, 40.01383 ], [ -0.17418, 40.01418 ], [ -0.17359, 40.01425 ], [ -0.17326, 40.01469 ], [ -0.17212, 40.01461 ], [ -0.17228, 40.01489 ], [ -0.17403, 40.01494 ], [ -0.17239, 40.01496 ], [ -0.17227, 40.01532 ], [ -0.17542, 40.01791 ], [ -0.17531, 40.01813 ], [ -0.17505, 40.01819 ], [ -0.17512, 40.01854 ], [ -0.17389, 40.01911 ], [ -0.17385, 40.01936 ], [ -0.17339, 40.0195 ], [ -0.17289, 40.01926 ], [ -0.17247, 40.01984 ], [ -0.17288, 40.02009 ], [ -0.17263, 40.0202 ], [ -0.17179, 40.02007 ], [ -0.1712, 40.02044 ], [ -0.17097, 40.02029 ], [ -0.17143, 40.01971 ], [ -0.17104, 40.01956 ], [ -0.17106, 40.0198 ], [ -0.17072, 40.02034 ], [ -0.17049, 40.02034 ], [ -0.17018, 40.0206 ], [ -0.17028, 40.02103 ], [ -0.17069, 40.02123 ], [ -0.1708, 40.0229 ], [ -0.17048, 40.02358 ], [ -0.16945, 40.0243 ], [ -0.16977, 40.02457 ], [ -0.16999, 40.02417 ], [ -0.17031, 40.02404 ], [ -0.17097, 40.0246 ], [ -0.17081, 40.02463 ], [ -0.17078, 40.02498 ], [ -0.16971, 40.02478 ], [ -0.16877, 40.02499 ], [ -0.16829, 40.02457 ], [ -0.16782, 40.02452 ], [ -0.16789, 40.02427 ], [ -0.16837, 40.02397 ], [ -0.16834, 40.02372 ], [ -0.16772, 40.02378 ], [ -0.16747, 40.02364 ], [ -0.16757, 40.02352 ], [ -0.16737, 40.02329 ], [ -0.1672, 40.02334 ], [ -0.16725, 40.02317 ], [ -0.16692, 40.02321 ], [ -0.16669, 40.02351 ], [ -0.16744, 40.02407 ], [ -0.16748, 40.02442 ], [ -0.16663, 40.02479 ], [ -0.16629, 40.02483 ], [ -0.16615, 40.02466 ], [ -0.16595, 40.02476 ], [ -0.16589, 40.02534 ], [ -0.16574, 40.02558 ], [ -0.16546, 40.02566 ], [ -0.16562, 40.02598 ], [ -0.16536, 40.02612 ], [ -0.16448, 40.02548 ], [ -0.16318, 40.02558 ], [ -0.16289, 40.02585 ], [ -0.16121, 40.02519 ], [ -0.16092, 40.02553 ], [ -0.1609, 40.02598 ], [ -0.16129, 40.02648 ], [ -0.16142, 40.02698 ], [ -0.16212, 40.02767 ], [ -0.16243, 40.02777 ], [ -0.16234, 40.02825 ], [ -0.16214, 40.02835 ], [ -0.16176, 40.02807 ], [ -0.16043, 40.02835 ], [ -0.15966, 40.0282 ], [ -0.15908, 40.02836 ], [ -0.159, 40.02869 ], [ -0.1593, 40.02883 ], [ -0.15836, 40.02904 ], [ -0.15841, 40.02932 ], [ -0.1589, 40.02939 ], [ -0.15799, 40.03042 ], [ -0.15676, 40.03107 ], [ -0.15571, 40.03111 ], [ -0.15618, 40.03031 ], [ -0.15674, 40.02996 ], [ -0.15715, 40.03001 ], [ -0.15752, 40.02967 ], [ -0.15728, 40.02921 ] ], [ [ -0.14731, 40.0238 ], [ -0.1471, 40.02402 ], [ -0.14677, 40.0234 ], [ -0.14702, 40.02272 ], [ -0.14697, 40.02228 ], [ -0.14682, 40.0225 ], [ -0.14683, 40.02222 ], [ -0.1466, 40.0221 ], [ -0.14588, 40.02213 ], [ -0.14576, 40.0222 ], [ -0.14606, 40.02304 ], [ -0.14526, 40.02346 ], [ -0.14496, 40.02379 ], [ -0.14498, 40.02409 ], [ -0.14471, 40.02432 ], [ -0.14513, 40.02466 ], [ -0.14542, 40.0245 ], [ -0.14547, 40.02471 ], [ -0.14584, 40.02442 ], [ -0.14641, 40.02428 ], [ -0.14731, 40.02503 ], [ -0.14797, 40.02443 ], [ -0.1482, 40.02366 ], [ -0.14731, 40.0238 ] ], [ [ -0.15985, 40.02737 ], [ -0.16007, 40.02714 ], [ -0.15999, 40.02654 ], [ -0.15978, 40.02642 ], [ -0.15954, 40.02669 ], [ -0.15887, 40.02696 ], [ -0.15874, 40.02725 ], [ -0.1587, 40.02706 ], [ -0.15845, 40.02716 ], [ -0.15886, 40.02765 ], [ -0.15949, 40.02713 ], [ -0.15985, 40.02737 ] ], [ [ -0.16844, 40.02254 ], [ -0.1679, 40.02306 ], [ -0.16866, 40.02316 ], [ -0.16947, 40.02275 ], [ -0.16957, 40.02236 ], [ -0.16933, 40.02231 ], [ -0.16906, 40.02268 ], [ -0.16844, 40.02254 ] ], [ [ -0.16431, 40.02358 ], [ -0.1647, 40.02367 ], [ -0.16493, 40.02314 ], [ -0.16452, 40.02318 ], [ -0.16431, 40.02358 ] ] ], [ [ [ -0.13505, 40.02437 ], [ -0.13522, 40.02329 ], [ -0.13568, 40.02322 ], [ -0.13607, 40.0235 ], [ -0.13602, 40.02391 ], [ -0.13622, 40.02422 ], [ -0.13692, 40.02429 ], [ -0.13681, 40.02359 ], [ -0.13718, 40.02385 ], [ -0.13719, 40.02412 ], [ -0.1374, 40.02409 ], [ -0.1379, 40.02357 ], [ -0.13753, 40.02332 ], [ -0.13796, 40.02314 ], [ -0.1382, 40.02329 ], [ -0.13864, 40.02304 ], [ -0.13831, 40.02373 ], [ -0.13761, 40.02434 ], [ -0.13622, 40.02461 ], [ -0.13602, 40.02486 ], [ -0.13618, 40.02505 ], [ -0.13569, 40.0252 ], [ -0.13539, 40.02508 ], [ -0.13521, 40.02522 ], [ -0.13527, 40.02545 ], [ -0.13503, 40.0255 ], [ -0.135, 40.02472 ], [ -0.13598, 40.02459 ], [ -0.13505, 40.02437 ] ] ], [ [ [ -0.13954, 40.02561 ], [ -0.13966, 40.02529 ], [ -0.14029, 40.02505 ], [ -0.13986, 40.02425 ], [ -0.14034, 40.02435 ], [ -0.14042, 40.02443 ], [ -0.1401, 40.02453 ], [ -0.14041, 40.02469 ], [ -0.14047, 40.02492 ], [ -0.14087, 40.02473 ], [ -0.14124, 40.02422 ], [ -0.14203, 40.02406 ], [ -0.1421, 40.02346 ], [ -0.14256, 40.02404 ], [ -0.14293, 40.02524 ], [ -0.14191, 40.02512 ], [ -0.1418, 40.02468 ], [ -0.14157, 40.02468 ], [ -0.14072, 40.02536 ], [ -0.13981, 40.02568 ], [ -0.13878, 40.02558 ], [ -0.13891, 40.02534 ], [ -0.13954, 40.02561 ] ] ], [ [ [ -0.13766, 40.02532 ], [ -0.13811, 40.02527 ], [ -0.13795, 40.02553 ], [ -0.13766, 40.02557 ], [ -0.13766, 40.02532 ] ] ], [ [ [ -0.14437, 40.02558 ], [ -0.14449, 40.02569 ], [ -0.14367, 40.026 ], [ -0.14354, 40.02538 ], [ -0.14377, 40.02568 ], [ -0.14437, 40.02558 ] ] ], [ [ [ -0.13729, 40.02582 ], [ -0.13757, 40.0257 ], [ -0.13777, 40.02609 ], [ -0.13745, 40.02641 ], [ -0.13729, 40.02582 ] ] ], [ [ [ -0.14242, 40.026 ], [ -0.14252, 40.02583 ], [ -0.14273, 40.02582 ], [ -0.14323, 40.02597 ], [ -0.14361, 40.02687 ], [ -0.14336, 40.02664 ], [ -0.14245, 40.02664 ], [ -0.14242, 40.026 ] ] ], [ [ [ -0.15391, 40.02839 ], [ -0.15394, 40.02783 ], [ -0.15362, 40.02788 ], [ -0.15356, 40.02806 ], [ -0.1529, 40.02814 ], [ -0.15268, 40.02795 ], [ -0.15286, 40.02739 ], [ -0.15255, 40.02741 ], [ -0.1526, 40.02724 ], [ -0.15245, 40.02731 ], [ -0.15242, 40.02713 ], [ -0.15302, 40.02711 ], [ -0.15323, 40.02726 ], [ -0.15375, 40.02707 ], [ -0.15458, 40.02655 ], [ -0.15421, 40.02639 ], [ -0.15376, 40.02682 ], [ -0.15357, 40.02666 ], [ -0.15393, 40.0263 ], [ -0.15474, 40.02636 ], [ -0.1548, 40.02596 ], [ -0.15511, 40.02584 ], [ -0.15521, 40.02593 ], [ -0.15489, 40.02647 ], [ -0.15505, 40.0268 ], [ -0.15546, 40.02698 ], [ -0.15527, 40.0272 ], [ -0.15546, 40.0274 ], [ -0.15464, 40.02831 ], [ -0.15546, 40.02876 ], [ -0.15521, 40.02908 ], [ -0.1532, 40.02999 ], [ -0.15293, 40.02998 ], [ -0.15264, 40.03027 ], [ -0.15152, 40.02998 ], [ -0.15159, 40.02947 ], [ -0.15182, 40.02923 ], [ -0.15391, 40.02839 ] ] ], [ [ [ -0.1422, 40.0299 ], [ -0.14225, 40.0296 ], [ -0.14206, 40.02932 ], [ -0.14223, 40.0293 ], [ -0.14126, 40.0292 ], [ -0.14092, 40.0289 ], [ -0.14033, 40.02918 ], [ -0.14058, 40.02946 ], [ -0.13998, 40.02939 ], [ -0.14015, 40.02977 ], [ -0.13982, 40.02941 ], [ -0.14059, 40.02891 ], [ -0.14132, 40.02865 ], [ -0.14131, 40.02832 ], [ -0.14241, 40.02835 ], [ -0.14273, 40.02815 ], [ -0.14257, 40.02802 ], [ -0.14336, 40.02812 ], [ -0.14363, 40.02783 ], [ -0.14396, 40.02785 ], [ -0.14377, 40.02713 ], [ -0.14479, 40.02835 ], [ -0.14379, 40.02838 ], [ -0.14313, 40.0282 ], [ -0.14213, 40.02862 ], [ -0.14183, 40.02855 ], [ -0.14187, 40.02842 ], [ -0.14156, 40.02846 ], [ -0.14163, 40.0289 ], [ -0.14127, 40.02883 ], [ -0.14158, 40.02914 ], [ -0.14253, 40.02931 ], [ -0.14324, 40.02873 ], [ -0.14385, 40.0287 ], [ -0.14383, 40.02881 ], [ -0.14345, 40.02876 ], [ -0.14296, 40.02901 ], [ -0.14244, 40.02978 ], [ -0.14254, 40.03028 ], [ -0.14196, 40.03038 ], [ -0.14197, 40.03016 ], [ -0.14178, 40.03001 ], [ -0.1422, 40.0299 ] ] ], [ [ [ -0.13726, 40.03061 ], [ -0.13637, 40.03112 ], [ -0.13571, 40.03118 ], [ -0.13641, 40.03097 ], [ -0.13729, 40.03028 ], [ -0.13839, 40.03067 ], [ -0.13923, 40.03015 ], [ -0.139, 40.03004 ], [ -0.13924, 40.02982 ], [ -0.13962, 40.0303 ], [ -0.1406, 40.03022 ], [ -0.14105, 40.0308 ], [ -0.14042, 40.03053 ], [ -0.14003, 40.03071 ], [ -0.1402, 40.03093 ], [ -0.13974, 40.03102 ], [ -0.13975, 40.0312 ], [ -0.13948, 40.03144 ], [ -0.13955, 40.03166 ], [ -0.139, 40.03166 ], [ -0.13893, 40.03202 ], [ -0.13852, 40.0323 ], [ -0.13837, 40.03201 ], [ -0.13879, 40.03172 ], [ -0.13858, 40.03129 ], [ -0.13862, 40.03091 ], [ -0.13726, 40.03061 ] ] ], [ [ [ -0.13485, 40.03354 ], [ -0.1354, 40.03294 ], [ -0.13507, 40.0328 ], [ -0.13474, 40.03287 ], [ -0.13484, 40.03268 ], [ -0.13435, 40.03247 ], [ -0.13447, 40.03241 ], [ -0.13553, 40.03291 ], [ -0.13576, 40.03265 ], [ -0.13637, 40.03243 ], [ -0.13659, 40.03211 ], [ -0.13734, 40.03214 ], [ -0.13615, 40.03262 ], [ -0.13462, 40.0339 ], [ -0.13446, 40.03357 ], [ -0.13409, 40.03411 ], [ -0.13377, 40.03385 ], [ -0.13377, 40.03308 ], [ -0.13432, 40.03295 ], [ -0.13462, 40.03306 ], [ -0.13485, 40.03354 ] ] ] ] } },
{ "type": "Feature", "properties": { "anyo": 2010 }, "geometry": { "type": "MultiPolygon", "coordinates": [ [ [ [ -0.23531, 39.75655 ], [ -0.23539, 39.75648 ], [ -0.23542, 39.75655 ], [ -0.23531, 39.75655 ] ] ], [ [ [ -0.2904, 39.78167 ], [ -0.29043, 39.78156 ], [ -0.29048, 39.78166 ], [ -0.2904, 39.78167 ] ] ], [ [ [ -0.1605, 39.80566 ], [ -0.16013, 39.80553 ], [ -0.16014, 39.80533 ], [ -0.15968, 39.80469 ], [ -0.16035, 39.80498 ], [ -0.16171, 39.80628 ], [ -0.16115, 39.80612 ], [ -0.16109, 39.80633 ], [ -0.1605, 39.80566 ] ] ], [ [ [ -0.34484, 39.83548 ], [ -0.344, 39.83523 ], [ -0.34424, 39.83508 ], [ -0.34498, 39.83523 ], [ -0.34484, 39.83548 ] ] ], [ [ [ -0.19787, 39.85067 ], [ -0.19805, 39.8507 ], [ -0.19808, 39.85087 ], [ -0.19801, 39.85086 ], [ -0.19787, 39.85067 ] ] ], [ [ [ -0.194, 39.89357 ], [ -0.19452, 39.8935 ], [ -0.19458, 39.89366 ], [ -0.19407, 39.89375 ], [ -0.194, 39.89357 ] ] ], [ [ [ -0.21966, 39.98577 ], [ -0.22068, 39.98548 ], [ -0.22148, 39.98505 ], [ -0.22187, 39.98509 ], [ -0.22203, 39.98491 ], [ -0.22229, 39.98512 ], [ -0.22265, 39.98503 ], [ -0.22277, 39.98549 ], [ -0.22024, 39.986 ], [ -0.21963, 39.98592 ], [ -0.21966, 39.98577 ] ] ], [ [ [ -0.22714, 40.00923 ], [ -0.22723, 40.00913 ], [ -0.22729, 40.00922 ], [ -0.22723, 40.00924 ], [ -0.22714, 40.00923 ] ] ], [ [ [ -0.32282, 40.01758 ], [ -0.32298, 40.01764 ], [ -0.32284, 40.01767 ], [ -0.32282, 40.01758 ] ] ] ] } },
{ "type": "Feature", "properties": { "anyo": 2011 }, "geometry": { "type": "MultiPolygon", "coordinates": [ [ [ [ -0.41239, 39.85157 ], [ -0.41227, 39.85147 ], [ -0.41244, 39.85148 ], [ -0.41239, 39.85157 ] ] ], [ [ [ -0.31522, 39.88153 ], [ -0.31522, 39.88096 ], [ -0.31485, 39.88006 ], [ -0.31484, 39.87956 ], [ -0.31526, 39.87964 ], [ -0.31558, 39.88011 ], [ -0.31572, 39.88112 ], [ -0.31558, 39.88127 ], [ -0.31586, 39.88126 ], [ -0.31537, 39.88157 ], [ -0.31522, 39.88153 ] ] ], [ [ [ -0.27179, 39.88888 ], [ -0.27117, 39.88867 ], [ -0.2704, 39.88893 ], [ -0.2692, 39.88885 ], [ -0.26873, 39.88831 ], [ -0.26938, 39.88777 ], [ -0.27207, 39.8872 ], [ -0.27358, 39.88761 ], [ -0.27398, 39.88757 ], [ -0.27459, 39.88784 ], [ -0.27502, 39.88831 ], [ -0.27531, 39.88835 ], [ -0.27524, 39.88857 ], [ -0.27409, 39.8892 ], [ -0.27209, 39.88915 ], [ -0.27179, 39.88888 ] ] ], [ [ [ -0.25098, 39.89306 ], [ -0.2511, 39.89363 ], [ -0.25143, 39.89383 ], [ -0.25105, 39.89413 ], [ -0.25068, 39.89398 ], [ -0.2509, 39.89374 ], [ -0.25062, 39.89373 ], [ -0.25025, 39.89344 ], [ -0.24961, 39.89271 ], [ -0.24943, 39.89222 ], [ -0.25033, 39.89235 ], [ -0.25098, 39.89306 ] ] ], [ [ [ -0.25162, 39.89384 ], [ -0.25173, 39.89395 ], [ -0.25163, 39.89411 ], [ -0.2514, 39.89424 ], [ -0.25109, 39.89416 ], [ -0.25162, 39.89384 ] ] ], [ [ [ -0.39433, 39.91458 ], [ -0.39472, 39.91459 ], [ -0.39477, 39.91478 ], [ -0.3944, 39.91482 ], [ -0.39433, 39.91458 ] ] ], [ [ [ -0.26463, 39.99265 ], [ -0.26425, 39.99261 ], [ -0.26367, 39.99226 ], [ -0.26551, 39.99111 ], [ -0.26499, 39.99085 ], [ -0.26584, 39.99051 ], [ -0.26654, 39.99057 ], [ -0.26606, 39.99028 ], [ -0.26593, 39.9893 ], [ -0.26662, 39.98912 ], [ -0.26684, 39.9884 ], [ -0.26773, 39.98878 ], [ -0.26846, 39.98945 ], [ -0.26919, 39.98946 ], [ -0.26936, 39.98967 ], [ -0.26964, 39.99059 ], [ -0.26888, 39.99041 ], [ -0.26911, 39.99069 ], [ -0.26876, 39.99113 ], [ -0.26696, 39.99238 ], [ -0.26568, 39.99278 ], [ -0.26615, 39.99241 ], [ -0.26601, 39.99223 ], [ -0.26463, 39.99265 ] ], [ [ -0.26783, 39.98933 ], [ -0.2674, 39.98888 ], [ -0.26742, 39.98937 ], [ -0.26712, 39.98939 ], [ -0.26711, 39.98954 ], [ -0.26836, 39.99004 ], [ -0.26838, 39.98983 ], [ -0.26765, 39.98948 ], [ -0.26783, 39.98933 ] ] ], [ [ [ -0.22571, 39.77572 ], [ -0.2258, 39.77562 ], [ -0.22582, 39.77571 ], [ -0.22571, 39.77572 ] ] ], [ [ [ -0.23954, 39.85251 ], [ -0.23884, 39.85299 ], [ -0.23832, 39.85278 ], [ -0.23827, 39.85258 ], [ -0.23849, 39.85231 ], [ -0.23842, 39.85179 ], [ -0.23857, 39.85159 ], [ -0.23934, 39.85148 ], [ -0.24001, 39.85179 ], [ -0.24035, 39.8516 ], [ -0.23954, 39.85251 ] ] ], [ [ [ -0.18755, 39.86227 ], [ -0.18794, 39.86175 ], [ -0.18781, 39.86127 ], [ -0.18816, 39.86116 ], [ -0.18877, 39.86229 ], [ -0.18807, 39.86211 ], [ -0.18788, 39.86231 ], [ -0.18755, 39.86227 ] ] ], [ [ [ -0.19412, 39.8938 ], [ -0.19433, 39.89368 ], [ -0.19433, 39.89347 ], [ -0.1948, 39.89354 ], [ -0.19489, 39.89315 ], [ -0.19533, 39.8932 ], [ -0.19532, 39.89337 ], [ -0.19568, 39.89359 ], [ -0.19512, 39.89369 ], [ -0.19492, 39.89391 ], [ -0.19412, 39.8938 ] ] ], [ [ [ -0.21793, 39.92156 ], [ -0.21808, 39.92152 ], [ -0.21802, 39.9216 ], [ -0.21793, 39.92156 ] ] ], [ [ [ -0.1162, 39.96283 ], [ -0.11641, 39.96293 ], [ -0.11658, 39.96308 ], [ -0.11637, 39.9631 ], [ -0.1162, 39.96283 ] ] ], [ [ [ -0.16212, 39.99474 ], [ -0.16229, 39.99462 ], [ -0.16234, 39.99469 ], [ -0.16212, 39.99474 ] ] ] ] } },
{ "type": "Feature", "properties": { "anyo": 2012 }, "geometry": { "type": "MultiPolygon", "coordinates": [ [ [ [ -0.42736, 39.7863 ], [ -0.42736, 39.78629 ], [ -0.42737, 39.7863 ], [ -0.42736, 39.7863 ] ] ], [ [ [ -0.42747, 39.78629 ], [ -0.42746, 39.78638 ], [ -0.42737, 39.7863 ], [ -0.42747, 39.78629 ] ] ], [ [ [ -0.42214, 39.81562 ], [ -0.42049, 39.81532 ], [ -0.41996, 39.81485 ], [ -0.42016, 39.81455 ], [ -0.42051, 39.81445 ], [ -0.4213, 39.81462 ], [ -0.42226, 39.81522 ], [ -0.42214, 39.81562 ] ] ], [ [ [ -0.37093, 39.84071 ], [ -0.37058, 39.84051 ], [ -0.37073, 39.84046 ], [ -0.37178, 39.84094 ], [ -0.37206, 39.84143 ], [ -0.37212, 39.84217 ], [ -0.37164, 39.8421 ], [ -0.37164, 39.84232 ], [ -0.37135, 39.84235 ], [ -0.37076, 39.84196 ], [ -0.37048, 39.84135 ], [ -0.3705, 39.841 ], [ -0.37093, 39.84071 ] ] ], [ [ [ -0.35988, 39.85082 ], [ -0.36025, 39.8498 ], [ -0.3609, 39.84971 ], [ -0.36157, 39.84988 ], [ -0.36176, 39.85009 ], [ -0.3616, 39.85044 ], [ -0.3617, 39.85101 ], [ -0.36093, 39.85144 ], [ -0.36061, 39.85172 ], [ -0.36049, 39.85196 ], [ -0.36015, 39.8519 ], [ -0.36024, 39.85158 ], [ -0.35988, 39.85082 ] ] ], [ [ [ -0.36455, 39.85365 ], [ -0.36594, 39.85468 ], [ -0.36577, 39.85491 ], [ -0.36606, 39.85515 ], [ -0.36615, 39.8555 ], [ -0.3656, 39.85551 ], [ -0.36571, 39.85573 ], [ -0.36539, 39.85596 ], [ -0.36527, 39.85639 ], [ -0.36512, 39.85639 ], [ -0.36502, 39.85601 ], [ -0.36468, 39.85629 ], [ -0.36417, 39.8563 ], [ -0.36413, 39.85655 ], [ -0.36386, 39.85665 ], [ -0.36388, 39.85634 ], [ -0.36334, 39.85618 ], [ -0.36306, 39.85557 ], [ -0.36344, 39.85497 ], [ -0.36287, 39.85494 ], [ -0.36259, 39.85449 ], [ -0.36264, 39.85419 ], [ -0.363, 39.85396 ], [ -0.36241, 39.85356 ], [ -0.36224, 39.85318 ], [ -0.36151, 39.85346 ], [ -0.3612, 39.85281 ], [ -0.36095, 39.85297 ], [ -0.36064, 39.85293 ], [ -0.36058, 39.85258 ], [ -0.36076, 39.85225 ], [ -0.36154, 39.85205 ], [ -0.36172, 39.85183 ], [ -0.36052, 39.85197 ], [ -0.3614, 39.85121 ], [ -0.36199, 39.85163 ], [ -0.36201, 39.85179 ], [ -0.36256, 39.8517 ], [ -0.36375, 39.85249 ], [ -0.36419, 39.853 ], [ -0.36408, 39.85335 ], [ -0.36383, 39.85351 ], [ -0.36388, 39.85363 ], [ -0.36455, 39.85365 ] ] ], [ [ [ -0.39181, 39.87057 ], [ -0.39155, 39.86977 ], [ -0.39179, 39.86942 ], [ -0.39178, 39.86906 ], [ -0.39256, 39.86862 ], [ -0.39249, 39.86846 ], [ -0.39305, 39.86829 ], [ -0.392, 39.8679 ], [ -0.39164, 39.86759 ], [ -0.39144, 39.86698 ], [ -0.39164, 39.86682 ], [ -0.39169, 39.8663 ], [ -0.39151, 39.86623 ], [ -0.39091, 39.86666 ], [ -0.39034, 39.8668 ], [ -0.38948, 39.8677 ], [ -0.388, 39.86855 ], [ -0.38731, 39.86839 ], [ -0.38731, 39.86911 ], [ -0.38708, 39.86934 ], [ -0.38621, 39.8692 ], [ -0.38567, 39.86851 ], [ -0.38318, 39.86858 ], [ -0.38232, 39.86876 ], [ -0.38192, 39.86867 ], [ -0.38183, 39.86851 ], [ -0.38193, 39.86831 ], [ -0.38236, 39.86822 ], [ -0.38431, 39.86802 ], [ -0.3842, 39.86761 ], [ -0.3845, 39.8674 ], [ -0.38391, 39.86712 ], [ -0.38354, 39.86645 ], [ -0.38371, 39.86624 ], [ -0.38414, 39.86616 ], [ -0.38384, 39.866 ], [ -0.38544, 39.8662 ], [ -0.38579, 39.86642 ], [ -0.38644, 39.86738 ], [ -0.38645, 39.86646 ], [ -0.38713, 39.86604 ], [ -0.38666, 39.86488 ], [ -0.38442, 39.86454 ], [ -0.38419, 39.86421 ], [ -0.385, 39.86412 ], [ -0.38502, 39.86431 ], [ -0.38597, 39.86394 ], [ -0.38737, 39.86389 ], [ -0.3902, 39.86412 ], [ -0.39197, 39.86372 ], [ -0.39254, 39.86409 ], [ -0.3922, 39.86424 ], [ -0.39242, 39.86516 ], [ -0.39304, 39.86525 ], [ -0.39337, 39.86477 ], [ -0.39403, 39.86455 ], [ -0.39459, 39.86381 ], [ -0.39493, 39.86365 ], [ -0.3962, 39.86409 ], [ -0.39654, 39.86463 ], [ -0.39805, 39.86519 ], [ -0.39983, 39.86658 ], [ -0.39915, 39.86714 ], [ -0.39852, 39.86821 ], [ -0.39766, 39.8689 ], [ -0.39752, 39.86922 ], [ -0.39544, 39.87037 ], [ -0.39557, 39.87146 ], [ -0.3954, 39.87194 ], [ -0.39511, 39.87221 ], [ -0.39435, 39.87274 ], [ -0.39223, 39.87297 ], [ -0.3905, 39.8735 ], [ -0.39136, 39.87238 ], [ -0.39025, 39.87082 ], [ -0.39038, 39.87082 ], [ -0.3902, 39.87053 ], [ -0.38975, 39.87023 ], [ -0.39034, 39.86999 ], [ -0.39148, 39.87074 ], [ -0.39181, 39.87057 ] ] ], [ [ [ -0.39443, 39.93738 ], [ -0.39421, 39.93705 ], [ -0.39436, 39.93683 ], [ -0.39506, 39.93709 ], [ -0.39486, 39.93719 ], [ -0.39494, 39.93728 ], [ -0.39443, 39.93738 ] ] ], [ [ [ -0.42009, 39.98236 ], [ -0.41989, 39.9824 ], [ -0.4199, 39.98231 ], [ -0.42009, 39.98236 ] ] ], [ [ [ -0.33901, 39.76218 ], [ -0.33889, 39.76197 ], [ -0.33917, 39.76193 ], [ -0.33969, 39.76224 ], [ -0.33948, 39.76236 ], [ -0.33901, 39.76218 ] ] ], [ [ [ -0.2458, 39.77183 ], [ -0.246, 39.77144 ], [ -0.24631, 39.77146 ], [ -0.24689, 39.77119 ], [ -0.24695, 39.77161 ], [ -0.24624, 39.77203 ], [ -0.2458, 39.77183 ] ] ], [ [ [ -0.24267, 39.81556 ], [ -0.24248, 39.81592 ], [ -0.24182, 39.81631 ], [ -0.24191, 39.81644 ], [ -0.24207, 39.81627 ], [ -0.24216, 39.81646 ], [ -0.24182, 39.81692 ], [ -0.24104, 39.81647 ], [ -0.24118, 39.81624 ], [ -0.24104, 39.8162 ], [ -0.24127, 39.81613 ], [ -0.24101, 39.81608 ], [ -0.24104, 39.81592 ], [ -0.24081, 39.81612 ], [ -0.24056, 39.81598 ], [ -0.24112, 39.81539 ], [ -0.24172, 39.81565 ], [ -0.24184, 39.81527 ], [ -0.24215, 39.81533 ], [ -0.24238, 39.81506 ], [ -0.24259, 39.81516 ], [ -0.24267, 39.81556 ] ] ], [ [ [ -0.24434, 39.89262 ], [ -0.24454, 39.89221 ], [ -0.2444, 39.8919 ], [ -0.24458, 39.89181 ], [ -0.24578, 39.89235 ], [ -0.24453, 39.89271 ], [ -0.24434, 39.89262 ] ] ], [ [ [ -0.27102, 39.93987 ], [ -0.27119, 39.93986 ], [ -0.27103, 39.93992 ], [ -0.27102, 39.93987 ] ] ], [ [ [ -0.31219, 39.97598 ], [ -0.31189, 39.97621 ], [ -0.3118, 39.97615 ], [ -0.31204, 39.97598 ], [ -0.31219, 39.97598 ] ] ], [ [ [ -0.21843, 40.00867 ], [ -0.21911, 40.00844 ], [ -0.21922, 40.0086 ], [ -0.21941, 40.00846 ], [ -0.21986, 40.0085 ], [ -0.22021, 40.00874 ], [ -0.22038, 40.00862 ], [ -0.22037, 40.00769 ], [ -0.22078, 40.00796 ], [ -0.22052, 40.00815 ], [ -0.22052, 40.00846 ], [ -0.22092, 40.00895 ], [ -0.22147, 40.00836 ], [ -0.22199, 40.00809 ], [ -0.22218, 40.00811 ], [ -0.22214, 40.00827 ], [ -0.22289, 40.0082 ], [ -0.2226, 40.00836 ], [ -0.2228, 40.00852 ], [ -0.22238, 40.00862 ], [ -0.22221, 40.00892 ], [ -0.22106, 40.00906 ], [ -0.21984, 40.01021 ], [ -0.21916, 40.01032 ], [ -0.21906, 40.01057 ], [ -0.21874, 40.01045 ], [ -0.21896, 40.01014 ], [ -0.21765, 40.00973 ], [ -0.21772, 40.00947 ], [ -0.2183, 40.00912 ], [ -0.21802, 40.00887 ], [ -0.21863, 40.00881 ], [ -0.21843, 40.00867 ] ] ], [ [ [ -0.27155, 40.01504 ], [ -0.27144, 40.01505 ], [ -0.27144, 40.015 ], [ -0.27155, 40.01504 ] ] ] ] } },
{ "type": "Feature", "properties": { "anyo": 2013 }, "geometry": { "type": "MultiPolygon", "coordinates": [ [ [ [ -0.24839, 39.80512 ], [ -0.24957, 39.80558 ], [ -0.24858, 39.80571 ], [ -0.24816, 39.8055 ], [ -0.24839, 39.80512 ] ] ], [ [ [ -0.20354, 39.91218 ], [ -0.20408, 39.91184 ], [ -0.20455, 39.91203 ], [ -0.20442, 39.91239 ], [ -0.204, 39.91258 ], [ -0.2036, 39.91239 ], [ -0.20354, 39.91218 ] ] ], [ [ [ -0.21078, 39.92637 ], [ -0.21226, 39.92652 ], [ -0.21128, 39.92653 ], [ -0.21078, 39.92637 ] ] ], [ [ [ -0.41195, 39.93945 ], [ -0.41205, 39.93947 ], [ -0.41199, 39.93949 ], [ -0.41195, 39.93945 ] ] ], [ [ [ -0.22233, 39.98464 ], [ -0.2224, 39.98453 ], [ -0.22265, 39.98459 ], [ -0.22247, 39.98477 ], [ -0.22233, 39.98464 ] ] ], [ [ [ -0.33328, 39.99023 ], [ -0.33337, 39.99016 ], [ -0.3334, 39.99021 ], [ -0.33328, 39.99023 ] ] ], [ [ [ -0.22638, 40.01891 ], [ -0.22648, 40.01868 ], [ -0.22674, 40.01875 ], [ -0.22652, 40.01897 ], [ -0.22638, 40.01891 ] ] ] ] } },
{ "type": "Feature", "properties": { "anyo": 2014 }, "geometry": { "type": "MultiPolygon", "coordinates": [ [ [ [ -0.45312, 39.78499 ], [ -0.45353, 39.78478 ], [ -0.45418, 39.78516 ], [ -0.45512, 39.78483 ], [ -0.45542, 39.78533 ], [ -0.45577, 39.7854 ], [ -0.4557, 39.7858 ], [ -0.45619, 39.78586 ], [ -0.45599, 39.78602 ], [ -0.45508, 39.78595 ], [ -0.45491, 39.78636 ], [ -0.45442, 39.78662 ], [ -0.45502, 39.78752 ], [ -0.45342, 39.78817 ], [ -0.45287, 39.7882 ], [ -0.45221, 39.788 ], [ -0.45204, 39.7878 ], [ -0.45254, 39.78734 ], [ -0.45251, 39.78715 ], [ -0.45188, 39.7869 ], [ -0.45171, 39.7875 ], [ -0.45124, 39.78763 ], [ -0.45096, 39.78743 ], [ -0.4513, 39.787 ], [ -0.45128, 39.78673 ], [ -0.45079, 39.78655 ], [ -0.45064, 39.78695 ], [ -0.45069, 39.7866 ], [ -0.45052, 39.7865 ], [ -0.45031, 39.78657 ], [ -0.45022, 39.78704 ], [ -0.44992, 39.7869 ], [ -0.44964, 39.78719 ], [ -0.44888, 39.78709 ], [ -0.44898, 39.78657 ], [ -0.44948, 39.78663 ], [ -0.44958, 39.78611 ], [ -0.44902, 39.78608 ], [ -0.44889, 39.78595 ], [ -0.44784, 39.78604 ], [ -0.44765, 39.78654 ], [ -0.44749, 39.78611 ], [ -0.44776, 39.78585 ], [ -0.44683, 39.78588 ], [ -0.44647, 39.78604 ], [ -0.44551, 39.78587 ], [ -0.44514, 39.78615 ], [ -0.44369, 39.78646 ], [ -0.44321, 39.78627 ], [ -0.44261, 39.78636 ], [ -0.44262, 39.78687 ], [ -0.44229, 39.78703 ], [ -0.44245, 39.78739 ], [ -0.44194, 39.78745 ], [ -0.44108, 39.78789 ], [ -0.44172, 39.78783 ], [ -0.44215, 39.78815 ], [ -0.44327, 39.7882 ], [ -0.444, 39.7886 ], [ -0.44405, 39.78877 ], [ -0.44224, 39.78893 ], [ -0.44179, 39.78911 ], [ -0.44151, 39.78973 ], [ -0.44158, 39.79001 ], [ -0.44199, 39.79036 ], [ -0.44132, 39.7902 ], [ -0.43969, 39.79079 ], [ -0.43905, 39.79066 ], [ -0.43911, 39.7903 ], [ -0.4389, 39.79001 ], [ -0.43759, 39.78967 ], [ -0.43759, 39.78939 ], [ -0.4379, 39.78903 ], [ -0.43879, 39.78913 ], [ -0.439, 39.78889 ], [ -0.43843, 39.78856 ], [ -0.43801, 39.78886 ], [ -0.43708, 39.78822 ], [ -0.43688, 39.78838 ], [ -0.43691, 39.78854 ], [ -0.43774, 39.78899 ], [ -0.43743, 39.78917 ], [ -0.43727, 39.78971 ], [ -0.43714, 39.78965 ], [ -0.43609, 39.79038 ], [ -0.43495, 39.7905 ], [ -0.43383, 39.79023 ], [ -0.43308, 39.79043 ], [ -0.43239, 39.79026 ], [ -0.42988, 39.79021 ], [ -0.42957, 39.78999 ], [ -0.42995, 39.78975 ], [ -0.42994, 39.78953 ], [ -0.42979, 39.78952 ], [ -0.42878, 39.79004 ], [ -0.42877, 39.7899 ], [ -0.42847, 39.7899 ], [ -0.42829, 39.78959 ], [ -0.42776, 39.78977 ], [ -0.42721, 39.78969 ], [ -0.42583, 39.79014 ], [ -0.42549, 39.79049 ], [ -0.42519, 39.79056 ], [ -0.425, 39.79021 ], [ -0.42447, 39.79004 ], [ -0.42337, 39.79032 ], [ -0.42093, 39.79004 ], [ -0.42021, 39.78973 ], [ -0.42043, 39.78951 ], [ -0.42018, 39.78878 ], [ -0.41989, 39.78901 ], [ -0.41937, 39.7891 ], [ -0.41889, 39.78966 ], [ -0.41862, 39.78964 ], [ -0.41849, 39.78994 ], [ -0.41815, 39.78997 ], [ -0.41775, 39.7899 ], [ -0.41851, 39.78975 ], [ -0.4183, 39.78951 ], [ -0.41787, 39.78965 ], [ -0.41832, 39.78917 ], [ -0.418, 39.78919 ], [ -0.41772, 39.78967 ], [ -0.41708, 39.78935 ], [ -0.41731, 39.78912 ], [ -0.41678, 39.78887 ], [ -0.4161, 39.78889 ], [ -0.41556, 39.78937 ], [ -0.41553, 39.78899 ], [ -0.415, 39.78926 ], [ -0.41478, 39.78886 ], [ -0.41551, 39.78839 ], [ -0.41709, 39.78782 ], [ -0.4184, 39.78804 ], [ -0.41973, 39.78777 ], [ -0.42011, 39.78758 ], [ -0.42067, 39.78673 ], [ -0.42134, 39.78645 ], [ -0.4214, 39.78604 ], [ -0.42172, 39.78594 ], [ -0.42167, 39.78629 ], [ -0.42195, 39.78662 ], [ -0.42193, 39.78576 ], [ -0.42215, 39.78606 ], [ -0.42224, 39.78555 ], [ -0.4233, 39.78518 ], [ -0.42335, 39.78499 ], [ -0.42258, 39.78504 ], [ -0.42273, 39.78482 ], [ -0.42235, 39.78463 ], [ -0.42172, 39.78479 ], [ -0.42117, 39.78429 ], [ -0.4203, 39.78402 ], [ -0.41964, 39.7835 ], [ -0.41929, 39.78347 ], [ -0.41895, 39.78388 ], [ -0.4195, 39.78392 ], [ -0.41955, 39.78435 ], [ -0.41925, 39.78433 ], [ -0.41883, 39.78471 ], [ -0.41865, 39.78451 ], [ -0.41871, 39.78417 ], [ -0.41788, 39.78348 ], [ -0.41792, 39.78294 ], [ -0.41953, 39.78184 ], [ -0.41971, 39.78133 ], [ -0.42026, 39.78142 ], [ -0.42056, 39.78101 ], [ -0.42092, 39.78109 ], [ -0.42098, 39.78141 ], [ -0.42116, 39.7814 ], [ -0.42129, 39.78128 ], [ -0.42108, 39.78098 ], [ -0.42117, 39.78072 ], [ -0.42158, 39.78055 ], [ -0.42231, 39.781 ], [ -0.42277, 39.78085 ], [ -0.42336, 39.78098 ], [ -0.4237, 39.78069 ], [ -0.42402, 39.78066 ], [ -0.42454, 39.78103 ], [ -0.42671, 39.78146 ], [ -0.42816, 39.78141 ], [ -0.43025, 39.78233 ], [ -0.43031, 39.7825 ], [ -0.43004, 39.78273 ], [ -0.43054, 39.78271 ], [ -0.4308, 39.78292 ], [ -0.43153, 39.78265 ], [ -0.43232, 39.78275 ], [ -0.43252, 39.78284 ], [ -0.43211, 39.783 ], [ -0.43143, 39.78297 ], [ -0.43146, 39.78309 ], [ -0.43225, 39.78326 ], [ -0.43339, 39.78289 ], [ -0.43376, 39.78328 ], [ -0.43374, 39.78346 ], [ -0.4345, 39.78352 ], [ -0.43466, 39.78388 ], [ -0.43497, 39.78407 ], [ -0.43543, 39.78374 ], [ -0.43625, 39.78382 ], [ -0.43666, 39.78358 ], [ -0.43677, 39.78282 ], [ -0.438, 39.78319 ], [ -0.43876, 39.78322 ], [ -0.43894, 39.78388 ], [ -0.4391, 39.78397 ], [ -0.44032, 39.7839 ], [ -0.44081, 39.78411 ], [ -0.44118, 39.78389 ], [ -0.44193, 39.78407 ], [ -0.44594, 39.78404 ], [ -0.447, 39.7843 ], [ -0.44737, 39.78458 ], [ -0.4474, 39.78489 ], [ -0.44806, 39.78511 ], [ -0.44828, 39.7849 ], [ -0.44832, 39.7852 ], [ -0.4491, 39.78545 ], [ -0.44931, 39.78499 ], [ -0.44965, 39.785 ], [ -0.4498, 39.78474 ], [ -0.45101, 39.7849 ], [ -0.45142, 39.78474 ], [ -0.45126, 39.78504 ], [ -0.45149, 39.7854 ], [ -0.45168, 39.78491 ], [ -0.45196, 39.78474 ], [ -0.45189, 39.7846 ], [ -0.45294, 39.7848 ], [ -0.45312, 39.78499 ] ], [ [ -0.42886, 39.78313 ], [ -0.42908, 39.78246 ], [ -0.42895, 39.78243 ], [ -0.42696, 39.78203 ], [ -0.42539, 39.78202 ], [ -0.42453, 39.78166 ], [ -0.42422, 39.78241 ], [ -0.42354, 39.78267 ], [ -0.42358, 39.78336 ], [ -0.42393, 39.78325 ], [ -0.42392, 39.78348 ], [ -0.42508, 39.78282 ], [ -0.42641, 39.78308 ], [ -0.42712, 39.7834 ], [ -0.42744, 39.78331 ], [ -0.42742, 39.78308 ], [ -0.42876, 39.78344 ], [ -0.42894, 39.78331 ], [ -0.42886, 39.78313 ] ], [ [ -0.42259, 39.78822 ], [ -0.42299, 39.78841 ], [ -0.42359, 39.788 ], [ -0.424, 39.78807 ], [ -0.42429, 39.78784 ], [ -0.42375, 39.78737 ], [ -0.42259, 39.78822 ] ], [ [ -0.42107, 39.78793 ], [ -0.42015, 39.78868 ], [ -0.42073, 39.78895 ], [ -0.42068, 39.78933 ], [ -0.42126, 39.78966 ], [ -0.42126, 39.78934 ], [ -0.42086, 39.78874 ], [ -0.42111, 39.78828 ], [ -0.42132, 39.78819 ], [ -0.42128, 39.78795 ], [ -0.42107, 39.78793 ] ], [ [ -0.42217, 39.78941 ], [ -0.42261, 39.78878 ], [ -0.42207, 39.7888 ], [ -0.42146, 39.78858 ], [ -0.42136, 39.78921 ], [ -0.42217, 39.78941 ] ], [ [ -0.44013, 39.78854 ], [ -0.44, 39.78837 ], [ -0.43941, 39.78821 ], [ -0.43887, 39.7882 ], [ -0.43876, 39.78835 ], [ -0.43955, 39.78884 ], [ -0.44013, 39.78854 ] ], [ [ -0.42448, 39.78931 ], [ -0.42352, 39.78888 ], [ -0.42317, 39.78913 ], [ -0.42319, 39.78925 ], [ -0.42378, 39.7893 ], [ -0.42399, 39.78961 ], [ -0.42414, 39.78954 ], [ -0.42392, 39.78929 ], [ -0.42448, 39.78949 ], [ -0.42448, 39.78931 ] ], [ [ -0.43312, 39.7842 ], [ -0.43212, 39.78423 ], [ -0.43158, 39.7845 ], [ -0.43188, 39.78472 ], [ -0.43312, 39.7842 ] ], [ [ -0.42333, 39.78716 ], [ -0.42257, 39.78669 ], [ -0.42244, 39.78675 ], [ -0.42243, 39.78688 ], [ -0.42333, 39.78716 ] ], [ [ -0.41968, 39.78829 ], [ -0.4188, 39.78853 ], [ -0.41975, 39.78851 ], [ -0.41968, 39.78829 ] ], [ [ -0.41774, 39.78858 ], [ -0.41799, 39.78873 ], [ -0.41816, 39.78852 ], [ -0.41784, 39.78845 ], [ -0.41774, 39.78858 ] ] ], [ [ [ -0.4168, 39.78791 ], [ -0.41663, 39.78795 ], [ -0.41692, 39.78787 ], [ -0.4168, 39.78791 ] ] ], [ [ [ -0.41678, 39.78775 ], [ -0.41585, 39.78821 ], [ -0.41571, 39.78792 ], [ -0.41482, 39.78791 ], [ -0.416, 39.78769 ], [ -0.41678, 39.78775 ] ] ], [ [ [ -0.41454, 39.78882 ], [ -0.41388, 39.78865 ], [ -0.41422, 39.78856 ], [ -0.41387, 39.7883 ], [ -0.41502, 39.78862 ], [ -0.41454, 39.78882 ] ] ], [ [ [ -0.41547, 39.79047 ], [ -0.41503, 39.79051 ], [ -0.41497, 39.79037 ], [ -0.41575, 39.78996 ], [ -0.41623, 39.79001 ], [ -0.41547, 39.79047 ] ] ], [ [ [ -0.38021, 39.80286 ], [ -0.37937, 39.80257 ], [ -0.37908, 39.8022 ], [ -0.37907, 39.8019 ], [ -0.38022, 39.80224 ], [ -0.38021, 39.80286 ] ] ], [ [ [ -0.34739, 39.80613 ], [ -0.34751, 39.80596 ], [ -0.34765, 39.80601 ], [ -0.34762, 39.80637 ], [ -0.34739, 39.80613 ] ] ], [ [ [ -0.36955, 39.83724 ], [ -0.36867, 39.83777 ], [ -0.36797, 39.83741 ], [ -0.36676, 39.83729 ], [ -0.36659, 39.83708 ], [ -0.36697, 39.83679 ], [ -0.36699, 39.83639 ], [ -0.36726, 39.83628 ], [ -0.36926, 39.83642 ], [ -0.3694, 39.83625 ], [ -0.37044, 39.83614 ], [ -0.37097, 39.83652 ], [ -0.3706, 39.83688 ], [ -0.36955, 39.83724 ] ] ], [ [ [ -0.37213, 39.83686 ], [ -0.37216, 39.8371 ], [ -0.37182, 39.83761 ], [ -0.37121, 39.83702 ], [ -0.37163, 39.83668 ], [ -0.37213, 39.83686 ] ] ], [ [ [ -0.37102, 39.8366 ], [ -0.37095, 39.83692 ], [ -0.3695, 39.83779 ], [ -0.36969, 39.83841 ], [ -0.36956, 39.83845 ], [ -0.36954, 39.83875 ], [ -0.36917, 39.83853 ], [ -0.36778, 39.83881 ], [ -0.36747, 39.83837 ], [ -0.36689, 39.83853 ], [ -0.36641, 39.83846 ], [ -0.36845, 39.83807 ], [ -0.36967, 39.83724 ], [ -0.37036, 39.83703 ], [ -0.37077, 39.83683 ], [ -0.37102, 39.8366 ] ] ], [ [ [ -0.3704, 39.83992 ], [ -0.37107, 39.84001 ], [ -0.37095, 39.84023 ], [ -0.37106, 39.84037 ], [ -0.37059, 39.8403 ], [ -0.37041, 39.84055 ], [ -0.37022, 39.8405 ], [ -0.3704, 39.83992 ] ] ], [ [ [ -0.36934, 39.84236 ], [ -0.36891, 39.84258 ], [ -0.36785, 39.84238 ], [ -0.36768, 39.8422 ], [ -0.36729, 39.84225 ], [ -0.36745, 39.84139 ], [ -0.36765, 39.84121 ], [ -0.36817, 39.84176 ], [ -0.36951, 39.84186 ], [ -0.36934, 39.84236 ] ] ], [ [ [ -0.36826, 39.84403 ], [ -0.36819, 39.8452 ], [ -0.36956, 39.84625 ], [ -0.36924, 39.84631 ], [ -0.3684, 39.84592 ], [ -0.36801, 39.84541 ], [ -0.36797, 39.84486 ], [ -0.36713, 39.84484 ], [ -0.36697, 39.84456 ], [ -0.36702, 39.84425 ], [ -0.3676, 39.84377 ], [ -0.3676, 39.84423 ], [ -0.36802, 39.84431 ], [ -0.36786, 39.84377 ], [ -0.36802, 39.84377 ], [ -0.36826, 39.84403 ] ] ], [ [ [ -0.36334, 39.84536 ], [ -0.36345, 39.84529 ], [ -0.36347, 39.84537 ], [ -0.36334, 39.84536 ] ] ], [ [ [ -0.36145, 39.84562 ], [ -0.36092, 39.84583 ], [ -0.36097, 39.84571 ], [ -0.36073, 39.84564 ], [ -0.36136, 39.84549 ], [ -0.36145, 39.84562 ] ] ], [ [ [ -0.37546, 39.84782 ], [ -0.3759, 39.84786 ], [ -0.37586, 39.84844 ], [ -0.37525, 39.84825 ], [ -0.37321, 39.84698 ], [ -0.37268, 39.84697 ], [ -0.37029, 39.8458 ], [ -0.36978, 39.84476 ], [ -0.36991, 39.84461 ], [ -0.37124, 39.84454 ], [ -0.37168, 39.84492 ], [ -0.37194, 39.84495 ], [ -0.37208, 39.84523 ], [ -0.37246, 39.84506 ], [ -0.37336, 39.8453 ], [ -0.37356, 39.84521 ], [ -0.37457, 39.84558 ], [ -0.37506, 39.84491 ], [ -0.37553, 39.84507 ], [ -0.37593, 39.84554 ], [ -0.37643, 39.84576 ], [ -0.37586, 39.84583 ], [ -0.37562, 39.84548 ], [ -0.37538, 39.84548 ], [ -0.37563, 39.84534 ], [ -0.37542, 39.84523 ], [ -0.37532, 39.84548 ], [ -0.37502, 39.84564 ], [ -0.37513, 39.84595 ], [ -0.37553, 39.84605 ], [ -0.37477, 39.84621 ], [ -0.37475, 39.84661 ], [ -0.37541, 39.84723 ], [ -0.37529, 39.84753 ], [ -0.37546, 39.84782 ] ] ], [ [ [ -0.40165, 39.84769 ], [ -0.40163, 39.84754 ], [ -0.40218, 39.84732 ], [ -0.40237, 39.84739 ], [ -0.40223, 39.84766 ], [ -0.40165, 39.84769 ] ] ], [ [ [ -0.4209, 39.98605 ], [ -0.42099, 39.986 ], [ -0.42098, 39.98608 ], [ -0.4209, 39.98605 ] ] ], [ [ [ -0.4046, 40.00179 ], [ -0.4047, 40.00178 ], [ -0.40462, 40.00182 ], [ -0.4046, 40.00179 ] ] ], [ [ [ -0.22554, 39.75716 ], [ -0.2256, 39.75696 ], [ -0.22572, 39.757 ], [ -0.22565, 39.75713 ], [ -0.22554, 39.75716 ] ] ], [ [ [ -0.27748, 39.78238 ], [ -0.27758, 39.78246 ], [ -0.27745, 39.78247 ], [ -0.27748, 39.78238 ] ] ], [ [ [ -0.24415, 39.81644 ], [ -0.24413, 39.81626 ], [ -0.24471, 39.81619 ], [ -0.24452, 39.81641 ], [ -0.24415, 39.81644 ] ] ], [ [ [ -0.24404, 39.81679 ], [ -0.24418, 39.8168 ], [ -0.2441, 39.8169 ], [ -0.24404, 39.81679 ] ] ], [ [ [ -0.34448, 39.81766 ], [ -0.34523, 39.81748 ], [ -0.34536, 39.81755 ], [ -0.34448, 39.81766 ] ] ], [ [ [ -0.33504, 39.83316 ], [ -0.33435, 39.83266 ], [ -0.33249, 39.83225 ], [ -0.33234, 39.83186 ], [ -0.33183, 39.83155 ], [ -0.33128, 39.83144 ], [ -0.33031, 39.83152 ], [ -0.32987, 39.83135 ], [ -0.3307, 39.83113 ], [ -0.3312, 39.83128 ], [ -0.33207, 39.8312 ], [ -0.33254, 39.83157 ], [ -0.33283, 39.83152 ], [ -0.33374, 39.83202 ], [ -0.33374, 39.83222 ], [ -0.33392, 39.83232 ], [ -0.33476, 39.83249 ], [ -0.33537, 39.83315 ], [ -0.33591, 39.83334 ], [ -0.33598, 39.83377 ], [ -0.3363, 39.83397 ], [ -0.33762, 39.83454 ], [ -0.33837, 39.83448 ], [ -0.33882, 39.83465 ], [ -0.33821, 39.83491 ], [ -0.33616, 39.83465 ], [ -0.33684, 39.83463 ], [ -0.33577, 39.83382 ], [ -0.33564, 39.83358 ], [ -0.33504, 39.83342 ], [ -0.33504, 39.83316 ] ] ], [ [ [ -0.32554, 39.83477 ], [ -0.32605, 39.83473 ], [ -0.3265, 39.8345 ], [ -0.33164, 39.83489 ], [ -0.33304, 39.83515 ], [ -0.33317, 39.83481 ], [ -0.33437, 39.8349 ], [ -0.33406, 39.83545 ], [ -0.32932, 39.83593 ], [ -0.32658, 39.8355 ], [ -0.32547, 39.83559 ], [ -0.32428, 39.83512 ], [ -0.32467, 39.83499 ], [ -0.32355, 39.83477 ], [ -0.32361, 39.83443 ], [ -0.32324, 39.83408 ], [ -0.3237, 39.83415 ], [ -0.32394, 39.83448 ], [ -0.32434, 39.83467 ], [ -0.3248, 39.83455 ], [ -0.32554, 39.83477 ] ] ], [ [ [ -0.25524, 39.84036 ], [ -0.2557, 39.84095 ], [ -0.25559, 39.84109 ], [ -0.25571, 39.84172 ], [ -0.25521, 39.84294 ], [ -0.25515, 39.84364 ], [ -0.25467, 39.84411 ], [ -0.25432, 39.84352 ], [ -0.25413, 39.84354 ], [ -0.25411, 39.84399 ], [ -0.25366, 39.84404 ], [ -0.25368, 39.84431 ], [ -0.25396, 39.84457 ], [ -0.25329, 39.8449 ], [ -0.25397, 39.84596 ], [ -0.25441, 39.84581 ], [ -0.2543, 39.84615 ], [ -0.2532, 39.84649 ], [ -0.25322, 39.84685 ], [ -0.25215, 39.84832 ], [ -0.25154, 39.84861 ], [ -0.25063, 39.84972 ], [ -0.24974, 39.8502 ], [ -0.24737, 39.85081 ], [ -0.24656, 39.85146 ], [ -0.24586, 39.8523 ], [ -0.24493, 39.85268 ], [ -0.24494, 39.85299 ], [ -0.24421, 39.85342 ], [ -0.24341, 39.8533 ], [ -0.24301, 39.85341 ], [ -0.24192, 39.85421 ], [ -0.24164, 39.85411 ], [ -0.24119, 39.85355 ], [ -0.24041, 39.85365 ], [ -0.2401, 39.85348 ], [ -0.23977, 39.85354 ], [ -0.23962, 39.8533 ], [ -0.24011, 39.85305 ], [ -0.23996, 39.85295 ], [ -0.23909, 39.85318 ], [ -0.23915, 39.85306 ], [ -0.23888, 39.85277 ], [ -0.23904, 39.85256 ], [ -0.23946, 39.85253 ], [ -0.23941, 39.85157 ], [ -0.23977, 39.85118 ], [ -0.23957, 39.84985 ], [ -0.23924, 39.84914 ], [ -0.2397, 39.84869 ], [ -0.23948, 39.84841 ], [ -0.23974, 39.84752 ], [ -0.2409, 39.84697 ], [ -0.24186, 39.84723 ], [ -0.24214, 39.84672 ], [ -0.24212, 39.84655 ], [ -0.24178, 39.84633 ], [ -0.24219, 39.84579 ], [ -0.2421, 39.84556 ], [ -0.24262, 39.84519 ], [ -0.24287, 39.84463 ], [ -0.2444, 39.8439 ], [ -0.24515, 39.84382 ], [ -0.24541, 39.84354 ], [ -0.24526, 39.84271 ], [ -0.24559, 39.8425 ], [ -0.24564, 39.84225 ], [ -0.24534, 39.84175 ], [ -0.2457, 39.84147 ], [ -0.24584, 39.84092 ], [ -0.24542, 39.84017 ], [ -0.24485, 39.83987 ], [ -0.24452, 39.83796 ], [ -0.24514, 39.8375 ], [ -0.24516, 39.83726 ], [ -0.24656, 39.83622 ], [ -0.24719, 39.83603 ], [ -0.24665, 39.83573 ], [ -0.24664, 39.83539 ], [ -0.24704, 39.83434 ], [ -0.2473, 39.83451 ], [ -0.24789, 39.83426 ], [ -0.24787, 39.83398 ], [ -0.24846, 39.83387 ], [ -0.24941, 39.83336 ], [ -0.25147, 39.83189 ], [ -0.25261, 39.83209 ], [ -0.25312, 39.83241 ], [ -0.2535, 39.83237 ], [ -0.25359, 39.8328 ], [ -0.25303, 39.83306 ], [ -0.25275, 39.8335 ], [ -0.25291, 39.83395 ], [ -0.25285, 39.83468 ], [ -0.25307, 39.83502 ], [ -0.2536, 39.83515 ], [ -0.25359, 39.83535 ], [ -0.25388, 39.83561 ], [ -0.25378, 39.83623 ], [ -0.25395, 39.83632 ], [ -0.25427, 39.83709 ], [ -0.25475, 39.83733 ], [ -0.25509, 39.83775 ], [ -0.25505, 39.83898 ], [ -0.25528, 39.83956 ], [ -0.25524, 39.84036 ] ], [ [ -0.24309, 39.84865 ], [ -0.24238, 39.84871 ], [ -0.2415, 39.84924 ], [ -0.24089, 39.84995 ], [ -0.24158, 39.84993 ], [ -0.24201, 39.84955 ], [ -0.24302, 39.84931 ], [ -0.24318, 39.849 ], [ -0.24309, 39.84865 ] ], [ [ -0.24812, 39.84727 ], [ -0.24824, 39.84702 ], [ -0.24877, 39.84673 ], [ -0.24868, 39.8466 ], [ -0.24811, 39.84665 ], [ -0.24778, 39.847 ], [ -0.24736, 39.84702 ], [ -0.24689, 39.84699 ], [ -0.24658, 39.84664 ], [ -0.24636, 39.8467 ], [ -0.24654, 39.847 ], [ -0.2463, 39.84731 ], [ -0.24676, 39.84741 ], [ -0.24709, 39.84724 ], [ -0.24812, 39.84727 ] ], [ [ -0.24369, 39.85136 ], [ -0.24399, 39.85094 ], [ -0.24398, 39.8507 ], [ -0.24362, 39.85036 ], [ -0.24358, 39.85004 ], [ -0.24344, 39.85005 ], [ -0.24315, 39.85036 ], [ -0.24323, 39.85056 ], [ -0.24309, 39.85087 ], [ -0.24339, 39.85122 ], [ -0.24328, 39.85151 ], [ -0.24369, 39.85136 ] ], [ [ -0.24508, 39.84542 ], [ -0.2442, 39.84603 ], [ -0.24413, 39.84621 ], [ -0.24496, 39.84584 ], [ -0.24517, 39.8459 ], [ -0.24519, 39.84624 ], [ -0.24531, 39.84628 ], [ -0.24547, 39.84604 ], [ -0.24548, 39.84543 ], [ -0.2452, 39.84568 ], [ -0.24508, 39.84542 ] ], [ [ -0.24624, 39.84992 ], [ -0.24572, 39.85026 ], [ -0.24533, 39.85083 ], [ -0.24556, 39.85085 ], [ -0.24648, 39.85023 ], [ -0.24624, 39.84992 ] ], [ [ -0.25105, 39.84591 ], [ -0.2503, 39.84595 ], [ -0.25042, 39.8464 ], [ -0.25099, 39.84641 ], [ -0.25124, 39.84607 ], [ -0.25105, 39.84591 ] ], [ [ -0.24689, 39.84993 ], [ -0.2472, 39.84934 ], [ -0.24701, 39.84909 ], [ -0.24667, 39.84937 ], [ -0.24654, 39.84998 ], [ -0.24689, 39.84993 ] ], [ [ -0.2452, 39.84936 ], [ -0.24428, 39.84948 ], [ -0.24452, 39.8499 ], [ -0.24411, 39.8507 ], [ -0.24478, 39.84988 ], [ -0.24475, 39.84968 ], [ -0.2452, 39.84936 ] ] ], [ [ [ -0.23357, 39.85083 ], [ -0.23352, 39.85098 ], [ -0.23342, 39.85092 ], [ -0.23357, 39.85083 ] ] ], [ [ [ -0.1974, 39.85515 ], [ -0.19765, 39.85546 ], [ -0.19816, 39.85533 ], [ -0.19845, 39.85542 ], [ -0.19931, 39.85615 ], [ -0.19927, 39.85635 ], [ -0.19954, 39.85664 ], [ -0.19789, 39.85631 ], [ -0.19693, 39.85591 ], [ -0.1967, 39.85558 ], [ -0.19713, 39.85548 ], [ -0.197, 39.8553 ], [ -0.1974, 39.85515 ] ] ], [ [ [ -0.287, 39.95628 ], [ -0.28876, 39.95665 ], [ -0.28801, 39.95663 ], [ -0.287, 39.95628 ] ] ], [ [ [ -0.27498, 39.95646 ], [ -0.27372, 39.9568 ], [ -0.27408, 39.95652 ], [ -0.2747, 39.95637 ], [ -0.27498, 39.95646 ] ] ], [ [ [ -0.27598, 39.9568 ], [ -0.27557, 39.95645 ], [ -0.27577, 39.95642 ], [ -0.27611, 39.95674 ], [ -0.27598, 39.9568 ] ] ], [ [ [ -0.22219, 39.98474 ], [ -0.22252, 39.98447 ], [ -0.22271, 39.98459 ], [ -0.22219, 39.98474 ] ] ], [ [ [ -0.31755, 39.99959 ], [ -0.31748, 39.99953 ], [ -0.31761, 39.99951 ], [ -0.31755, 39.99959 ] ] ], [ [ [ -0.30768, 40.00483 ], [ -0.30943, 40.00536 ], [ -0.31156, 40.00551 ], [ -0.31217, 40.00541 ], [ -0.31227, 40.006 ], [ -0.31133, 40.00597 ], [ -0.31102, 40.0061 ], [ -0.31083, 40.00606 ], [ -0.31061, 40.0057 ], [ -0.31015, 40.00568 ], [ -0.30982, 40.00578 ], [ -0.30936, 40.00628 ], [ -0.30893, 40.00634 ], [ -0.30844, 40.00599 ], [ -0.30814, 40.00614 ], [ -0.30768, 40.00602 ], [ -0.30702, 40.00619 ], [ -0.30695, 40.00644 ], [ -0.30669, 40.00655 ], [ -0.30557, 40.00625 ], [ -0.30564, 40.00593 ], [ -0.30616, 40.00533 ], [ -0.30617, 40.00507 ], [ -0.30768, 40.00483 ] ] ], [ [ [ -0.1178, 40.00665 ], [ -0.11784, 40.00677 ], [ -0.11771, 40.0067 ], [ -0.1178, 40.00665 ] ] ], [ [ [ -0.31436, 40.02222 ], [ -0.31436, 40.02212 ], [ -0.3144, 40.02214 ], [ -0.31436, 40.02222 ] ] ] ] } },
{ "type": "Feature", "properties": { "anyo": 2015 }, "geometry": { "type": "MultiPolygon", "coordinates": [ [ [ [ -0.30709, 39.79834 ], [ -0.30706, 39.79823 ], [ -0.30716, 39.79831 ], [ -0.30709, 39.79834 ] ] ], [ [ [ -0.30155, 39.81062 ], [ -0.30159, 39.81051 ], [ -0.30165, 39.81059 ], [ -0.30155, 39.81062 ] ] ], [ [ [ -0.35805, 39.81406 ], [ -0.35804, 39.81458 ], [ -0.35756, 39.81454 ], [ -0.35736, 39.81424 ], [ -0.35707, 39.81427 ], [ -0.35768, 39.81367 ], [ -0.35787, 39.81366 ], [ -0.35805, 39.81406 ] ] ], [ [ [ -0.31862, 39.82189 ], [ -0.31847, 39.8218 ], [ -0.31811, 39.82172 ], [ -0.31834, 39.82158 ], [ -0.3189, 39.82176 ], [ -0.31862, 39.82189 ] ] ], [ [ [ -0.371, 39.83434 ], [ -0.37103, 39.83448 ], [ -0.37092, 39.83437 ], [ -0.371, 39.83434 ] ] ], [ [ [ -0.36054, 39.86222 ], [ -0.36065, 39.86233 ], [ -0.36052, 39.86231 ], [ -0.36054, 39.86222 ] ] ], [ [ [ -0.24186, 39.81621 ], [ -0.24297, 39.81542 ], [ -0.24287, 39.81521 ], [ -0.24335, 39.81543 ], [ -0.24345, 39.81521 ], [ -0.24384, 39.81528 ], [ -0.24354, 39.81578 ], [ -0.24263, 39.81649 ], [ -0.24243, 39.8169 ], [ -0.24196, 39.81658 ], [ -0.24186, 39.81621 ] ] ], [ [ [ -0.22162, 39.8781 ], [ -0.22111, 39.87817 ], [ -0.22078, 39.87763 ], [ -0.22039, 39.87766 ], [ -0.22047, 39.87741 ], [ -0.22025, 39.87717 ], [ -0.22045, 39.8767 ], [ -0.22117, 39.87657 ], [ -0.22126, 39.87734 ], [ -0.22161, 39.87779 ], [ -0.22162, 39.8781 ] ] ], [ [ [ -0.26716, 39.9111 ], [ -0.26662, 39.91143 ], [ -0.26614, 39.91114 ], [ -0.26631, 39.91068 ], [ -0.26685, 39.91005 ], [ -0.26705, 39.91016 ], [ -0.26689, 39.91059 ], [ -0.26716, 39.9111 ] ] ], [ [ [ -0.16463, 39.92041 ], [ -0.16519, 39.92074 ], [ -0.1651, 39.92087 ], [ -0.16454, 39.92066 ], [ -0.16463, 39.92041 ] ] ], [ [ [ -0.20235, 39.94031 ], [ -0.20246, 39.9406 ], [ -0.20221, 39.94024 ], [ -0.20235, 39.94031 ] ] ], [ [ [ -0.17857, 39.98177 ], [ -0.17856, 39.98169 ], [ -0.17884, 39.98168 ], [ -0.17857, 39.98177 ] ] ] ] } },
{ "type": "Feature", "properties": { "anyo": 2016 }, "geometry": { "type": "MultiPolygon", "coordinates": [ [ [ [ -0.36555, 39.81175 ], [ -0.36562, 39.81177 ], [ -0.36557, 39.81178 ], [ -0.36555, 39.81175 ] ] ], [ [ [ -0.37098, 39.84011 ], [ -0.37037, 39.84053 ], [ -0.3705, 39.8402 ], [ -0.3703, 39.83982 ], [ -0.37074, 39.8394 ], [ -0.37063, 39.83989 ], [ -0.371, 39.83998 ], [ -0.37098, 39.84011 ] ] ], [ [ [ -0.26711, 39.8418 ], [ -0.26757, 39.84351 ], [ -0.26737, 39.84376 ], [ -0.26695, 39.84351 ], [ -0.26654, 39.84284 ], [ -0.2667, 39.84244 ], [ -0.26652, 39.84234 ], [ -0.26657, 39.84206 ], [ -0.26694, 39.84177 ], [ -0.26711, 39.8418 ] ] ], [ [ [ -0.20637, 39.84271 ], [ -0.20629, 39.8434 ], [ -0.20663, 39.84364 ], [ -0.20632, 39.84385 ], [ -0.20653, 39.84419 ], [ -0.2059, 39.84436 ], [ -0.20532, 39.84368 ], [ -0.20479, 39.84349 ], [ -0.20454, 39.84288 ], [ -0.20503, 39.84267 ], [ -0.20542, 39.84284 ], [ -0.20624, 39.84263 ], [ -0.20637, 39.84271 ] ] ], [ [ [ -0.40878, 39.90303 ], [ -0.40866, 39.90311 ], [ -0.40872, 39.90293 ], [ -0.40878, 39.90303 ] ] ], [ [ [ -0.34707, 39.9058 ], [ -0.34713, 39.90543 ], [ -0.3482, 39.90549 ], [ -0.3476, 39.90564 ], [ -0.34733, 39.90593 ], [ -0.34707, 39.9058 ] ] ], [ [ [ -0.27366, 39.93432 ], [ -0.27288, 39.93435 ], [ -0.27261, 39.93411 ], [ -0.2722, 39.93311 ], [ -0.27237, 39.93253 ], [ -0.27216, 39.93222 ], [ -0.27173, 39.9323 ], [ -0.2717, 39.93282 ], [ -0.27153, 39.93303 ], [ -0.2711, 39.93304 ], [ -0.27085, 39.93283 ], [ -0.26965, 39.93311 ], [ -0.26878, 39.93314 ], [ -0.26742, 39.93245 ], [ -0.26673, 39.93265 ], [ -0.26644, 39.93233 ], [ -0.26653, 39.93199 ], [ -0.2664, 39.93181 ], [ -0.26706, 39.93209 ], [ -0.26712, 39.93189 ], [ -0.2669, 39.93162 ], [ -0.26636, 39.93157 ], [ -0.26612, 39.93104 ], [ -0.26586, 39.93117 ], [ -0.26601, 39.93148 ], [ -0.26576, 39.9316 ], [ -0.26548, 39.93143 ], [ -0.26449, 39.93145 ], [ -0.26389, 39.9319 ], [ -0.26328, 39.93167 ], [ -0.26317, 39.93201 ], [ -0.2627, 39.93216 ], [ -0.26163, 39.93224 ], [ -0.26134, 39.932 ], [ -0.26086, 39.93216 ], [ -0.26041, 39.93144 ], [ -0.26017, 39.93141 ], [ -0.25963, 39.93096 ], [ -0.25962, 39.93078 ], [ -0.25988, 39.93064 ], [ -0.25955, 39.93049 ], [ -0.25959, 39.93023 ], [ -0.25773, 39.92921 ], [ -0.25704, 39.92867 ], [ -0.25671, 39.9287 ], [ -0.25641, 39.92911 ], [ -0.2557, 39.92947 ], [ -0.25542, 39.92947 ], [ -0.25592, 39.92893 ], [ -0.25604, 39.9284 ], [ -0.25698, 39.92768 ], [ -0.25706, 39.92671 ], [ -0.25737, 39.92652 ], [ -0.25725, 39.92632 ], [ -0.25768, 39.92572 ], [ -0.25751, 39.92533 ], [ -0.25779, 39.92485 ], [ -0.25708, 39.92427 ], [ -0.25798, 39.9237 ], [ -0.25791, 39.92296 ], [ -0.25758, 39.92253 ], [ -0.25794, 39.92215 ], [ -0.25791, 39.92172 ], [ -0.2577, 39.92157 ], [ -0.25769, 39.921 ], [ -0.25745, 39.92079 ], [ -0.25705, 39.92091 ], [ -0.25683, 39.92082 ], [ -0.25711, 39.92017 ], [ -0.25677, 39.91999 ], [ -0.25694, 39.91985 ], [ -0.25652, 39.91937 ], [ -0.25655, 39.91861 ], [ -0.2564, 39.91863 ], [ -0.25623, 39.91828 ], [ -0.2557, 39.91828 ], [ -0.25526, 39.91795 ], [ -0.25535, 39.91773 ], [ -0.25456, 39.91773 ], [ -0.25398, 39.91701 ], [ -0.25392, 39.91662 ], [ -0.25269, 39.91648 ], [ -0.25249, 39.91613 ], [ -0.25254, 39.91571 ], [ -0.2522, 39.91548 ], [ -0.25248, 39.9151 ], [ -0.25241, 39.91482 ], [ -0.25172, 39.91508 ], [ -0.25116, 39.91502 ], [ -0.25017, 39.91446 ], [ -0.24983, 39.91403 ], [ -0.24972, 39.91323 ], [ -0.24897, 39.91269 ], [ -0.24875, 39.91229 ], [ -0.24914, 39.91214 ], [ -0.24968, 39.91251 ], [ -0.2502, 39.91261 ], [ -0.25029, 39.91236 ], [ -0.24998, 39.91224 ], [ -0.24991, 39.91179 ], [ -0.25021, 39.91127 ], [ -0.2493, 39.91134 ], [ -0.24831, 39.91168 ], [ -0.24761, 39.91046 ], [ -0.2477, 39.91015 ], [ -0.2473, 39.9096 ], [ -0.24781, 39.90848 ], [ -0.24824, 39.9081 ], [ -0.24879, 39.90797 ], [ -0.251, 39.90841 ], [ -0.2516, 39.90885 ], [ -0.25229, 39.90888 ], [ -0.25383, 39.9069 ], [ -0.25421, 39.90664 ], [ -0.25636, 39.90675 ], [ -0.25621, 39.90632 ], [ -0.25564, 39.90612 ], [ -0.25565, 39.90593 ], [ -0.25706, 39.90533 ], [ -0.25722, 39.90499 ], [ -0.25782, 39.90498 ], [ -0.25832, 39.90552 ], [ -0.25857, 39.90548 ], [ -0.25871, 39.90501 ], [ -0.25845, 39.90463 ], [ -0.25791, 39.90428 ], [ -0.25834, 39.90392 ], [ -0.25975, 39.90366 ], [ -0.26028, 39.9043 ], [ -0.26125, 39.9043 ], [ -0.26153, 39.90473 ], [ -0.26177, 39.90448 ], [ -0.26186, 39.90395 ], [ -0.26138, 39.9039 ], [ -0.26103, 39.90321 ], [ -0.26134, 39.9029 ], [ -0.26248, 39.90238 ], [ -0.26448, 39.90257 ], [ -0.26626, 39.90253 ], [ -0.26669, 39.90285 ], [ -0.26744, 39.90279 ], [ -0.26772, 39.90236 ], [ -0.2682, 39.90232 ], [ -0.26897, 39.90259 ], [ -0.26975, 39.90261 ], [ -0.27042, 39.90248 ], [ -0.27073, 39.90212 ], [ -0.27145, 39.90194 ], [ -0.27202, 39.90202 ], [ -0.2728, 39.90184 ], [ -0.27441, 39.90181 ], [ -0.27512, 39.90127 ], [ -0.27652, 39.9009 ], [ -0.277, 39.90086 ], [ -0.27763, 39.90118 ], [ -0.27859, 39.90127 ], [ -0.27972, 39.90096 ], [ -0.28157, 39.90093 ], [ -0.28243, 39.90117 ], [ -0.28286, 39.90216 ], [ -0.28407, 39.90232 ], [ -0.28497, 39.90329 ], [ -0.28637, 39.90373 ], [ -0.28662, 39.90421 ], [ -0.28615, 39.90479 ], [ -0.28626, 39.90523 ], [ -0.28748, 39.90564 ], [ -0.28704, 39.90595 ], [ -0.2861, 39.90599 ], [ -0.28549, 39.90651 ], [ -0.28715, 39.90638 ], [ -0.28774, 39.90719 ], [ -0.28819, 39.90705 ], [ -0.28834, 39.90577 ], [ -0.28868, 39.90538 ], [ -0.28977, 39.9052 ], [ -0.29028, 39.9049 ], [ -0.29017, 39.90446 ], [ -0.29068, 39.90417 ], [ -0.29146, 39.90375 ], [ -0.29424, 39.90309 ], [ -0.29567, 39.90309 ], [ -0.29619, 39.9026 ], [ -0.2977, 39.90245 ], [ -0.29861, 39.90268 ], [ -0.2999, 39.90339 ], [ -0.30029, 39.90407 ], [ -0.3011, 39.90476 ], [ -0.30119, 39.9052 ], [ -0.30073, 39.90603 ], [ -0.30139, 39.90627 ], [ -0.3015, 39.90663 ], [ -0.30209, 39.90686 ], [ -0.30288, 39.90621 ], [ -0.3031, 39.90564 ], [ -0.30351, 39.90519 ], [ -0.30364, 39.90457 ], [ -0.30413, 39.90466 ], [ -0.30613, 39.90545 ], [ -0.30634, 39.90579 ], [ -0.30717, 39.90602 ], [ -0.30713, 39.90633 ], [ -0.30807, 39.90707 ], [ -0.308, 39.90761 ], [ -0.3082, 39.90807 ], [ -0.30878, 39.90799 ], [ -0.30943, 39.90836 ], [ -0.30945, 39.90852 ], [ -0.30878, 39.90863 ], [ -0.30777, 39.90853 ], [ -0.3073, 39.90915 ], [ -0.30685, 39.90916 ], [ -0.30638, 39.90845 ], [ -0.30545, 39.90821 ], [ -0.30655, 39.90973 ], [ -0.30709, 39.90995 ], [ -0.30728, 39.90957 ], [ -0.30963, 39.91018 ], [ -0.31052, 39.91022 ], [ -0.31118, 39.9106 ], [ -0.31114, 39.9109 ], [ -0.31222, 39.91121 ], [ -0.31285, 39.91159 ], [ -0.31389, 39.91262 ], [ -0.31374, 39.91338 ], [ -0.31389, 39.91402 ], [ -0.31352, 39.9145 ], [ -0.31362, 39.91512 ], [ -0.31326, 39.91623 ], [ -0.31333, 39.9169 ], [ -0.31264, 39.91879 ], [ -0.31211, 39.91964 ], [ -0.31201, 39.92038 ], [ -0.31204, 39.92084 ], [ -0.31278, 39.92146 ], [ -0.31342, 39.92222 ], [ -0.31355, 39.92259 ], [ -0.31326, 39.92283 ], [ -0.31203, 39.923 ], [ -0.31153, 39.92324 ], [ -0.31084, 39.92411 ], [ -0.31058, 39.9241 ], [ -0.30993, 39.92319 ], [ -0.30962, 39.92323 ], [ -0.30954, 39.92337 ], [ -0.31007, 39.92386 ], [ -0.31026, 39.92453 ], [ -0.31067, 39.92488 ], [ -0.30835, 39.92627 ], [ -0.30741, 39.92765 ], [ -0.30574, 39.92808 ], [ -0.30484, 39.92876 ], [ -0.30306, 39.92889 ], [ -0.30178, 39.92831 ], [ -0.30155, 39.92778 ], [ -0.30112, 39.92774 ], [ -0.29967, 39.9282 ], [ -0.30015, 39.92886 ], [ -0.30156, 39.92924 ], [ -0.30259, 39.93011 ], [ -0.30281, 39.93087 ], [ -0.30148, 39.93094 ], [ -0.29993, 39.92992 ], [ -0.29875, 39.9301 ], [ -0.29823, 39.92984 ], [ -0.2968, 39.9303 ], [ -0.29656, 39.93057 ], [ -0.29655, 39.93094 ], [ -0.29698, 39.9312 ], [ -0.2975, 39.93122 ], [ -0.29849, 39.93174 ], [ -0.29841, 39.93196 ], [ -0.29713, 39.93236 ], [ -0.2969, 39.93229 ], [ -0.29683, 39.93167 ], [ -0.29586, 39.93188 ], [ -0.29585, 39.93209 ], [ -0.29618, 39.93227 ], [ -0.29604, 39.93256 ], [ -0.29496, 39.93234 ], [ -0.29468, 39.93211 ], [ -0.29383, 39.93206 ], [ -0.2936, 39.93177 ], [ -0.29363, 39.93143 ], [ -0.2932, 39.93138 ], [ -0.29281, 39.93177 ], [ -0.29244, 39.9318 ], [ -0.29233, 39.93173 ], [ -0.29257, 39.93144 ], [ -0.29211, 39.93155 ], [ -0.28981, 39.93122 ], [ -0.28871, 39.93152 ], [ -0.28845, 39.93239 ], [ -0.28798, 39.93253 ], [ -0.28781, 39.9319 ], [ -0.28797, 39.93185 ], [ -0.28817, 39.93112 ], [ -0.28772, 39.93095 ], [ -0.28668, 39.93174 ], [ -0.28678, 39.93218 ], [ -0.28547, 39.93271 ], [ -0.2834, 39.93321 ], [ -0.28291, 39.93307 ], [ -0.2824, 39.93261 ], [ -0.28186, 39.9329 ], [ -0.28163, 39.93359 ], [ -0.2812, 39.93384 ], [ -0.28151, 39.93402 ], [ -0.28147, 39.93428 ], [ -0.28048, 39.93449 ], [ -0.27861, 39.93358 ], [ -0.27778, 39.9339 ], [ -0.27747, 39.93413 ], [ -0.27745, 39.93434 ], [ -0.27712, 39.93438 ], [ -0.2768, 39.9342 ], [ -0.27642, 39.93427 ], [ -0.27617, 39.93396 ], [ -0.27709, 39.93371 ], [ -0.27645, 39.93283 ], [ -0.27597, 39.93291 ], [ -0.27641, 39.93258 ], [ -0.27633, 39.93235 ], [ -0.27501, 39.93287 ], [ -0.27485, 39.93356 ], [ -0.27503, 39.93361 ], [ -0.27547, 39.93321 ], [ -0.27573, 39.93337 ], [ -0.27547, 39.93395 ], [ -0.276, 39.93444 ], [ -0.27551, 39.93465 ], [ -0.27497, 39.93464 ], [ -0.27366, 39.93432 ] ], [ [ -0.28014, 39.93299 ], [ -0.2808, 39.93271 ], [ -0.28042, 39.93168 ], [ -0.27953, 39.93187 ], [ -0.27853, 39.93153 ], [ -0.27831, 39.93103 ], [ -0.27847, 39.93097 ], [ -0.27861, 39.93028 ], [ -0.27743, 39.9308 ], [ -0.27741, 39.93115 ], [ -0.27791, 39.93137 ], [ -0.27826, 39.93213 ], [ -0.27939, 39.93204 ], [ -0.27996, 39.93224 ], [ -0.28012, 39.93241 ], [ -0.27982, 39.93261 ], [ -0.28014, 39.93299 ] ] ], [ [ [ -0.20464, 39.94196 ], [ -0.20451, 39.94197 ], [ -0.20429, 39.94176 ], [ -0.20464, 39.94196 ] ] ], [ [ [ -0.3577, 39.98769 ], [ -0.35766, 39.98797 ], [ -0.3575, 39.98806 ], [ -0.35747, 39.98768 ], [ -0.3577, 39.98769 ] ] ], [ [ [ -0.35747, 39.98821 ], [ -0.35732, 39.98815 ], [ -0.35731, 39.98801 ], [ -0.35737, 39.98807 ], [ -0.35747, 39.98821 ] ] ] ] } },
{ "type": "Feature", "properties": { "anyo": 2017 }, "geometry": { "type": "MultiPolygon", "coordinates": [ [ [ [ -0.39366, 39.76452 ], [ -0.39348, 39.76445 ], [ -0.3937, 39.76448 ], [ -0.39366, 39.76452 ] ] ], [ [ [ -0.39965, 39.78892 ], [ -0.39961, 39.78885 ], [ -0.39966, 39.7889 ], [ -0.39965, 39.78892 ] ] ], [ [ [ -0.39969, 39.78896 ], [ -0.40014, 39.789 ], [ -0.40008, 39.78927 ], [ -0.39974, 39.7892 ], [ -0.39969, 39.78896 ] ] ], [ [ [ -0.37281, 39.83258 ], [ -0.37388, 39.8326 ], [ -0.37459, 39.83241 ], [ -0.37322, 39.83299 ], [ -0.37276, 39.83284 ], [ -0.37281, 39.83258 ] ] ], [ [ [ -0.36931, 39.84207 ], [ -0.36906, 39.84203 ], [ -0.36903, 39.84186 ], [ -0.36931, 39.84207 ] ] ], [ [ [ -0.34142, 39.96017 ], [ -0.34072, 39.96024 ], [ -0.34015, 39.96002 ], [ -0.34013, 39.95961 ], [ -0.33979, 39.95928 ], [ -0.34011, 39.95914 ], [ -0.34012, 39.95877 ], [ -0.34202, 39.95842 ], [ -0.34309, 39.95942 ], [ -0.34275, 39.96008 ], [ -0.34229, 39.9601 ], [ -0.34188, 39.96046 ], [ -0.34162, 39.96053 ], [ -0.34142, 39.96017 ] ] ], [ [ [ -0.33113, 40.01469 ], [ -0.33125, 40.01453 ], [ -0.33149, 40.01458 ], [ -0.33146, 40.01491 ], [ -0.33161, 40.01511 ], [ -0.33136, 40.01515 ], [ -0.33127, 40.01471 ], [ -0.33113, 40.01469 ] ] ], [ [ [ -0.27247, 39.79956 ], [ -0.27238, 39.79931 ], [ -0.2727, 39.79979 ], [ -0.27324, 39.80009 ], [ -0.27331, 39.80051 ], [ -0.27303, 39.80097 ], [ -0.27307, 39.8012 ], [ -0.27266, 39.80138 ], [ -0.27269, 39.80158 ], [ -0.27234, 39.80182 ], [ -0.27215, 39.80151 ], [ -0.27184, 39.80143 ], [ -0.27155, 39.80087 ], [ -0.27181, 39.80006 ], [ -0.27247, 39.79956 ] ] ], [ [ [ -0.22525, 39.81281 ], [ -0.22362, 39.81226 ], [ -0.22354, 39.81208 ], [ -0.22402, 39.81198 ], [ -0.22467, 39.81236 ], [ -0.22517, 39.81239 ], [ -0.2254, 39.81264 ], [ -0.22525, 39.81281 ] ] ], [ [ [ -0.19275, 39.81518 ], [ -0.19256, 39.81482 ], [ -0.19284, 39.81466 ], [ -0.19274, 39.81387 ], [ -0.19247, 39.81374 ], [ -0.19371, 39.81324 ], [ -0.19386, 39.81344 ], [ -0.19314, 39.81375 ], [ -0.19318, 39.81391 ], [ -0.19357, 39.81413 ], [ -0.19336, 39.81446 ], [ -0.19332, 39.81502 ], [ -0.19298, 39.81522 ], [ -0.19275, 39.81518 ] ] ], [ [ [ -0.19365, 39.81419 ], [ -0.19408, 39.81502 ], [ -0.19343, 39.815 ], [ -0.19345, 39.81439 ], [ -0.19365, 39.81419 ] ] ], [ [ [ -0.2261, 39.8332 ], [ -0.22597, 39.83329 ], [ -0.22601, 39.83349 ], [ -0.22532, 39.83347 ], [ -0.22528, 39.83333 ], [ -0.22581, 39.83301 ], [ -0.2261, 39.8332 ] ] ], [ [ [ -0.15878, 39.93326 ], [ -0.15924, 39.93284 ], [ -0.16008, 39.93344 ], [ -0.1599, 39.93376 ], [ -0.16039, 39.93396 ], [ -0.15974, 39.93448 ], [ -0.15993, 39.9349 ], [ -0.16071, 39.93529 ], [ -0.16111, 39.93531 ], [ -0.16096, 39.93517 ], [ -0.16183, 39.93543 ], [ -0.16186, 39.93567 ], [ -0.16157, 39.93587 ], [ -0.16229, 39.93674 ], [ -0.16214, 39.93728 ], [ -0.16196, 39.93737 ], [ -0.16179, 39.93704 ], [ -0.16154, 39.93685 ], [ -0.16139, 39.93693 ], [ -0.16115, 39.93643 ], [ -0.16141, 39.93626 ], [ -0.16101, 39.93612 ], [ -0.15976, 39.93507 ], [ -0.15915, 39.93488 ], [ -0.15861, 39.93428 ], [ -0.15801, 39.93339 ], [ -0.15878, 39.93326 ] ] ], [ [ [ -0.12758, 39.961 ], [ -0.12755, 39.96117 ], [ -0.12773, 39.96109 ], [ -0.12793, 39.96133 ], [ -0.12741, 39.96149 ], [ -0.12729, 39.9614 ], [ -0.12758, 39.961 ] ] ] ] } },
{ "type": "Feature", "properties": { "anyo": 2018 }, "geometry": { "type": "MultiPolygon", "coordinates": [ [ [ [ -0.37795, 39.77263 ], [ -0.37782, 39.77261 ], [ -0.37785, 39.77254 ], [ -0.37795, 39.77263 ] ] ], [ [ [ -0.35642, 39.81994 ], [ -0.35604, 39.8199 ], [ -0.35631, 39.81986 ], [ -0.35642, 39.81994 ] ] ], [ [ [ -0.30893, 39.87852 ], [ -0.3086, 39.87843 ], [ -0.30848, 39.87834 ], [ -0.30893, 39.87852 ] ] ], [ [ [ -0.32943, 39.9608 ], [ -0.32921, 39.96078 ], [ -0.3291, 39.96062 ], [ -0.3293, 39.96057 ], [ -0.32943, 39.9608 ] ] ], [ [ [ -0.31975, 40.01268 ], [ -0.3201, 40.01251 ], [ -0.32024, 40.01258 ], [ -0.31975, 40.01268 ] ] ], [ [ [ -0.31884, 40.01421 ], [ -0.31866, 40.01438 ], [ -0.31839, 40.01414 ], [ -0.31873, 40.01404 ], [ -0.31884, 40.01421 ] ] ], [ [ [ -0.31918, 40.01427 ], [ -0.31949, 40.01448 ], [ -0.31945, 40.01459 ], [ -0.31902, 40.01438 ], [ -0.31918, 40.01427 ] ] ], [ [ [ -0.31435, 40.01626 ], [ -0.31466, 40.01602 ], [ -0.31494, 40.0155 ], [ -0.3141, 40.01569 ], [ -0.31402, 40.0155 ], [ -0.31447, 40.01505 ], [ -0.31404, 40.01489 ], [ -0.31412, 40.01466 ], [ -0.31538, 40.01443 ], [ -0.31542, 40.01458 ], [ -0.31479, 40.01526 ], [ -0.31515, 40.01533 ], [ -0.31722, 40.01403 ], [ -0.3168, 40.01391 ], [ -0.31688, 40.01364 ], [ -0.31665, 40.01363 ], [ -0.31691, 40.0133 ], [ -0.3172, 40.01348 ], [ -0.31757, 40.01323 ], [ -0.31756, 40.01348 ], [ -0.31782, 40.01366 ], [ -0.31848, 40.01354 ], [ -0.31801, 40.01378 ], [ -0.31816, 40.0144 ], [ -0.31785, 40.0141 ], [ -0.31741, 40.01442 ], [ -0.31773, 40.01448 ], [ -0.31764, 40.01461 ], [ -0.31733, 40.01471 ], [ -0.31722, 40.01446 ], [ -0.3168, 40.01475 ], [ -0.31686, 40.01492 ], [ -0.31712, 40.01483 ], [ -0.31758, 40.01531 ], [ -0.31752, 40.01562 ], [ -0.31728, 40.01576 ], [ -0.31667, 40.01523 ], [ -0.31633, 40.01543 ], [ -0.31643, 40.01559 ], [ -0.31621, 40.01548 ], [ -0.31579, 40.01568 ], [ -0.31562, 40.01584 ], [ -0.31569, 40.016 ], [ -0.3153, 40.01627 ], [ -0.31501, 40.0161 ], [ -0.31469, 40.01612 ], [ -0.31441, 40.01639 ], [ -0.31462, 40.01664 ], [ -0.3143, 40.01661 ], [ -0.31435, 40.01626 ] ] ], [ [ [ -0.23189, 39.77149 ], [ -0.23181, 39.77158 ], [ -0.23155, 39.77139 ], [ -0.23189, 39.77149 ] ] ], [ [ [ -0.30513, 39.83715 ], [ -0.30442, 39.83743 ], [ -0.30424, 39.83738 ], [ -0.30445, 39.83713 ], [ -0.30513, 39.83715 ] ] ], [ [ [ -0.2912, 39.88525 ], [ -0.2902, 39.88527 ], [ -0.29007, 39.88519 ], [ -0.29097, 39.88498 ], [ -0.2912, 39.88525 ] ] ], [ [ [ -0.23418, 39.88681 ], [ -0.23383, 39.88648 ], [ -0.23409, 39.88646 ], [ -0.23421, 39.8866 ], [ -0.23399, 39.88654 ], [ -0.23418, 39.88681 ] ] ], [ [ [ -0.30206, 39.90327 ], [ -0.30203, 39.90323 ], [ -0.30207, 39.90324 ], [ -0.30206, 39.90327 ] ] ], [ [ [ -0.30529, 39.95294 ], [ -0.30527, 39.95266 ], [ -0.30567, 39.95261 ], [ -0.30559, 39.95285 ], [ -0.30529, 39.95294 ] ] ], [ [ [ -0.21429, 40.01274 ], [ -0.21428, 40.01273 ], [ -0.21429, 40.01273 ], [ -0.21429, 40.01274 ] ] ] ] } },
{ "type": "Feature", "properties": { "anyo": 2019 }, "geometry": { "type": "MultiPolygon", "coordinates": [ [ [ [ -0.41377, 39.8068 ], [ -0.41386, 39.80623 ], [ -0.41411, 39.8063 ], [ -0.41394, 39.80681 ], [ -0.41377, 39.8068 ] ] ], [ [ [ -0.19885, 39.81196 ], [ -0.19872, 39.81187 ], [ -0.19887, 39.81188 ], [ -0.19885, 39.81196 ] ] ], [ [ [ -0.42334, 39.81952 ], [ -0.4225, 39.81891 ], [ -0.42196, 39.81884 ], [ -0.42207, 39.81862 ], [ -0.42182, 39.81829 ], [ -0.42364, 39.81913 ], [ -0.42343, 39.8192 ], [ -0.42334, 39.81952 ] ] ], [ [ [ -0.29747, 39.88171 ], [ -0.29738, 39.88163 ], [ -0.29749, 39.88164 ], [ -0.29747, 39.88171 ] ] ], [ [ [ -0.11899, 39.96163 ], [ -0.11897, 39.96142 ], [ -0.11921, 39.96146 ], [ -0.11917, 39.96162 ], [ -0.11899, 39.96163 ] ] ], [ [ [ -0.37125, 39.98741 ], [ -0.37123, 39.98739 ], [ -0.37126, 39.9874 ], [ -0.37125, 39.98741 ] ] ], [ [ [ -0.26935, 39.99119 ], [ -0.26778, 39.99062 ], [ -0.26759, 39.99027 ], [ -0.26678, 39.99055 ], [ -0.26607, 39.99034 ], [ -0.26578, 39.98907 ], [ -0.26585, 39.98699 ], [ -0.26624, 39.98708 ], [ -0.2665, 39.98682 ], [ -0.26681, 39.98684 ], [ -0.26664, 39.9872 ], [ -0.26686, 39.98744 ], [ -0.26682, 39.98758 ], [ -0.26629, 39.98788 ], [ -0.26734, 39.98832 ], [ -0.26733, 39.9888 ], [ -0.26972, 39.99082 ], [ -0.26935, 39.99119 ] ] ], [ [ [ -0.33591, 40.02255 ], [ -0.33573, 40.02241 ], [ -0.33594, 40.02243 ], [ -0.33591, 40.02255 ] ] ] ] } },
{ "type": "Feature", "properties": { "anyo": 2020 }, "geometry": { "type": "MultiPolygon", "coordinates": [ [ [ [ -0.31837, 39.87302 ], [ -0.31829, 39.87294 ], [ -0.31845, 39.87296 ], [ -0.31837, 39.87302 ] ] ], [ [ [ -0.25331, 39.93484 ], [ -0.25322, 39.93489 ], [ -0.2532, 39.93484 ], [ -0.25331, 39.93484 ] ] ], [ [ [ -0.09306, 39.95403 ], [ -0.09292, 39.95374 ], [ -0.09299, 39.95335 ], [ -0.09325, 39.95317 ], [ -0.09349, 39.95316 ], [ -0.09358, 39.95338 ], [ -0.09407, 39.9535 ], [ -0.09416, 39.9539 ], [ -0.09306, 39.95403 ] ] ], [ [ [ -0.30187, 39.95905 ], [ -0.30201, 39.95887 ], [ -0.30216, 39.95911 ], [ -0.30204, 39.95915 ], [ -0.30187, 39.95905 ] ] ], [ [ [ -0.13269, 39.97627 ], [ -0.13276, 39.97611 ], [ -0.13323, 39.97623 ], [ -0.13282, 39.97628 ], [ -0.13269, 39.97627 ] ] ], [ [ [ -0.21918, 40.01931 ], [ -0.21912, 40.01901 ], [ -0.21962, 40.01899 ], [ -0.21942, 40.01941 ], [ -0.21918, 40.01931 ] ] ] ] } },
{ "type": "Feature", "properties": { "anyo": 2021 }, "geometry": { "type": "MultiPolygon", "coordinates": [ [ [ [ -0.37048, 39.78178 ], [ -0.3705, 39.78176 ], [ -0.37052, 39.78179 ], [ -0.37048, 39.78178 ] ] ], [ [ [ -0.37597, 39.78835 ], [ -0.37624, 39.78844 ], [ -0.37609, 39.78855 ], [ -0.37597, 39.78835 ] ] ], [ [ [ -0.41546, 39.80519 ], [ -0.41562, 39.8052 ], [ -0.41549, 39.80558 ], [ -0.41526, 39.80552 ], [ -0.41546, 39.80519 ] ] ], [ [ [ -0.37447, 39.8392 ], [ -0.37382, 39.83897 ], [ -0.3736, 39.83855 ], [ -0.3735, 39.83819 ], [ -0.37371, 39.83769 ], [ -0.37411, 39.83746 ], [ -0.37457, 39.83756 ], [ -0.37654, 39.83746 ], [ -0.3771, 39.83699 ], [ -0.37711, 39.83664 ], [ -0.3786, 39.83631 ], [ -0.37862, 39.8361 ], [ -0.37893, 39.83605 ], [ -0.37931, 39.83624 ], [ -0.3802, 39.83727 ], [ -0.38126, 39.83682 ], [ -0.38242, 39.83685 ], [ -0.38284, 39.83703 ], [ -0.38302, 39.83743 ], [ -0.38361, 39.83702 ], [ -0.38438, 39.83701 ], [ -0.384, 39.8359 ], [ -0.38245, 39.83515 ], [ -0.38179, 39.83501 ], [ -0.38157, 39.83471 ], [ -0.3817, 39.83412 ], [ -0.38236, 39.83342 ], [ -0.38334, 39.83305 ], [ -0.38445, 39.83236 ], [ -0.38446, 39.83201 ], [ -0.38512, 39.8319 ], [ -0.3867, 39.832 ], [ -0.38735, 39.8321 ], [ -0.38761, 39.83243 ], [ -0.38775, 39.83181 ], [ -0.3881, 39.83185 ], [ -0.38855, 39.8321 ], [ -0.38877, 39.83249 ], [ -0.38968, 39.83284 ], [ -0.39043, 39.83348 ], [ -0.39104, 39.83375 ], [ -0.39101, 39.83398 ], [ -0.39123, 39.83414 ], [ -0.3916, 39.83417 ], [ -0.39198, 39.83396 ], [ -0.39293, 39.83407 ], [ -0.39302, 39.83462 ], [ -0.39334, 39.83452 ], [ -0.39385, 39.83479 ], [ -0.39362, 39.83508 ], [ -0.3946, 39.8356 ], [ -0.39502, 39.83567 ], [ -0.39516, 39.83624 ], [ -0.39565, 39.83661 ], [ -0.39582, 39.83699 ], [ -0.39574, 39.83723 ], [ -0.39612, 39.83748 ], [ -0.39666, 39.83749 ], [ -0.39737, 39.8381 ], [ -0.39766, 39.83867 ], [ -0.39869, 39.83896 ], [ -0.39872, 39.83923 ], [ -0.39917, 39.83939 ], [ -0.40022, 39.83937 ], [ -0.40057, 39.83969 ], [ -0.40164, 39.83997 ], [ -0.40216, 39.83958 ], [ -0.40225, 39.83965 ], [ -0.40281, 39.84046 ], [ -0.4033, 39.84077 ], [ -0.40342, 39.84145 ], [ -0.40376, 39.84179 ], [ -0.40478, 39.84238 ], [ -0.40511, 39.84292 ], [ -0.4064, 39.84358 ], [ -0.40636, 39.84465 ], [ -0.40658, 39.84492 ], [ -0.40621, 39.84542 ], [ -0.40673, 39.84594 ], [ -0.40647, 39.84668 ], [ -0.40651, 39.84775 ], [ -0.40672, 39.84838 ], [ -0.40616, 39.84899 ], [ -0.40565, 39.84907 ], [ -0.40516, 39.8487 ], [ -0.40304, 39.84968 ], [ -0.40076, 39.84971 ], [ -0.39952, 39.84919 ], [ -0.39928, 39.84974 ], [ -0.40022, 39.8508 ], [ -0.39996, 39.85104 ], [ -0.39957, 39.85042 ], [ -0.3976, 39.8509 ], [ -0.39759, 39.85105 ], [ -0.3979, 39.85111 ], [ -0.39916, 39.85074 ], [ -0.39938, 39.85084 ], [ -0.39952, 39.85142 ], [ -0.39887, 39.85217 ], [ -0.39959, 39.85238 ], [ -0.39934, 39.85251 ], [ -0.39863, 39.85224 ], [ -0.39669, 39.85247 ], [ -0.39644, 39.85234 ], [ -0.39626, 39.85194 ], [ -0.39521, 39.85134 ], [ -0.39245, 39.85207 ], [ -0.39195, 39.85181 ], [ -0.3895, 39.85147 ], [ -0.38913, 39.85164 ], [ -0.38767, 39.85166 ], [ -0.38751, 39.85179 ], [ -0.38789, 39.85247 ], [ -0.38786, 39.85322 ], [ -0.38704, 39.85416 ], [ -0.38702, 39.85449 ], [ -0.38587, 39.85557 ], [ -0.38415, 39.85674 ], [ -0.38304, 39.85686 ], [ -0.38298, 39.85718 ], [ -0.38255, 39.85753 ], [ -0.38199, 39.85766 ], [ -0.38138, 39.85765 ], [ -0.38051, 39.85713 ], [ -0.37907, 39.85709 ], [ -0.37902, 39.85627 ], [ -0.37807, 39.85582 ], [ -0.37817, 39.85543 ], [ -0.37776, 39.85524 ], [ -0.37782, 39.85485 ], [ -0.37765, 39.85465 ], [ -0.37733, 39.85442 ], [ -0.37691, 39.85441 ], [ -0.37681, 39.85367 ], [ -0.37684, 39.85323 ], [ -0.37775, 39.85318 ], [ -0.3779, 39.85293 ], [ -0.377, 39.85206 ], [ -0.37708, 39.85138 ], [ -0.37743, 39.85122 ], [ -0.37748, 39.85087 ], [ -0.37725, 39.85042 ], [ -0.37881, 39.8497 ], [ -0.37905, 39.84935 ], [ -0.379, 39.84897 ], [ -0.37856, 39.84884 ], [ -0.37853, 39.84855 ], [ -0.37811, 39.84845 ], [ -0.37769, 39.84858 ], [ -0.37739, 39.84841 ], [ -0.37677, 39.84894 ], [ -0.3763, 39.84972 ], [ -0.37594, 39.84987 ], [ -0.37579, 39.84943 ], [ -0.37562, 39.84948 ], [ -0.37555, 39.85002 ], [ -0.37287, 39.84999 ], [ -0.3725, 39.8496 ], [ -0.37242, 39.84912 ], [ -0.37286, 39.84885 ], [ -0.3725, 39.84859 ], [ -0.37251, 39.84831 ], [ -0.3729, 39.84764 ], [ -0.37287, 39.84735 ], [ -0.37191, 39.84701 ], [ -0.37188, 39.84658 ], [ -0.37069, 39.84598 ], [ -0.3707, 39.84582 ], [ -0.37135, 39.84574 ], [ -0.37138, 39.8455 ], [ -0.3707, 39.84555 ], [ -0.37045, 39.84512 ], [ -0.37003, 39.84511 ], [ -0.36991, 39.84478 ], [ -0.37058, 39.84438 ], [ -0.37154, 39.84419 ], [ -0.37213, 39.84365 ], [ -0.37194, 39.84254 ], [ -0.37142, 39.84208 ], [ -0.37226, 39.84123 ], [ -0.3725, 39.84112 ], [ -0.37373, 39.84118 ], [ -0.37509, 39.8406 ], [ -0.37667, 39.84085 ], [ -0.37711, 39.84023 ], [ -0.37819, 39.84048 ], [ -0.37878, 39.84004 ], [ -0.37793, 39.83958 ], [ -0.37751, 39.83955 ], [ -0.37727, 39.83993 ], [ -0.37453, 39.8395 ], [ -0.37447, 39.8392 ] ], [ [ -0.37989, 39.84823 ], [ -0.37939, 39.84852 ], [ -0.38005, 39.84871 ], [ -0.38005, 39.84947 ], [ -0.38075, 39.84946 ], [ -0.38115, 39.84976 ], [ -0.38156, 39.84983 ], [ -0.38123, 39.85058 ], [ -0.38129, 39.85073 ], [ -0.38202, 39.85085 ], [ -0.38231, 39.85043 ], [ -0.38322, 39.85053 ], [ -0.38373, 39.85009 ], [ -0.38396, 39.84967 ], [ -0.38525, 39.85046 ], [ -0.38517, 39.85011 ], [ -0.38444, 39.84965 ], [ -0.38463, 39.84954 ], [ -0.38491, 39.8497 ], [ -0.38513, 39.84951 ], [ -0.38546, 39.84843 ], [ -0.38497, 39.8483 ], [ -0.38454, 39.84887 ], [ -0.38426, 39.84876 ], [ -0.38393, 39.84823 ], [ -0.38363, 39.84822 ], [ -0.38325, 39.84848 ], [ -0.38315, 39.84881 ], [ -0.38257, 39.84883 ], [ -0.37989, 39.84823 ] ], [ [ -0.37695, 39.84557 ], [ -0.37601, 39.84587 ], [ -0.37619, 39.8469 ], [ -0.37557, 39.84774 ], [ -0.37582, 39.84789 ], [ -0.3758, 39.84849 ], [ -0.37606, 39.84858 ], [ -0.37637, 39.84809 ], [ -0.37614, 39.84772 ], [ -0.37705, 39.84681 ], [ -0.37658, 39.84613 ], [ -0.37702, 39.84577 ], [ -0.37695, 39.84557 ] ], [ [ -0.38172, 39.84579 ], [ -0.38191, 39.84549 ], [ -0.38152, 39.84532 ], [ -0.38124, 39.84539 ], [ -0.38108, 39.84575 ], [ -0.38047, 39.84543 ], [ -0.38029, 39.84562 ], [ -0.37993, 39.84548 ], [ -0.38011, 39.84525 ], [ -0.37919, 39.84483 ], [ -0.37915, 39.84453 ], [ -0.37851, 39.84434 ], [ -0.37833, 39.84451 ], [ -0.37797, 39.84439 ], [ -0.37788, 39.84465 ], [ -0.37951, 39.84545 ], [ -0.37979, 39.84574 ], [ -0.38014, 39.84636 ], [ -0.38005, 39.84672 ], [ -0.38029, 39.84715 ], [ -0.38059, 39.84692 ], [ -0.3805, 39.84673 ], [ -0.38119, 39.84616 ], [ -0.38227, 39.84645 ], [ -0.38232, 39.8463 ], [ -0.38172, 39.84579 ] ], [ [ -0.37655, 39.84441 ], [ -0.37679, 39.84411 ], [ -0.37626, 39.84385 ], [ -0.37643, 39.84367 ], [ -0.37628, 39.84348 ], [ -0.37567, 39.84323 ], [ -0.37526, 39.84374 ], [ -0.37564, 39.84389 ], [ -0.37554, 39.84404 ], [ -0.37605, 39.84408 ], [ -0.37604, 39.84429 ], [ -0.3758, 39.84438 ], [ -0.37597, 39.84473 ], [ -0.37655, 39.84441 ] ], [ [ -0.37432, 39.84341 ], [ -0.37437, 39.84327 ], [ -0.37361, 39.84315 ], [ -0.37231, 39.84255 ], [ -0.37234, 39.84272 ], [ -0.37215, 39.84279 ], [ -0.37284, 39.84303 ], [ -0.37289, 39.8433 ], [ -0.37247, 39.84355 ], [ -0.37278, 39.84377 ], [ -0.37427, 39.84365 ], [ -0.37382, 39.84355 ], [ -0.37432, 39.84341 ] ], [ [ -0.38311, 39.84231 ], [ -0.38206, 39.84209 ], [ -0.38181, 39.84187 ], [ -0.38157, 39.84198 ], [ -0.38277, 39.84301 ], [ -0.38283, 39.84278 ], [ -0.38362, 39.84248 ], [ -0.38373, 39.8422 ], [ -0.38357, 39.84205 ], [ -0.38311, 39.84231 ] ], [ [ -0.38591, 39.8434 ], [ -0.38597, 39.84316 ], [ -0.38583, 39.84296 ], [ -0.38497, 39.84316 ], [ -0.38463, 39.84275 ], [ -0.3842, 39.84298 ], [ -0.38417, 39.84313 ], [ -0.38456, 39.84347 ], [ -0.38562, 39.84355 ], [ -0.38638, 39.8438 ], [ -0.38638, 39.84363 ], [ -0.38591, 39.8434 ] ], [ [ -0.38309, 39.84435 ], [ -0.38394, 39.84524 ], [ -0.3838, 39.84429 ], [ -0.38309, 39.84435 ] ], [ [ -0.38711, 39.84994 ], [ -0.38699, 39.85018 ], [ -0.38766, 39.85072 ], [ -0.38789, 39.85028 ], [ -0.38711, 39.84994 ] ], [ [ -0.38598, 39.84 ], [ -0.38564, 39.83968 ], [ -0.38496, 39.84002 ], [ -0.38473, 39.84052 ], [ -0.38424, 39.84062 ], [ -0.38448, 39.84103 ], [ -0.38504, 39.84062 ], [ -0.38505, 39.84124 ], [ -0.3846, 39.84163 ], [ -0.38597, 39.8413 ], [ -0.38598, 39.84 ] ], [ [ -0.37867, 39.84106 ], [ -0.37859, 39.84079 ], [ -0.37826, 39.84096 ], [ -0.37791, 39.84089 ], [ -0.3778, 39.8412 ], [ -0.37847, 39.84127 ], [ -0.37867, 39.84106 ] ] ], [ [ [ -0.34693, 39.84671 ], [ -0.34693, 39.84673 ], [ -0.34688, 39.84672 ], [ -0.34693, 39.84671 ] ] ], [ [ [ -0.22812, 39.94353 ], [ -0.2283, 39.94344 ], [ -0.22838, 39.94354 ], [ -0.22821, 39.94365 ], [ -0.22812, 39.94353 ] ] ], [ [ [ -0.22635, 39.94461 ], [ -0.22634, 39.94455 ], [ -0.22648, 39.94456 ], [ -0.22635, 39.94461 ] ] ], [ [ [ -0.35845, 39.97743 ], [ -0.35908, 39.97764 ], [ -0.35905, 39.9783 ], [ -0.35863, 39.9786 ], [ -0.35772, 39.9786 ], [ -0.3573, 39.97801 ], [ -0.35764, 39.97774 ], [ -0.35845, 39.97743 ] ] ], [ [ [ -0.35448, 39.98609 ], [ -0.35446, 39.9861 ], [ -0.35445, 39.98607 ], [ -0.35448, 39.98609 ] ] ], [ [ [ -0.19935, 40.0195 ], [ -0.19923, 40.01982 ], [ -0.19877, 40.01958 ], [ -0.19935, 40.0195 ] ] ] ] } },
{ "type": "Feature", "properties": { "anyo": 2022 }, "geometry": { "type": "MultiPolygon", "coordinates": [ [ [ [ -0.34765, 39.76058 ], [ -0.34777, 39.76061 ], [ -0.34768, 39.76066 ], [ -0.34765, 39.76058 ] ] ], [ [ [ -0.35336, 39.76495 ], [ -0.35312, 39.7645 ], [ -0.35353, 39.7648 ], [ -0.35409, 39.76463 ], [ -0.35457, 39.76591 ], [ -0.35426, 39.766 ], [ -0.35372, 39.76522 ], [ -0.35336, 39.76495 ] ] ], [ [ [ -0.39126, 39.77579 ], [ -0.39116, 39.77587 ], [ -0.39111, 39.77567 ], [ -0.39126, 39.77579 ] ] ], [ [ [ -0.33909, 39.80933 ], [ -0.33914, 39.80931 ], [ -0.33915, 39.80935 ], [ -0.33909, 39.80933 ] ] ], [ [ [ -0.22997, 39.83041 ], [ -0.22896, 39.83077 ], [ -0.22879, 39.83059 ], [ -0.2277, 39.83051 ], [ -0.22753, 39.83071 ], [ -0.2277, 39.83103 ], [ -0.22759, 39.83112 ], [ -0.22744, 39.83049 ], [ -0.22762, 39.83051 ], [ -0.22778, 39.83013 ], [ -0.22811, 39.82997 ], [ -0.22875, 39.83002 ], [ -0.22882, 39.82975 ], [ -0.22908, 39.83003 ], [ -0.22974, 39.83019 ], [ -0.22997, 39.83041 ] ] ], [ [ [ -0.22703, 39.83136 ], [ -0.2257, 39.83166 ], [ -0.22542, 39.83197 ], [ -0.22496, 39.83178 ], [ -0.22536, 39.83122 ], [ -0.22504, 39.83095 ], [ -0.22506, 39.83077 ], [ -0.22566, 39.83031 ], [ -0.22571, 39.82999 ], [ -0.22613, 39.83001 ], [ -0.22641, 39.83029 ], [ -0.22727, 39.83035 ], [ -0.22703, 39.83136 ] ] ], [ [ [ -0.36798, 39.84247 ], [ -0.36813, 39.8425 ], [ -0.36804, 39.84253 ], [ -0.36798, 39.84247 ] ] ], [ [ [ -0.21159, 39.94882 ], [ -0.21134, 39.94875 ], [ -0.21219, 39.94861 ], [ -0.21256, 39.94824 ], [ -0.21306, 39.94815 ], [ -0.21387, 39.9484 ], [ -0.21283, 39.94898 ], [ -0.21161, 39.94908 ], [ -0.21159, 39.94882 ] ] ], [ [ [ -0.25286, 39.95206 ], [ -0.25279, 39.95199 ], [ -0.25293, 39.95192 ], [ -0.25286, 39.95206 ] ] ], [ [ [ -0.25059, 39.97558 ], [ -0.25062, 39.9756 ], [ -0.25051, 39.97562 ], [ -0.25059, 39.97558 ] ] ], [ [ [ -0.1761, 39.75929 ], [ -0.17596, 39.75934 ], [ -0.17341, 39.75736 ], [ -0.17351, 39.75728 ], [ -0.1761, 39.75929 ] ] ], [ [ [ -0.18965, 39.80018 ], [ -0.18829, 39.79973 ], [ -0.18791, 39.79829 ], [ -0.18795, 39.79784 ], [ -0.19078, 39.79921 ], [ -0.19062, 39.79947 ], [ -0.1911, 39.80003 ], [ -0.19155, 39.80022 ], [ -0.19166, 39.80068 ], [ -0.19187, 39.80082 ], [ -0.19108, 39.80045 ], [ -0.19113, 39.8002 ], [ -0.18965, 39.80018 ] ] ], [ [ [ -0.18874, 39.80002 ], [ -0.18868, 39.80004 ], [ -0.18867, 39.79991 ], [ -0.18874, 39.80002 ] ] ], [ [ [ -0.18902, 39.80015 ], [ -0.18884, 39.79997 ], [ -0.18918, 39.80009 ], [ -0.18902, 39.80015 ] ] ], [ [ [ -0.11747, 39.83444 ], [ -0.11804, 39.83475 ], [ -0.11753, 39.83517 ], [ -0.11682, 39.83489 ], [ -0.11732, 39.83523 ], [ -0.11719, 39.83537 ], [ -0.11552, 39.83451 ], [ -0.11576, 39.83447 ], [ -0.11483, 39.83392 ], [ -0.11496, 39.83385 ], [ -0.11551, 39.83412 ], [ -0.11559, 39.83402 ], [ -0.11509, 39.83369 ], [ -0.11557, 39.83394 ], [ -0.11517, 39.83362 ], [ -0.11562, 39.83382 ], [ -0.11571, 39.83369 ], [ -0.11551, 39.83358 ], [ -0.11559, 39.83348 ], [ -0.11602, 39.83351 ], [ -0.11616, 39.83336 ], [ -0.11833, 39.83452 ], [ -0.11767, 39.8343 ], [ -0.11747, 39.83444 ] ] ], [ [ [ -0.19849, 39.86438 ], [ -0.19837, 39.86437 ], [ -0.19848, 39.86422 ], [ -0.19849, 39.86438 ] ] ], [ [ [ -0.20101, 39.89316 ], [ -0.20079, 39.8935 ], [ -0.20064, 39.89334 ], [ -0.20071, 39.89313 ], [ -0.20052, 39.89301 ], [ -0.20101, 39.89316 ] ] ] ] } },
{ "type": "Feature", "properties": { "anyo": 2023 }, "geometry": { "type": "MultiPolygon", "coordinates": [ [ [ [ -0.34868, 39.75863 ], [ -0.34884, 39.75855 ], [ -0.3489, 39.75869 ], [ -0.34876, 39.75872 ], [ -0.34868, 39.75863 ] ] ], [ [ [ -0.34896, 39.75888 ], [ -0.34908, 39.75901 ], [ -0.34897, 39.759 ], [ -0.34896, 39.75888 ] ] ], [ [ [ -0.36694, 39.78761 ], [ -0.36689, 39.78745 ], [ -0.367, 39.78756 ], [ -0.36694, 39.78761 ] ] ], [ [ [ -0.33087, 39.8347 ], [ -0.33024, 39.83472 ], [ -0.33038, 39.83451 ], [ -0.3301, 39.83433 ], [ -0.33088, 39.83455 ], [ -0.33087, 39.8347 ] ] ], [ [ [ -0.2603, 39.84026 ], [ -0.26029, 39.84025 ], [ -0.2603, 39.84025 ], [ -0.2603, 39.84026 ] ] ], [ [ [ -0.32138, 39.90976 ], [ -0.32103, 39.91001 ], [ -0.32089, 39.90985 ], [ -0.32113, 39.90966 ], [ -0.32138, 39.90976 ] ] ], [ [ [ -0.33648, 39.95233 ], [ -0.33676, 39.95215 ], [ -0.33696, 39.95232 ], [ -0.33652, 39.95246 ], [ -0.33648, 39.95233 ] ] ], [ [ [ -0.42096, 39.97557 ], [ -0.421, 39.97557 ], [ -0.42096, 39.97559 ], [ -0.42096, 39.97557 ] ] ], [ [ [ -0.35057, 39.98207 ], [ -0.35058, 39.98193 ], [ -0.35067, 39.98204 ], [ -0.35057, 39.98207 ] ] ], [ [ [ -0.38882, 39.99053 ], [ -0.38889, 39.99043 ], [ -0.38887, 39.99052 ], [ -0.38882, 39.99053 ] ] ], [ [ [ -0.28648, 40.00239 ], [ -0.28656, 40.00231 ], [ -0.28658, 40.00238 ], [ -0.28648, 40.00239 ] ] ], [ [ [ -0.23037, 39.90917 ], [ -0.22976, 39.90891 ], [ -0.22983, 39.90861 ], [ -0.23017, 39.9086 ], [ -0.23037, 39.90917 ] ] ], [ [ [ -0.21544, 39.91889 ], [ -0.215, 39.9192 ], [ -0.21482, 39.91899 ], [ -0.21527, 39.91856 ], [ -0.21576, 39.91892 ], [ -0.21544, 39.91889 ] ] ], [ [ [ -0.0944, 39.95387 ], [ -0.09461, 39.95372 ], [ -0.09484, 39.95384 ], [ -0.09477, 39.95394 ], [ -0.0944, 39.95387 ] ] ], [ [ [ -0.13963, 39.9932 ], [ -0.1395, 39.9931 ], [ -0.13963, 39.99315 ], [ -0.13963, 39.9932 ] ] ], [ [ [ -0.13966, 39.99338 ], [ -0.13957, 39.99324 ], [ -0.1397, 39.99328 ], [ -0.13966, 39.99338 ] ] ], [ [ [ -0.13974, 39.99329 ], [ -0.13987, 39.99323 ], [ -0.14043, 39.99337 ], [ -0.14023, 39.99362 ], [ -0.13974, 39.99329 ] ] ], [ [ [ -0.23272, 39.99561 ], [ -0.23219, 39.99582 ], [ -0.23204, 39.99563 ], [ -0.23274, 39.99545 ], [ -0.23272, 39.99561 ] ] ], [ [ [ -0.23447, 39.9959 ], [ -0.23491, 39.99556 ], [ -0.23516, 39.99577 ], [ -0.23494, 39.99604 ], [ -0.23447, 39.9959 ] ] ], [ [ [ -0.23429, 39.99614 ], [ -0.23407, 39.99598 ], [ -0.23434, 39.99615 ], [ -0.23429, 39.99614 ] ] ], [ [ [ -0.23055, 39.99667 ], [ -0.22971, 39.99656 ], [ -0.22922, 39.99692 ], [ -0.22889, 39.9969 ], [ -0.2302, 39.9963 ], [ -0.23055, 39.99667 ] ] ], [ [ [ -0.25524, 40.00653 ], [ -0.25519, 40.00648 ], [ -0.25526, 40.00651 ], [ -0.25524, 40.00653 ] ] ] ] } },
{ "type": "Feature", "properties": { "anyo": 2024 }, "geometry": { "type": "MultiPolygon", "coordinates": [ [ [ [ -0.29351, 39.78083 ], [ -0.29358, 39.78085 ], [ -0.29358, 39.78087 ], [ -0.29351, 39.78083 ] ] ], [ [ [ -0.40319, 39.80759 ], [ -0.40316, 39.80759 ], [ -0.40317, 39.80756 ], [ -0.40319, 39.80759 ] ] ], [ [ [ -0.33345, 39.81359 ], [ -0.33367, 39.81366 ], [ -0.33367, 39.81391 ], [ -0.33296, 39.8142 ], [ -0.33261, 39.81395 ], [ -0.33236, 39.81342 ], [ -0.3327, 39.81304 ], [ -0.33317, 39.81309 ], [ -0.33345, 39.81359 ] ] ], [ [ [ -0.3687, 39.88569 ], [ -0.36869, 39.88563 ], [ -0.36876, 39.88563 ], [ -0.3687, 39.88569 ] ] ], [ [ [ -0.30186, 39.89226 ], [ -0.30184, 39.89225 ], [ -0.30186, 39.89224 ], [ -0.30186, 39.89226 ] ] ], [ [ [ -0.30963, 39.90271 ], [ -0.30955, 39.90268 ], [ -0.30964, 39.90264 ], [ -0.30963, 39.90271 ] ] ], [ [ [ -0.33923, 39.90725 ], [ -0.33917, 39.9072 ], [ -0.33916, 39.90709 ], [ -0.33923, 39.90725 ] ] ], [ [ [ -0.2689, 39.94616 ], [ -0.2686, 39.94646 ], [ -0.26793, 39.94644 ], [ -0.26666, 39.94675 ], [ -0.26651, 39.94701 ], [ -0.26618, 39.94691 ], [ -0.26665, 39.94651 ], [ -0.26677, 39.94609 ], [ -0.2689, 39.94616 ] ] ], [ [ [ -0.28503, 40.00372 ], [ -0.28533, 40.00307 ], [ -0.28629, 40.00284 ], [ -0.28658, 40.00286 ], [ -0.28663, 40.0032 ], [ -0.28731, 40.00344 ], [ -0.28746, 40.00364 ], [ -0.28658, 40.00489 ], [ -0.28583, 40.00446 ], [ -0.28557, 40.00397 ], [ -0.28503, 40.00372 ] ] ], [ [ [ -0.28859, 40.00415 ], [ -0.28853, 40.00404 ], [ -0.28879, 40.00399 ], [ -0.28876, 40.00414 ], [ -0.28859, 40.00415 ] ] ], [ [ [ -0.30605, 40.00614 ], [ -0.30626, 40.0062 ], [ -0.3062, 40.00624 ], [ -0.30593, 40.00617 ], [ -0.30605, 40.00614 ] ] ], [ [ [ -0.31097, 40.01637 ], [ -0.3109, 40.01657 ], [ -0.31061, 40.01669 ], [ -0.31062, 40.01702 ], [ -0.31009, 40.01703 ], [ -0.31007, 40.0166 ], [ -0.30957, 40.01665 ], [ -0.30933, 40.01677 ], [ -0.30938, 40.01716 ], [ -0.30909, 40.01725 ], [ -0.30823, 40.01662 ], [ -0.30807, 40.01603 ], [ -0.30744, 40.01517 ], [ -0.307, 40.01416 ], [ -0.3072, 40.01384 ], [ -0.30726, 40.01282 ], [ -0.30816, 40.01172 ], [ -0.30818, 40.01155 ], [ -0.30769, 40.01107 ], [ -0.30782, 40.01069 ], [ -0.3074, 40.01031 ], [ -0.30748, 40.01008 ], [ -0.30702, 40.00974 ], [ -0.30682, 40.0097 ], [ -0.30619, 40.01018 ], [ -0.3065, 40.00932 ], [ -0.30544, 40.00834 ], [ -0.3052, 40.00848 ], [ -0.30493, 40.00814 ], [ -0.30526, 40.00806 ], [ -0.30527, 40.00785 ], [ -0.30435, 40.0074 ], [ -0.30388, 40.00734 ], [ -0.3039, 40.00703 ], [ -0.30414, 40.00678 ], [ -0.30386, 40.00639 ], [ -0.30462, 40.00652 ], [ -0.30527, 40.00622 ], [ -0.30558, 40.00657 ], [ -0.30666, 40.00657 ], [ -0.30712, 40.00711 ], [ -0.30768, 40.00664 ], [ -0.30886, 40.00701 ], [ -0.30972, 40.00683 ], [ -0.3099, 40.00702 ], [ -0.30951, 40.00819 ], [ -0.30889, 40.00856 ], [ -0.30887, 40.00905 ], [ -0.30916, 40.00962 ], [ -0.30969, 40.00982 ], [ -0.30988, 40.0097 ], [ -0.31055, 40.00837 ], [ -0.31078, 40.00848 ], [ -0.31111, 40.00921 ], [ -0.31149, 40.00925 ], [ -0.31252, 40.00984 ], [ -0.31192, 40.01039 ], [ -0.31261, 40.01133 ], [ -0.31241, 40.01134 ], [ -0.3121, 40.01187 ], [ -0.31111, 40.01198 ], [ -0.31142, 40.01311 ], [ -0.31072, 40.01292 ], [ -0.3107, 40.01324 ], [ -0.30974, 40.01389 ], [ -0.30983, 40.01415 ], [ -0.31048, 40.01418 ], [ -0.31052, 40.01451 ], [ -0.31098, 40.01458 ], [ -0.31064, 40.01515 ], [ -0.31077, 40.01523 ], [ -0.31097, 40.01637 ] ] ], [ [ [ -0.25429, 39.79985 ], [ -0.25426, 39.79982 ], [ -0.25431, 39.79979 ], [ -0.25429, 39.79985 ] ] ], [ [ [ -0.24692, 39.86039 ], [ -0.24693, 39.86033 ], [ -0.24701, 39.86026 ], [ -0.24708, 39.86039 ], [ -0.24692, 39.86039 ] ] ], [ [ [ -0.24375, 39.87931 ], [ -0.24369, 39.87949 ], [ -0.24327, 39.87961 ], [ -0.24295, 39.8795 ], [ -0.24297, 39.87914 ], [ -0.24335, 39.8791 ], [ -0.24375, 39.87931 ] ] ], [ [ [ -0.25176, 39.89929 ], [ -0.25143, 39.89979 ], [ -0.25114, 39.8996 ], [ -0.25105, 39.89913 ], [ -0.25176, 39.89929 ] ] ], [ [ [ -0.23192, 39.90093 ], [ -0.2319, 39.90092 ], [ -0.23191, 39.90091 ], [ -0.23192, 39.90093 ] ] ], [ [ [ -0.10399, 39.90405 ], [ -0.10412, 39.90406 ], [ -0.10268, 39.90443 ], [ -0.10256, 39.90428 ], [ -0.10264, 39.90416 ], [ -0.10399, 39.90405 ] ] ], [ [ [ -0.2254, 39.90546 ], [ -0.22543, 39.90547 ], [ -0.22542, 39.90549 ], [ -0.2254, 39.90546 ] ] ], [ [ [ -0.23926, 39.91925 ], [ -0.23929, 39.91926 ], [ -0.23928, 39.91928 ], [ -0.23926, 39.91925 ] ] ], [ [ [ -0.22395, 39.98526 ], [ -0.2239, 39.98525 ], [ -0.2239, 39.98522 ], [ -0.22395, 39.98526 ] ] ], [ [ [ -0.22894, 39.99213 ], [ -0.2287, 39.99233 ], [ -0.22901, 39.9925 ], [ -0.22951, 39.99232 ], [ -0.22977, 39.99251 ], [ -0.2297, 39.99282 ], [ -0.22918, 39.99309 ], [ -0.22806, 39.99292 ], [ -0.22807, 39.99263 ], [ -0.22828, 39.99245 ], [ -0.2279, 39.99203 ], [ -0.22883, 39.99193 ], [ -0.22894, 39.99213 ] ] ] ] } }
]
}
