{
"type": "FeatureCollection",
"name": "montes",
"crs": { "type": "name", "properties": { "name": "urn:ogc:def:crs:OGC:1.3:CRS84" } },
"xy_coordinate_resolution": 1e-05,
"features": [
{ "type": "Feature", "properties": { "denominacion": " ", "num_up": " ", "municipio": "LA VALL D_UIXÓ", "owner": 4, "owner_label": "Enclavado privado en monte público", "hectareas": 0.70226608 }, "geometry": { "type": "Polygon", "coordinates": [ [ [ -0.22479, 39.848 ], [ -0.22544, 39.84817 ], [ -0.22584, 39.84802 ], [ -0.22609, 39.84767 ], [ -0.22618, 39.84715 ], [ -0.226, 39.84716 ], [ -0.22578, 39.84731 ], [ -0.22559, 39.84731 ], [ -0.22548, 39.84751 ], [ -0.22493, 39.84775 ], [ -0.22479, 39.848 ] ] ] } },
{ "type": "Feature", "properties": { "denominacion": "EL RODENO Y EL CASTILLO", "num_up": "CS102", "municipio": "LA VALL D_UIXÓ", "owner": 1, "owner_label": "Utilidad pública · Ayuntamiento", "hectareas": 14.66701019 }, "geometry": { "type": "Polygon", "coordinates": [ [ [ -0.2831, 39.80311 ], [ -0.28318, 39.80367 ], [ -0.28288, 39.80367 ], [ -0.28284, 39.80359 ], [ -0.28244, 39.80343 ], [ -0.28225, 39.80327 ], [ -0.28213, 39.80299 ], [ -0.28167, 39.80282 ], [ -0.28029, 39.80257 ], [ -0.28013, 39.80258 ], [ -0.2798, 39.80279 ], [ -0.27989, 39.80298 ], [ -0.28017, 39.80321 ], [ -0.2804, 39.80307 ], [ -0.28147, 39.80295 ], [ -0.28209, 39.80323 ], [ -0.28244, 39.80345 ], [ -0.28258, 39.80367 ], [ -0.28261, 39.80389 ], [ -0.28253, 39.80417 ], [ -0.2826, 39.80438 ], [ -0.28253, 39.80449 ], [ -0.28306, 39.80462 ], [ -0.28329, 39.80456 ], [ -0.28358, 39.80433 ], [ -0.28377, 39.80437 ], [ -0.28359, 39.80403 ], [ -0.28361, 39.80383 ], [ -0.28446, 39.80349 ], [ -0.28579, 39.80317 ], [ -0.28609, 39.80322 ], [ -0.28622, 39.8031 ], [ -0.28694, 39.80366 ], [ -0.28704, 39.8032 ], [ -0.28684, 39.80307 ], [ -0.28697, 39.80291 ], [ -0.28743, 39.80354 ], [ -0.2879, 39.80385 ], [ -0.28832, 39.80425 ], [ -0.28853, 39.80438 ], [ -0.28868, 39.80416 ], [ -0.28933, 39.8046 ], [ -0.28932, 39.80502 ], [ -0.2896, 39.80495 ], [ -0.28999, 39.80522 ], [ -0.29067, 39.80511 ], [ -0.29128, 39.80436 ], [ -0.29334, 39.80371 ], [ -0.29317, 39.80346 ], [ -0.29319, 39.80336 ], [ -0.29337, 39.80323 ], [ -0.29333, 39.80313 ], [ -0.29301, 39.80304 ], [ -0.29277, 39.80335 ], [ -0.29257, 39.80342 ], [ -0.29231, 39.8033 ], [ -0.29231, 39.8031 ], [ -0.29192, 39.80297 ], [ -0.29183, 39.8027 ], [ -0.29133, 39.8028 ], [ -0.29035, 39.80269 ], [ -0.29036, 39.80212 ], [ -0.29009, 39.80254 ], [ -0.28788, 39.80224 ], [ -0.28702, 39.80256 ], [ -0.28679, 39.80257 ], [ -0.28662, 39.80221 ], [ -0.28664, 39.80195 ], [ -0.28622, 39.80199 ], [ -0.2862, 39.80187 ], [ -0.28605, 39.80173 ], [ -0.28565, 39.80197 ], [ -0.28571, 39.8022 ], [ -0.28602, 39.80251 ], [ -0.28587, 39.80264 ], [ -0.28559, 39.80252 ], [ -0.2854, 39.80265 ], [ -0.2831, 39.80311 ] ] ] } },
{ "type": "Feature", "properties": { "denominacion": "EL RODENO Y EL CASTILLO", "num_up": "CS102", "municipio": "LA VALL D_UIXÓ", "owner": 1, "owner_label": "Utilidad pública · Ayuntamiento", "hectareas": 78.42228766000001 }, "geometry": { "type": "Polygon", "coordinates": [ [ [ -0.28696, 39.80455 ], [ -0.28646, 39.80424 ], [ -0.28638, 39.80398 ], [ -0.2855, 39.80388 ], [ -0.28509, 39.80447 ], [ -0.28357, 39.80574 ], [ -0.28324, 39.80582 ], [ -0.28283, 39.80565 ], [ -0.28275, 39.80554 ], [ -0.28287, 39.80524 ], [ -0.28145, 39.80532 ], [ -0.2807, 39.8057 ], [ -0.28056, 39.80593 ], [ -0.28012, 39.80625 ], [ -0.27971, 39.80609 ], [ -0.27954, 39.80697 ], [ -0.27938, 39.80741 ], [ -0.27876, 39.80681 ], [ -0.27886, 39.80739 ], [ -0.27858, 39.80724 ], [ -0.27808, 39.80661 ], [ -0.27768, 39.8071 ], [ -0.27861, 39.80788 ], [ -0.27851, 39.80824 ], [ -0.27842, 39.80846 ], [ -0.27731, 39.80928 ], [ -0.27702, 39.80892 ], [ -0.27623, 39.80855 ], [ -0.27578, 39.8084 ], [ -0.2756, 39.80861 ], [ -0.2753, 39.80906 ], [ -0.27536, 39.81027 ], [ -0.27527, 39.81049 ], [ -0.27496, 39.81079 ], [ -0.27532, 39.81081 ], [ -0.27591, 39.81135 ], [ -0.2766, 39.8118 ], [ -0.2767, 39.81184 ], [ -0.277, 39.81166 ], [ -0.27753, 39.81187 ], [ -0.27758, 39.81214 ], [ -0.2771, 39.81214 ], [ -0.27671, 39.81224 ], [ -0.27592, 39.81301 ], [ -0.27634, 39.81327 ], [ -0.27689, 39.81341 ], [ -0.27745, 39.81372 ], [ -0.27799, 39.81465 ], [ -0.27871, 39.81525 ], [ -0.27834, 39.81553 ], [ -0.27876, 39.8156 ], [ -0.27883, 39.8154 ], [ -0.27916, 39.81552 ], [ -0.27934, 39.81542 ], [ -0.27991, 39.81566 ], [ -0.28072, 39.81503 ], [ -0.2813, 39.81413 ], [ -0.28162, 39.81378 ], [ -0.28213, 39.81345 ], [ -0.28363, 39.81277 ], [ -0.28395, 39.81234 ], [ -0.28394, 39.81211 ], [ -0.28328, 39.81113 ], [ -0.28318, 39.81072 ], [ -0.28345, 39.81045 ], [ -0.28379, 39.81029 ], [ -0.28575, 39.81008 ], [ -0.28649, 39.80965 ], [ -0.28728, 39.8088 ], [ -0.2871, 39.80731 ], [ -0.28756, 39.80716 ], [ -0.28849, 39.80704 ], [ -0.28943, 39.80674 ], [ -0.29065, 39.80677 ], [ -0.29127, 39.80669 ], [ -0.29174, 39.80654 ], [ -0.29196, 39.80636 ], [ -0.29196, 39.80607 ], [ -0.29177, 39.80598 ], [ -0.28867, 39.80572 ], [ -0.28862, 39.80544 ], [ -0.2887, 39.80493 ], [ -0.28862, 39.8046 ], [ -0.28854, 39.80456 ], [ -0.28836, 39.80475 ], [ -0.28781, 39.80436 ], [ -0.28729, 39.80455 ], [ -0.28755, 39.80461 ], [ -0.28753, 39.80498 ], [ -0.28775, 39.805 ], [ -0.28782, 39.80508 ], [ -0.28719, 39.80525 ], [ -0.28713, 39.80509 ], [ -0.2869, 39.80501 ], [ -0.28677, 39.80484 ], [ -0.28696, 39.80455 ] ] ] } },
{ "type": "Feature", "properties": { "denominacion": "EL RODENO Y EL CASTILLO", "num_up": "CS102", "municipio": "LA VALL D_UIXÓ", "owner": 1, "owner_label": "Utilidad pública · Ayuntamiento", "hectareas": 40.18087532 }, "geometry": { "type": "Polygon", "coordinates": [ [ [ -0.22195, 39.8469 ], [ -0.22206, 39.84703 ], [ -0.22207, 39.84721 ], [ -0.222, 39.84733 ], [ -0.22168, 39.84746 ], [ -0.21934, 39.84744 ], [ -0.21968, 39.84806 ], [ -0.21871, 39.84845 ], [ -0.2183, 39.84872 ], [ -0.21785, 39.84922 ], [ -0.21813, 39.84953 ], [ -0.21746, 39.85003 ], [ -0.21763, 39.85006 ], [ -0.21836, 39.84979 ], [ -0.21853, 39.84963 ], [ -0.21852, 39.84989 ], [ -0.21827, 39.8503 ], [ -0.21863, 39.85035 ], [ -0.21977, 39.85092 ], [ -0.21993, 39.85106 ], [ -0.22002, 39.85134 ], [ -0.22062, 39.85112 ], [ -0.22122, 39.85122 ], [ -0.2214, 39.85155 ], [ -0.22165, 39.85107 ], [ -0.2212, 39.85112 ], [ -0.22099, 39.85104 ], [ -0.2209, 39.85067 ], [ -0.22063, 39.85074 ], [ -0.22014, 39.85032 ], [ -0.22013, 39.84977 ], [ -0.21994, 39.84946 ], [ -0.22034, 39.84916 ], [ -0.22041, 39.84969 ], [ -0.22057, 39.84982 ], [ -0.22076, 39.8498 ], [ -0.22088, 39.84969 ], [ -0.22103, 39.84976 ], [ -0.22115, 39.84937 ], [ -0.22155, 39.84868 ], [ -0.22173, 39.84887 ], [ -0.22111, 39.84976 ], [ -0.22111, 39.84989 ], [ -0.22141, 39.85024 ], [ -0.22106, 39.85044 ], [ -0.22104, 39.85088 ], [ -0.22116, 39.85095 ], [ -0.22186, 39.85093 ], [ -0.22255, 39.85043 ], [ -0.2227, 39.85048 ], [ -0.22263, 39.85066 ], [ -0.22296, 39.85074 ], [ -0.22327, 39.85028 ], [ -0.22373, 39.85034 ], [ -0.2244, 39.8509 ], [ -0.22523, 39.85083 ], [ -0.22582, 39.8512 ], [ -0.2258, 39.85136 ], [ -0.22552, 39.85177 ], [ -0.2252, 39.85165 ], [ -0.22511, 39.85172 ], [ -0.22465, 39.85225 ], [ -0.22437, 39.85273 ], [ -0.22467, 39.85282 ], [ -0.22464, 39.8531 ], [ -0.22472, 39.85356 ], [ -0.225, 39.85399 ], [ -0.22661, 39.85383 ], [ -0.22655, 39.85369 ], [ -0.22594, 39.85335 ], [ -0.22581, 39.85336 ], [ -0.22564, 39.85319 ], [ -0.22559, 39.85282 ], [ -0.22535, 39.8525 ], [ -0.22534, 39.85243 ], [ -0.22567, 39.85235 ], [ -0.22635, 39.85203 ], [ -0.22674, 39.85297 ], [ -0.22762, 39.85409 ], [ -0.22753, 39.85314 ], [ -0.2266, 39.85191 ], [ -0.22656, 39.85125 ], [ -0.22665, 39.85085 ], [ -0.22618, 39.84947 ], [ -0.22717, 39.84927 ], [ -0.22871, 39.84923 ], [ -0.22885, 39.849 ], [ -0.22892, 39.84829 ], [ -0.22848, 39.84743 ], [ -0.22815, 39.84726 ], [ -0.22814, 39.84698 ], [ -0.22784, 39.84628 ], [ -0.22689, 39.84518 ], [ -0.22628, 39.84501 ], [ -0.22574, 39.845 ], [ -0.2253, 39.84509 ], [ -0.22521, 39.84575 ], [ -0.22492, 39.84609 ], [ -0.22434, 39.84624 ], [ -0.2241, 39.84638 ], [ -0.22288, 39.84668 ], [ -0.22213, 39.84678 ], [ -0.22195, 39.8469 ] ], [ [ -0.22479, 39.848 ], [ -0.22493, 39.84775 ], [ -0.22548, 39.84751 ], [ -0.22559, 39.84731 ], [ -0.22578, 39.84731 ], [ -0.226, 39.84716 ], [ -0.22618, 39.84715 ], [ -0.22609, 39.84767 ], [ -0.22584, 39.84802 ], [ -0.22544, 39.84817 ], [ -0.22479, 39.848 ] ] ] } },
{ "type": "Feature", "properties": { "denominacion": "CARRASCALS", "num_up": "CS083", "municipio": "AZUÉBAR", "owner": 1, "owner_label": "Utilidad pública · Ayuntamiento", "hectareas": 57.00786053 }, "geometry": { "type": "Polygon", "coordinates": [ [ [ -0.36608, 39.85582 ], [ -0.36579, 39.85537 ], [ -0.36535, 39.85517 ], [ -0.36523, 39.85475 ], [ -0.36553, 39.85451 ], [ -0.36643, 39.85412 ], [ -0.36578, 39.85371 ], [ -0.36409, 39.85353 ], [ -0.36233, 39.85404 ], [ -0.36198, 39.85392 ], [ -0.36123, 39.85402 ], [ -0.35919, 39.85546 ], [ -0.35945, 39.85612 ], [ -0.35979, 39.85656 ], [ -0.36097, 39.85756 ], [ -0.36167, 39.85882 ], [ -0.36202, 39.85901 ], [ -0.36186, 39.85985 ], [ -0.36164, 39.86026 ], [ -0.36081, 39.86057 ], [ -0.3593, 39.86038 ], [ -0.35873, 39.8601 ], [ -0.35839, 39.85941 ], [ -0.35804, 39.85927 ], [ -0.35723, 39.85982 ], [ -0.35662, 39.86056 ], [ -0.35599, 39.86106 ], [ -0.35771, 39.86149 ], [ -0.35812, 39.8617 ], [ -0.35778, 39.86247 ], [ -0.35731, 39.86247 ], [ -0.3568, 39.86288 ], [ -0.35694, 39.86311 ], [ -0.35831, 39.86298 ], [ -0.35851, 39.86367 ], [ -0.35868, 39.86399 ], [ -0.35907, 39.86418 ], [ -0.35966, 39.8642 ], [ -0.36001, 39.86487 ], [ -0.36018, 39.86559 ], [ -0.36065, 39.86568 ], [ -0.36089, 39.86534 ], [ -0.3617, 39.86463 ], [ -0.36279, 39.8635 ], [ -0.36378, 39.86289 ], [ -0.36484, 39.86176 ], [ -0.36521, 39.86041 ], [ -0.36521, 39.85876 ], [ -0.36531, 39.85743 ], [ -0.36591, 39.85742 ], [ -0.36597, 39.85716 ], [ -0.36583, 39.85643 ], [ -0.36608, 39.85582 ] ] ] } },
{ "type": "Feature", "properties": { "denominacion": "BARRANCO DEL CARBÓN", "num_up": "CS051", "municipio": "CHÓVAR", "owner": 1, "owner_label": "Utilidad pública · Ayuntamiento", "hectareas": 77.77872818 }, "geometry": { "type": "Polygon", "coordinates": [ [ [ -0.29281, 39.86187 ], [ -0.29319, 39.86366 ], [ -0.29375, 39.86408 ], [ -0.29402, 39.86465 ], [ -0.29406, 39.86529 ], [ -0.2943, 39.86545 ], [ -0.29478, 39.86547 ], [ -0.29605, 39.86579 ], [ -0.29735, 39.86661 ], [ -0.29866, 39.86704 ], [ -0.29964, 39.86715 ], [ -0.30048, 39.86708 ], [ -0.30145, 39.86728 ], [ -0.30334, 39.86703 ], [ -0.30426, 39.86655 ], [ -0.30477, 39.86645 ], [ -0.30607, 39.86645 ], [ -0.30774, 39.86592 ], [ -0.30822, 39.86543 ], [ -0.30806, 39.86413 ], [ -0.30854, 39.86338 ], [ -0.30866, 39.86293 ], [ -0.30853, 39.86201 ], [ -0.30921, 39.86188 ], [ -0.30877, 39.86122 ], [ -0.30745, 39.85988 ], [ -0.30566, 39.86056 ], [ -0.30346, 39.86169 ], [ -0.30305, 39.86148 ], [ -0.30223, 39.86154 ], [ -0.30059, 39.86111 ], [ -0.2998, 39.86075 ], [ -0.29944, 39.8611 ], [ -0.29663, 39.8603 ], [ -0.29708, 39.86082 ], [ -0.29731, 39.8617 ], [ -0.29676, 39.86176 ], [ -0.29658, 39.86153 ], [ -0.29632, 39.86184 ], [ -0.29604, 39.86168 ], [ -0.29555, 39.86175 ], [ -0.29504, 39.86088 ], [ -0.2939, 39.86146 ], [ -0.29281, 39.86187 ] ] ] } },
{ "type": "Feature", "properties": { "denominacion": "ALTO DEL PINAR", "num_up": "CS058", "municipio": "VILLAMALUR", "owner": 1, "owner_label": "Utilidad pública · Ayuntamiento", "hectareas": 82.32097093 }, "geometry": { "type": "Polygon", "coordinates": [ [ [ -0.43747, 39.97533 ], [ -0.43647, 39.97467 ], [ -0.4364, 39.97412 ], [ -0.43594, 39.97337 ], [ -0.43498, 39.9723 ], [ -0.43366, 39.97146 ], [ -0.43312, 39.97103 ], [ -0.43153, 39.97046 ], [ -0.43109, 39.96986 ], [ -0.42989, 39.96897 ], [ -0.42975, 39.96833 ], [ -0.42915, 39.96811 ], [ -0.4271, 39.96802 ], [ -0.42683, 39.96774 ], [ -0.42588, 39.96739 ], [ -0.425, 39.96737 ], [ -0.42377, 39.9676 ], [ -0.42307, 39.96724 ], [ -0.42193, 39.96731 ], [ -0.42179, 39.96742 ], [ -0.42065, 39.96705 ], [ -0.41938, 39.9671 ], [ -0.41664, 39.9675 ], [ -0.41587, 39.96798 ], [ -0.41535, 39.96921 ], [ -0.41582, 39.96986 ], [ -0.41702, 39.97031 ], [ -0.41762, 39.97092 ], [ -0.42046, 39.97195 ], [ -0.4206, 39.97219 ], [ -0.42343, 39.97295 ], [ -0.42463, 39.97429 ], [ -0.42512, 39.97383 ], [ -0.42682, 39.97287 ], [ -0.42757, 39.97261 ], [ -0.42807, 39.97257 ], [ -0.4297, 39.97313 ], [ -0.43029, 39.97271 ], [ -0.43078, 39.97272 ], [ -0.43253, 39.97391 ], [ -0.43421, 39.97469 ], [ -0.43584, 39.97518 ], [ -0.43747, 39.97533 ] ] ] } },
{ "type": "Feature", "properties": { "denominacion": "FUENTE RAMÓN", "num_up": "CS059", "municipio": "AYÓDAR", "owner": 1, "owner_label": "Utilidad pública · Ayuntamiento", "hectareas": 9.66148021 }, "geometry": { "type": "Polygon", "coordinates": [ [ [ -0.41427, 39.97349 ], [ -0.41458, 39.97326 ], [ -0.41434, 39.97283 ], [ -0.41435, 39.97193 ], [ -0.41404, 39.97127 ], [ -0.41495, 39.97129 ], [ -0.41523, 39.97111 ], [ -0.41493, 39.97103 ], [ -0.41456, 39.9707 ], [ -0.41253, 39.97103 ], [ -0.41205, 39.97096 ], [ -0.41143, 39.97122 ], [ -0.41057, 39.97138 ], [ -0.41081, 39.97218 ], [ -0.41134, 39.97239 ], [ -0.41188, 39.97338 ], [ -0.41347, 39.97453 ], [ -0.41477, 39.97483 ], [ -0.41427, 39.97349 ] ] ] } },
{ "type": "Feature", "properties": { "denominacion": "BARRANCO DE CHÓVAR", "num_up": "CS004", "municipio": "ESLIDA", "owner": 2, "owner_label": "Utilidad pública · Generalitat", "hectareas": 4.79203578 }, "geometry": { "type": "Polygon", "coordinates": [ [ [ -0.31615, 39.86775 ], [ -0.31618, 39.86763 ], [ -0.3165, 39.86732 ], [ -0.31695, 39.86728 ], [ -0.31735, 39.86713 ], [ -0.31739, 39.86706 ], [ -0.31721, 39.86689 ], [ -0.31724, 39.86677 ], [ -0.31774, 39.8666 ], [ -0.31758, 39.86638 ], [ -0.3166, 39.86642 ], [ -0.31644, 39.86634 ], [ -0.31635, 39.86619 ], [ -0.31637, 39.866 ], [ -0.31606, 39.86582 ], [ -0.31487, 39.86638 ], [ -0.31366, 39.86708 ], [ -0.31339, 39.86749 ], [ -0.31338, 39.86764 ], [ -0.3138, 39.86773 ], [ -0.31448, 39.86809 ], [ -0.31533, 39.86766 ], [ -0.31595, 39.86788 ], [ -0.31608, 39.86805 ], [ -0.31637, 39.86807 ], [ -0.31615, 39.86775 ] ] ] } },
{ "type": "Feature", "properties": { "denominacion": "UMBRÍA DE CASTRO", "num_up": "CS069", "municipio": "ESLIDA", "owner": 1, "owner_label": "Utilidad pública · Ayuntamiento", "hectareas": 16.74699787 }, "geometry": { "type": "Polygon", "coordinates": [ [ [ -0.29254, 39.86846 ], [ -0.29263, 39.8692 ], [ -0.29313, 39.86944 ], [ -0.29339, 39.86906 ], [ -0.29508, 39.86808 ], [ -0.29538, 39.86785 ], [ -0.29544, 39.86765 ], [ -0.29573, 39.86756 ], [ -0.29621, 39.86763 ], [ -0.2969, 39.86722 ], [ -0.29703, 39.867 ], [ -0.29732, 39.86713 ], [ -0.29779, 39.86714 ], [ -0.29841, 39.86696 ], [ -0.29735, 39.86661 ], [ -0.29605, 39.86579 ], [ -0.29478, 39.86547 ], [ -0.2943, 39.86545 ], [ -0.29406, 39.86529 ], [ -0.29403, 39.86487 ], [ -0.29388, 39.86475 ], [ -0.2934, 39.86474 ], [ -0.29301, 39.86486 ], [ -0.29289, 39.86508 ], [ -0.29253, 39.86516 ], [ -0.29234, 39.86508 ], [ -0.29189, 39.86537 ], [ -0.29107, 39.86566 ], [ -0.29114, 39.86821 ], [ -0.29087, 39.86859 ], [ -0.29105, 39.86865 ], [ -0.29148, 39.86841 ], [ -0.29183, 39.86849 ], [ -0.29254, 39.86846 ] ] ] } },
{ "type": "Feature", "properties": { "denominacion": "TARRAGUÁN", "num_up": "CS006", "municipio": "ESLIDA", "owner": 2, "owner_label": "Utilidad pública · Generalitat", "hectareas": 4.40204746 }, "geometry": { "type": "Polygon", "coordinates": [ [ [ -0.30867, 39.87016 ], [ -0.30847, 39.86979 ], [ -0.30862, 39.86921 ], [ -0.30814, 39.86896 ], [ -0.30636, 39.86873 ], [ -0.30585, 39.86921 ], [ -0.30616, 39.8696 ], [ -0.3059, 39.86987 ], [ -0.30547, 39.87006 ], [ -0.30548, 39.87021 ], [ -0.30644, 39.87074 ], [ -0.30641, 39.87085 ], [ -0.3069, 39.87093 ], [ -0.30706, 39.87057 ], [ -0.30746, 39.8706 ], [ -0.3078, 39.87044 ], [ -0.30839, 39.87046 ], [ -0.30867, 39.87016 ] ] ] } },
{ "type": "Feature", "properties": { "denominacion": "BELLOTA", "num_up": "CS052", "municipio": "CHÓVAR", "owner": 1, "owner_label": "Utilidad pública · Ayuntamiento", "hectareas": 30.16184873 }, "geometry": { "type": "Polygon", "coordinates": [ [ [ -0.32955, 39.87288 ], [ -0.33225, 39.87366 ], [ -0.33543, 39.87434 ], [ -0.33942, 39.87441 ], [ -0.34129, 39.87456 ], [ -0.34319, 39.87451 ], [ -0.34418, 39.87434 ], [ -0.344, 39.87388 ], [ -0.3441, 39.87354 ], [ -0.34434, 39.87326 ], [ -0.34458, 39.87279 ], [ -0.34475, 39.87212 ], [ -0.34479, 39.87143 ], [ -0.34449, 39.87093 ], [ -0.34385, 39.8704 ], [ -0.34241, 39.86872 ], [ -0.34209, 39.86931 ], [ -0.34215, 39.87044 ], [ -0.34183, 39.87194 ], [ -0.34213, 39.87231 ], [ -0.34181, 39.87282 ], [ -0.3386, 39.87264 ], [ -0.33792, 39.87291 ], [ -0.33716, 39.87288 ], [ -0.3363, 39.8731 ], [ -0.33522, 39.87306 ], [ -0.33408, 39.87287 ], [ -0.33314, 39.87212 ], [ -0.3326, 39.87201 ], [ -0.33155, 39.87128 ], [ -0.33114, 39.87052 ], [ -0.3304, 39.8711 ], [ -0.32955, 39.87288 ] ] ] } },
{ "type": "Feature", "properties": { "denominacion": "PUNTAL DEL ALJIBE", "num_up": "CS005", "municipio": "ESLIDA", "owner": 2, "owner_label": "Utilidad pública · Generalitat", "hectareas": 46.21094079 }, "geometry": { "type": "Polygon", "coordinates": [ [ [ -0.32955, 39.87288 ], [ -0.32756, 39.87245 ], [ -0.32663, 39.87234 ], [ -0.32587, 39.87212 ], [ -0.32675, 39.87088 ], [ -0.32581, 39.8707 ], [ -0.32561, 39.87028 ], [ -0.32443, 39.87027 ], [ -0.32162, 39.86978 ], [ -0.32144, 39.87047 ], [ -0.32125, 39.87195 ], [ -0.31804, 39.87257 ], [ -0.3165, 39.87303 ], [ -0.31553, 39.87314 ], [ -0.31368, 39.87365 ], [ -0.31154, 39.87405 ], [ -0.31296, 39.87447 ], [ -0.31419, 39.87471 ], [ -0.31723, 39.8748 ], [ -0.31885, 39.87418 ], [ -0.32189, 39.87426 ], [ -0.32447, 39.87448 ], [ -0.32777, 39.87444 ], [ -0.33108, 39.87505 ], [ -0.33468, 39.87462 ], [ -0.33552, 39.87434 ], [ -0.33225, 39.87366 ], [ -0.32955, 39.87288 ] ] ] } },
{ "type": "Feature", "properties": { "denominacion": "UMBRÍA DE CASTRO", "num_up": "CS069", "municipio": "ESLIDA", "owner": 1, "owner_label": "Utilidad pública · Ayuntamiento", "hectareas": 9.17886824 }, "geometry": { "type": "Polygon", "coordinates": [ [ [ -0.30879, 39.87565 ], [ -0.30881, 39.87587 ], [ -0.30961, 39.87568 ], [ -0.30999, 39.87546 ], [ -0.31005, 39.87535 ], [ -0.30998, 39.87514 ], [ -0.3106, 39.87507 ], [ -0.3111, 39.87472 ], [ -0.31134, 39.87433 ], [ -0.31148, 39.87384 ], [ -0.31098, 39.87354 ], [ -0.31028, 39.87327 ], [ -0.31028, 39.87301 ], [ -0.31001, 39.87282 ], [ -0.3096, 39.87322 ], [ -0.30816, 39.87295 ], [ -0.30722, 39.87373 ], [ -0.30573, 39.87452 ], [ -0.30571, 39.87467 ], [ -0.30637, 39.87489 ], [ -0.30758, 39.87502 ], [ -0.3078, 39.87524 ], [ -0.30879, 39.87565 ] ] ] } },
{ "type": "Feature", "properties": { "denominacion": "UMBRÍA DE CASTRO", "num_up": "CS069", "municipio": "ESLIDA", "owner": 1, "owner_label": "Utilidad pública · Ayuntamiento", "hectareas": 79.04221978 }, "geometry": { "type": "Polygon", "coordinates": [ [ [ -0.28714, 39.87251 ], [ -0.28793, 39.87288 ], [ -0.28907, 39.87356 ], [ -0.28907, 39.87414 ], [ -0.28924, 39.87479 ], [ -0.28813, 39.87559 ], [ -0.28797, 39.87654 ], [ -0.28647, 39.87864 ], [ -0.28578, 39.87982 ], [ -0.28543, 39.88022 ], [ -0.28586, 39.88001 ], [ -0.28971, 39.8802 ], [ -0.29044, 39.88007 ], [ -0.29064, 39.88078 ], [ -0.29141, 39.88089 ], [ -0.29217, 39.8812 ], [ -0.29238, 39.8818 ], [ -0.2928, 39.88194 ], [ -0.29311, 39.88186 ], [ -0.29437, 39.881 ], [ -0.29507, 39.88095 ], [ -0.29534, 39.88062 ], [ -0.29573, 39.88034 ], [ -0.29601, 39.88081 ], [ -0.29521, 39.88123 ], [ -0.29551, 39.88158 ], [ -0.29624, 39.8816 ], [ -0.29654, 39.88103 ], [ -0.29689, 39.88104 ], [ -0.29711, 39.88163 ], [ -0.29755, 39.88185 ], [ -0.29785, 39.88189 ], [ -0.29776, 39.88166 ], [ -0.29794, 39.88155 ], [ -0.29782, 39.88142 ], [ -0.29778, 39.88111 ], [ -0.29779, 39.88004 ], [ -0.29752, 39.87985 ], [ -0.2974, 39.87946 ], [ -0.29757, 39.87929 ], [ -0.29787, 39.87858 ], [ -0.29791, 39.87818 ], [ -0.29777, 39.87798 ], [ -0.29713, 39.87754 ], [ -0.29695, 39.87705 ], [ -0.29722, 39.8772 ], [ -0.29734, 39.87701 ], [ -0.29725, 39.8768 ], [ -0.29753, 39.87682 ], [ -0.29787, 39.87697 ], [ -0.29805, 39.87752 ], [ -0.29831, 39.87764 ], [ -0.29879, 39.87809 ], [ -0.2985, 39.87826 ], [ -0.29846, 39.87862 ], [ -0.29858, 39.87879 ], [ -0.29907, 39.87893 ], [ -0.29919, 39.87887 ], [ -0.29903, 39.87872 ], [ -0.29926, 39.87827 ], [ -0.29921, 39.87791 ], [ -0.2998, 39.87777 ], [ -0.29983, 39.87766 ], [ -0.2993, 39.87761 ], [ -0.29938, 39.87712 ], [ -0.2993, 39.87691 ], [ -0.29905, 39.87675 ], [ -0.29936, 39.87626 ], [ -0.29945, 39.876 ], [ -0.29939, 39.87585 ], [ -0.29772, 39.87469 ], [ -0.29795, 39.87444 ], [ -0.29757, 39.87389 ], [ -0.29777, 39.87339 ], [ -0.297, 39.87306 ], [ -0.29696, 39.87375 ], [ -0.29589, 39.87455 ], [ -0.29555, 39.87431 ], [ -0.29539, 39.87429 ], [ -0.29338, 39.87421 ], [ -0.29237, 39.87401 ], [ -0.29222, 39.87373 ], [ -0.29224, 39.87359 ], [ -0.29252, 39.87359 ], [ -0.29283, 39.87318 ], [ -0.2925, 39.87264 ], [ -0.29196, 39.87267 ], [ -0.29155, 39.87247 ], [ -0.29045, 39.8723 ], [ -0.29019, 39.87218 ], [ -0.28988, 39.87128 ], [ -0.28949, 39.87133 ], [ -0.28961, 39.87168 ], [ -0.28896, 39.87186 ], [ -0.28865, 39.87187 ], [ -0.28839, 39.87177 ], [ -0.28806, 39.87141 ], [ -0.28734, 39.87175 ], [ -0.28714, 39.87251 ] ] ] } },
{ "type": "Feature", "properties": { "denominacion": "GRUPO AIN (BENALI Y BATALLA, CORRALET, NOGUERALS)", "num_up": "CS048", "municipio": "AÍN", "owner": 1, "owner_label": "Utilidad pública · Ayuntamiento", "hectareas": 68.16306933 }, "geometry": { "type": "Polygon", "coordinates": [ [ [ -0.33961, 39.87443 ], [ -0.33937, 39.87596 ], [ -0.33861, 39.87735 ], [ -0.33782, 39.87823 ], [ -0.33784, 39.87847 ], [ -0.33733, 39.87943 ], [ -0.33804, 39.88041 ], [ -0.33824, 39.88081 ], [ -0.33828, 39.88174 ], [ -0.33817, 39.88273 ], [ -0.33778, 39.88422 ], [ -0.33744, 39.88488 ], [ -0.33682, 39.88575 ], [ -0.33608, 39.88652 ], [ -0.33557, 39.88688 ], [ -0.33577, 39.888 ], [ -0.33408, 39.88894 ], [ -0.33292, 39.88948 ], [ -0.33263, 39.89155 ], [ -0.33301, 39.89189 ], [ -0.33326, 39.89181 ], [ -0.33435, 39.89091 ], [ -0.33526, 39.8906 ], [ -0.33587, 39.89073 ], [ -0.33612, 39.89151 ], [ -0.3364, 39.8917 ], [ -0.33821, 39.89266 ], [ -0.33868, 39.89323 ], [ -0.33969, 39.89344 ], [ -0.34035, 39.8933 ], [ -0.34105, 39.89282 ], [ -0.34157, 39.89266 ], [ -0.34193, 39.89232 ], [ -0.34163, 39.89152 ], [ -0.34109, 39.89124 ], [ -0.33904, 39.89062 ], [ -0.34036, 39.88603 ], [ -0.34017, 39.88534 ], [ -0.33969, 39.88437 ], [ -0.33938, 39.88404 ], [ -0.33915, 39.88359 ], [ -0.33948, 39.88291 ], [ -0.34154, 39.88039 ], [ -0.3418, 39.87967 ], [ -0.34161, 39.87888 ], [ -0.34146, 39.87872 ], [ -0.34079, 39.87842 ], [ -0.34069, 39.87761 ], [ -0.34068, 39.87643 ], [ -0.34152, 39.87666 ], [ -0.34294, 39.87636 ], [ -0.34394, 39.87665 ], [ -0.34404, 39.87723 ], [ -0.34559, 39.87562 ], [ -0.34526, 39.87527 ], [ -0.34479, 39.87511 ], [ -0.34418, 39.87434 ], [ -0.34319, 39.87451 ], [ -0.34129, 39.87456 ], [ -0.33961, 39.87443 ] ] ] } },
{ "type": "Feature", "properties": { "denominacion": "ORET", "num_up": "CS067", "municipio": "ESLIDA", "owner": 1, "owner_label": "Utilidad pública · Ayuntamiento", "hectareas": 45.03737818 }, "geometry": { "type": "Polygon", "coordinates": [ [ [ -0.33552, 39.87434 ], [ -0.33468, 39.87462 ], [ -0.33108, 39.87505 ], [ -0.32777, 39.87444 ], [ -0.32447, 39.87448 ], [ -0.32189, 39.87426 ], [ -0.31885, 39.87418 ], [ -0.31723, 39.8748 ], [ -0.31584, 39.87477 ], [ -0.3153, 39.87605 ], [ -0.31577, 39.87618 ], [ -0.31602, 39.87643 ], [ -0.31588, 39.87669 ], [ -0.31648, 39.87733 ], [ -0.31644, 39.87809 ], [ -0.31661, 39.87834 ], [ -0.31676, 39.87825 ], [ -0.3166, 39.87792 ], [ -0.31664, 39.87775 ], [ -0.31683, 39.87756 ], [ -0.31672, 39.87742 ], [ -0.3169, 39.87727 ], [ -0.31672, 39.87684 ], [ -0.31654, 39.87676 ], [ -0.31664, 39.87649 ], [ -0.31661, 39.87571 ], [ -0.31652, 39.87554 ], [ -0.31757, 39.87529 ], [ -0.31807, 39.87559 ], [ -0.31871, 39.87567 ], [ -0.3198, 39.87623 ], [ -0.32014, 39.87627 ], [ -0.3209, 39.87605 ], [ -0.32116, 39.87609 ], [ -0.32193, 39.87659 ], [ -0.32204, 39.87696 ], [ -0.32224, 39.87721 ], [ -0.32239, 39.87687 ], [ -0.32261, 39.8768 ], [ -0.32275, 39.87732 ], [ -0.32254, 39.87737 ], [ -0.32246, 39.87756 ], [ -0.32273, 39.87795 ], [ -0.32273, 39.87819 ], [ -0.32236, 39.87861 ], [ -0.32248, 39.87867 ], [ -0.32283, 39.87846 ], [ -0.32299, 39.87858 ], [ -0.32356, 39.87767 ], [ -0.32382, 39.87758 ], [ -0.32458, 39.87764 ], [ -0.32487, 39.87774 ], [ -0.3251, 39.87739 ], [ -0.32533, 39.87724 ], [ -0.32705, 39.87707 ], [ -0.32811, 39.87734 ], [ -0.32901, 39.87728 ], [ -0.32941, 39.8774 ], [ -0.33011, 39.87746 ], [ -0.3306, 39.87763 ], [ -0.33097, 39.87758 ], [ -0.33121, 39.87812 ], [ -0.3319, 39.87814 ], [ -0.3323, 39.87796 ], [ -0.33246, 39.87858 ], [ -0.33282, 39.87842 ], [ -0.33275, 39.87768 ], [ -0.33304, 39.87766 ], [ -0.33365, 39.87723 ], [ -0.33362, 39.87687 ], [ -0.33378, 39.87684 ], [ -0.33398, 39.87655 ], [ -0.33411, 39.87592 ], [ -0.33441, 39.87592 ], [ -0.33598, 39.87479 ], [ -0.33552, 39.87434 ] ] ] } },
{ "type": "Feature", "properties": { "denominacion": "SIERRA ESPADAN", "num_up": "CS008", "municipio": "ALCUDIA DE VEO", "owner": 2, "owner_label": "Utilidad pública · Generalitat", "hectareas": 69.8960711 }, "geometry": { "type": "Polygon", "coordinates": [ [ [ -0.38285, 39.9097 ], [ -0.38284, 39.91008 ], [ -0.38407, 39.91021 ], [ -0.38529, 39.90996 ], [ -0.38744, 39.91008 ], [ -0.38719, 39.90951 ], [ -0.38604, 39.90832 ], [ -0.3844, 39.90758 ], [ -0.38289, 39.90704 ], [ -0.38174, 39.90641 ], [ -0.37984, 39.90528 ], [ -0.37893, 39.90441 ], [ -0.37698, 39.90325 ], [ -0.37665, 39.90249 ], [ -0.3765, 39.90169 ], [ -0.3763, 39.90121 ], [ -0.37458, 39.90059 ], [ -0.3733, 39.90047 ], [ -0.37259, 39.90027 ], [ -0.37014, 39.89909 ], [ -0.36904, 39.89864 ], [ -0.36804, 39.8984 ], [ -0.36428, 39.89819 ], [ -0.36305, 39.89802 ], [ -0.36113, 39.89745 ], [ -0.36072, 39.89765 ], [ -0.36041, 39.89794 ], [ -0.35993, 39.89888 ], [ -0.35992, 39.89928 ], [ -0.36241, 39.89951 ], [ -0.36832, 39.90139 ], [ -0.37044, 39.90296 ], [ -0.37143, 39.90321 ], [ -0.37406, 39.90312 ], [ -0.37349, 39.90424 ], [ -0.37272, 39.90472 ], [ -0.37383, 39.90571 ], [ -0.37682, 39.90567 ], [ -0.38237, 39.90904 ], [ -0.38297, 39.90951 ], [ -0.38285, 39.9097 ] ] ] } },
{ "type": "Feature", "properties": { "denominacion": "FONILLET", "num_up": "CS068", "municipio": "ESLIDA", "owner": 1, "owner_label": "Utilidad pública · Ayuntamiento", "hectareas": 63.76947935 }, "geometry": { "type": "Polygon", "coordinates": [ [ [ -0.3287, 39.88877 ], [ -0.33055, 39.88693 ], [ -0.33095, 39.88637 ], [ -0.33272, 39.88635 ], [ -0.33295, 39.88653 ], [ -0.33438, 39.88658 ], [ -0.33557, 39.88688 ], [ -0.33569, 39.88685 ], [ -0.33682, 39.88575 ], [ -0.33758, 39.88461 ], [ -0.33686, 39.88464 ], [ -0.33634, 39.88489 ], [ -0.33573, 39.88499 ], [ -0.33331, 39.88407 ], [ -0.33257, 39.88394 ], [ -0.33138, 39.88397 ], [ -0.32992, 39.88441 ], [ -0.32972, 39.88415 ], [ -0.32923, 39.88378 ], [ -0.32875, 39.88356 ], [ -0.32848, 39.88365 ], [ -0.32802, 39.88333 ], [ -0.3279, 39.88266 ], [ -0.32813, 39.88245 ], [ -0.32848, 39.88238 ], [ -0.32876, 39.88243 ], [ -0.32913, 39.88252 ], [ -0.32968, 39.88281 ], [ -0.32987, 39.88266 ], [ -0.32988, 39.88244 ], [ -0.32836, 39.88207 ], [ -0.32825, 39.88193 ], [ -0.32823, 39.88169 ], [ -0.32884, 39.88111 ], [ -0.32856, 39.88107 ], [ -0.32765, 39.88138 ], [ -0.32788, 39.88145 ], [ -0.32804, 39.88168 ], [ -0.32817, 39.88213 ], [ -0.32748, 39.88223 ], [ -0.32705, 39.88219 ], [ -0.32686, 39.88284 ], [ -0.3272, 39.88321 ], [ -0.327, 39.8836 ], [ -0.3275, 39.88381 ], [ -0.32818, 39.88428 ], [ -0.32848, 39.88413 ], [ -0.3289, 39.88454 ], [ -0.32827, 39.88458 ], [ -0.32804, 39.88469 ], [ -0.32772, 39.88427 ], [ -0.32695, 39.88424 ], [ -0.32663, 39.8843 ], [ -0.32688, 39.88515 ], [ -0.32628, 39.88512 ], [ -0.32531, 39.88493 ], [ -0.32498, 39.88467 ], [ -0.32355, 39.88404 ], [ -0.32319, 39.88408 ], [ -0.32263, 39.884 ], [ -0.32155, 39.88312 ], [ -0.3219, 39.88365 ], [ -0.32172, 39.88395 ], [ -0.32102, 39.88414 ], [ -0.32103, 39.88429 ], [ -0.32108, 39.88444 ], [ -0.32138, 39.8845 ], [ -0.32173, 39.88438 ], [ -0.32186, 39.88514 ], [ -0.32169, 39.88513 ], [ -0.32113, 39.88458 ], [ -0.32128, 39.88496 ], [ -0.32119, 39.88503 ], [ -0.32068, 39.88475 ], [ -0.32062, 39.88453 ], [ -0.32037, 39.88434 ], [ -0.31994, 39.88428 ], [ -0.31918, 39.88442 ], [ -0.3185, 39.8841 ], [ -0.31833, 39.88429 ], [ -0.31757, 39.88431 ], [ -0.31717, 39.88442 ], [ -0.3163, 39.8849 ], [ -0.31658, 39.88519 ], [ -0.31688, 39.88533 ], [ -0.31729, 39.88536 ], [ -0.31748, 39.88562 ], [ -0.31768, 39.88541 ], [ -0.31856, 39.88571 ], [ -0.3199, 39.88591 ], [ -0.32026, 39.88622 ], [ -0.32076, 39.88631 ], [ -0.32086, 39.88656 ], [ -0.32193, 39.88694 ], [ -0.32247, 39.88727 ], [ -0.32319, 39.88729 ], [ -0.3239, 39.88746 ], [ -0.32419, 39.88784 ], [ -0.32415, 39.88806 ], [ -0.32369, 39.88856 ], [ -0.3238, 39.88868 ], [ -0.32421, 39.89012 ], [ -0.32441, 39.89005 ], [ -0.32441, 39.89049 ], [ -0.32453, 39.89089 ], [ -0.32439, 39.89179 ], [ -0.3255, 39.89074 ], [ -0.32585, 39.89078 ], [ -0.32668, 39.89061 ], [ -0.32687, 39.89072 ], [ -0.32785, 39.89044 ], [ -0.3284, 39.88975 ], [ -0.32871, 39.88971 ], [ -0.32878, 39.88923 ], [ -0.32865, 39.88905 ], [ -0.3287, 39.88877 ] ] ] } },
{ "type": "Feature", "properties": { "denominacion": "BATALLA", "num_up": "CS007", "municipio": "AÍN", "owner": 2, "owner_label": "Utilidad pública · Generalitat", "hectareas": 15.32422999 }, "geometry": { "type": "Polygon", "coordinates": [ [ [ -0.33557, 39.88688 ], [ -0.33438, 39.88658 ], [ -0.33295, 39.88653 ], [ -0.33272, 39.88635 ], [ -0.33095, 39.88637 ], [ -0.33055, 39.88693 ], [ -0.3287, 39.88877 ], [ -0.32952, 39.8893 ], [ -0.33083, 39.88972 ], [ -0.33292, 39.88948 ], [ -0.33408, 39.88894 ], [ -0.33577, 39.888 ], [ -0.33557, 39.88688 ] ] ] } },
{ "type": "Feature", "properties": { "denominacion": "SOLANA DE LA MINA", "num_up": "CS070", "municipio": "ESLIDA", "owner": 1, "owner_label": "Utilidad pública · Ayuntamiento", "hectareas": 67.94857142 }, "geometry": { "type": "Polygon", "coordinates": [ [ [ -0.27571, 39.90454 ], [ -0.27581, 39.905 ], [ -0.27869, 39.90553 ], [ -0.28012, 39.90708 ], [ -0.28047, 39.90757 ], [ -0.28065, 39.90787 ], [ -0.28075, 39.90853 ], [ -0.28231, 39.90851 ], [ -0.28383, 39.90858 ], [ -0.28548, 39.90908 ], [ -0.28597, 39.90943 ], [ -0.28679, 39.90919 ], [ -0.28724, 39.90915 ], [ -0.28802, 39.90915 ], [ -0.28825, 39.90929 ], [ -0.28833, 39.90897 ], [ -0.28814, 39.9083 ], [ -0.28742, 39.90824 ], [ -0.28707, 39.90832 ], [ -0.28683, 39.90848 ], [ -0.28668, 39.90877 ], [ -0.28606, 39.90857 ], [ -0.28566, 39.90812 ], [ -0.28561, 39.90781 ], [ -0.28508, 39.90757 ], [ -0.28486, 39.90764 ], [ -0.28394, 39.90761 ], [ -0.2831, 39.90785 ], [ -0.28247, 39.90813 ], [ -0.28204, 39.90809 ], [ -0.28202, 39.90781 ], [ -0.28153, 39.90791 ], [ -0.28147, 39.90729 ], [ -0.28194, 39.90723 ], [ -0.28224, 39.90696 ], [ -0.28239, 39.90645 ], [ -0.28191, 39.90605 ], [ -0.28199, 39.90549 ], [ -0.28311, 39.90519 ], [ -0.28348, 39.90522 ], [ -0.28347, 39.90496 ], [ -0.28287, 39.90497 ], [ -0.28249, 39.90509 ], [ -0.28251, 39.90463 ], [ -0.28352, 39.9046 ], [ -0.28369, 39.90477 ], [ -0.28421, 39.90491 ], [ -0.28413, 39.90509 ], [ -0.28429, 39.90515 ], [ -0.28423, 39.90532 ], [ -0.28405, 39.90534 ], [ -0.2841, 39.90554 ], [ -0.28398, 39.90583 ], [ -0.28365, 39.90589 ], [ -0.28327, 39.90583 ], [ -0.28311, 39.90568 ], [ -0.28294, 39.90573 ], [ -0.28351, 39.9062 ], [ -0.28348, 39.90653 ], [ -0.28371, 39.90682 ], [ -0.28382, 39.90685 ], [ -0.28461, 39.90658 ], [ -0.28575, 39.90601 ], [ -0.28661, 39.90615 ], [ -0.28682, 39.90592 ], [ -0.28671, 39.90584 ], [ -0.28683, 39.90566 ], [ -0.28699, 39.90574 ], [ -0.28729, 39.90573 ], [ -0.28732, 39.90546 ], [ -0.28753, 39.90529 ], [ -0.28736, 39.90519 ], [ -0.28735, 39.9051 ], [ -0.28679, 39.90525 ], [ -0.28584, 39.90511 ], [ -0.28613, 39.90484 ], [ -0.28639, 39.90477 ], [ -0.28663, 39.90413 ], [ -0.28693, 39.90408 ], [ -0.28717, 39.90376 ], [ -0.28696, 39.90295 ], [ -0.2869, 39.90232 ], [ -0.28677, 39.90224 ], [ -0.28665, 39.90235 ], [ -0.28651, 39.90205 ], [ -0.28669, 39.90188 ], [ -0.28661, 39.90167 ], [ -0.28653, 39.90189 ], [ -0.28595, 39.90153 ], [ -0.28574, 39.90149 ], [ -0.28583, 39.90165 ], [ -0.28529, 39.90188 ], [ -0.28504, 39.90218 ], [ -0.28482, 39.9016 ], [ -0.28478, 39.90183 ], [ -0.28455, 39.90184 ], [ -0.28436, 39.90145 ], [ -0.28403, 39.90207 ], [ -0.2837, 39.90234 ], [ -0.28299, 39.90258 ], [ -0.28254, 39.90251 ], [ -0.28224, 39.90237 ], [ -0.28284, 39.90202 ], [ -0.28287, 39.90177 ], [ -0.2834, 39.90139 ], [ -0.28358, 39.90087 ], [ -0.2835, 39.90045 ], [ -0.28314, 39.90047 ], [ -0.28304, 39.90033 ], [ -0.28156, 39.90016 ], [ -0.28202, 39.90066 ], [ -0.28196, 39.90097 ], [ -0.28137, 39.90058 ], [ -0.28111, 39.90085 ], [ -0.28071, 39.90097 ], [ -0.28057, 39.90084 ], [ -0.28094, 39.90043 ], [ -0.281, 39.89996 ], [ -0.28084, 39.89977 ], [ -0.28022, 39.89944 ], [ -0.28013, 39.89959 ], [ -0.28019, 39.90028 ], [ -0.27964, 39.89979 ], [ -0.27871, 39.89962 ], [ -0.27914, 39.89901 ], [ -0.27776, 39.89811 ], [ -0.27772, 39.89871 ], [ -0.27734, 39.89871 ], [ -0.27673, 39.89887 ], [ -0.27655, 39.89904 ], [ -0.27609, 39.8991 ], [ -0.27605, 39.89878 ], [ -0.27589, 39.8987 ], [ -0.27556, 39.89871 ], [ -0.27533, 39.89895 ], [ -0.27504, 39.90096 ], [ -0.276, 39.90386 ], [ -0.27571, 39.90454 ] ] ] } },
{ "type": "Feature", "properties": { "denominacion": "EMBALSE DE SICHAR", "num_up": "CS091", "municipio": "ONDA", "owner": 3, "owner_label": "Utilidad pública · Conf. Hidrográfica del Júcar", "hectareas": 0.2563582 }, "geometry": { "type": "Polygon", "coordinates": [ [ [ -0.22467, 40.0118 ], [ -0.22476, 40.01195 ], [ -0.22496, 40.01194 ], [ -0.22537, 40.01174 ], [ -0.22542, 40.0116 ], [ -0.22513, 40.0114 ], [ -0.22479, 40.01158 ], [ -0.22467, 40.0118 ] ] ] } },
{ "type": "Feature", "properties": { "denominacion": "BARRANC ROGET", "num_up": "CS127", "municipio": "LA VILAVELLA", "owner": 1, "owner_label": "Utilidad pública · Ayuntamiento", "hectareas": 1.48271408 }, "geometry": { "type": "Polygon", "coordinates": [ [ [ -0.19351, 39.85395 ], [ -0.19366, 39.85433 ], [ -0.19376, 39.8541 ], [ -0.19417, 39.85415 ], [ -0.19392, 39.85406 ], [ -0.19416, 39.85403 ], [ -0.19393, 39.8539 ], [ -0.19394, 39.8538 ], [ -0.19371, 39.8535 ], [ -0.1938, 39.85331 ], [ -0.19375, 39.85317 ], [ -0.19361, 39.85301 ], [ -0.19326, 39.8529 ], [ -0.1928, 39.85305 ], [ -0.19258, 39.85342 ], [ -0.19226, 39.85356 ], [ -0.19189, 39.85359 ], [ -0.19165, 39.85338 ], [ -0.19137, 39.85362 ], [ -0.19102, 39.8537 ], [ -0.19102, 39.85381 ], [ -0.19194, 39.85397 ], [ -0.19219, 39.8537 ], [ -0.19299, 39.85376 ], [ -0.19302, 39.85387 ], [ -0.19351, 39.85395 ] ] ] } },
{ "type": "Feature", "properties": { "denominacion": "BARRANC ROGET", "num_up": "CS127", "municipio": "LA VILAVELLA", "owner": 1, "owner_label": "Utilidad pública · Ayuntamiento", "hectareas": 0.32422618 }, "geometry": { "type": "Polygon", "coordinates": [ [ [ -0.19753, 39.86003 ], [ -0.19766, 39.86028 ], [ -0.19827, 39.86051 ], [ -0.19823, 39.86009 ], [ -0.19799, 39.85969 ], [ -0.19753, 39.86003 ] ] ] } },
{ "type": "Feature", "properties": { "denominacion": "BARRANC ROGET", "num_up": "CS127", "municipio": "LA VILAVELLA", "owner": 1, "owner_label": "Utilidad pública · Ayuntamiento", "hectareas": 10.71914599 }, "geometry": { "type": "Polygon", "coordinates": [ [ [ -0.20211, 39.86996 ], [ -0.20375, 39.86989 ], [ -0.20412, 39.86964 ], [ -0.20288, 39.86941 ], [ -0.20149, 39.86894 ], [ -0.20144, 39.8689 ], [ -0.20182, 39.86839 ], [ -0.20273, 39.86861 ], [ -0.20281, 39.86855 ], [ -0.2033, 39.86855 ], [ -0.20368, 39.86844 ], [ -0.20485, 39.86833 ], [ -0.20527, 39.86866 ], [ -0.20578, 39.86849 ], [ -0.20568, 39.86831 ], [ -0.20574, 39.86752 ], [ -0.20547, 39.86739 ], [ -0.20447, 39.86719 ], [ -0.20417, 39.86739 ], [ -0.20374, 39.8671 ], [ -0.20347, 39.8671 ], [ -0.20344, 39.867 ], [ -0.20328, 39.86694 ], [ -0.20257, 39.86677 ], [ -0.20253, 39.8669 ], [ -0.20227, 39.86698 ], [ -0.20157, 39.86677 ], [ -0.20085, 39.86675 ], [ -0.19943, 39.86645 ], [ -0.19899, 39.86647 ], [ -0.19907, 39.86665 ], [ -0.19898, 39.86686 ], [ -0.19944, 39.86688 ], [ -0.19974, 39.86697 ], [ -0.20014, 39.86745 ], [ -0.20009, 39.86799 ], [ -0.19999, 39.86793 ], [ -0.19977, 39.86826 ], [ -0.20008, 39.86885 ], [ -0.2011, 39.86955 ], [ -0.20128, 39.86939 ], [ -0.20214, 39.86969 ], [ -0.2022, 39.86976 ], [ -0.20211, 39.86996 ] ], [ [ -0.2023, 39.86928 ], [ -0.20227, 39.86959 ], [ -0.20186, 39.86944 ], [ -0.20198, 39.8692 ], [ -0.2023, 39.86928 ] ] ] } },
{ "type": "Feature", "properties": { "denominacion": "BARRANC ROGET", "num_up": "CS127", "municipio": "LA VILAVELLA", "owner": 1, "owner_label": "Utilidad pública · Ayuntamiento", "hectareas": 2.05279382 }, "geometry": { "type": "Polygon", "coordinates": [ [ [ -0.18884, 39.8629 ], [ -0.18895, 39.86373 ], [ -0.18911, 39.86358 ], [ -0.18981, 39.86328 ], [ -0.18963, 39.86302 ], [ -0.18961, 39.86308 ], [ -0.18914, 39.86288 ], [ -0.1891, 39.86279 ], [ -0.18923, 39.86265 ], [ -0.18884, 39.86265 ], [ -0.18925, 39.86214 ], [ -0.18902, 39.86212 ], [ -0.18887, 39.86192 ], [ -0.1882, 39.8615 ], [ -0.18798, 39.86107 ], [ -0.18774, 39.86138 ], [ -0.1874, 39.8612 ], [ -0.18786, 39.86054 ], [ -0.18771, 39.86048 ], [ -0.18723, 39.86071 ], [ -0.187, 39.86041 ], [ -0.18652, 39.8607 ], [ -0.18766, 39.86172 ], [ -0.18871, 39.86237 ], [ -0.18869, 39.86287 ], [ -0.18884, 39.8629 ] ] ] } },
{ "type": "Feature", "properties": { "denominacion": "BARRANC ROGET", "num_up": "CS127", "municipio": "LA VILAVELLA", "owner": 1, "owner_label": "Utilidad pública · Ayuntamiento", "hectareas": 0.1798453 }, "geometry": { "type": "Polygon", "coordinates": [ [ [ -0.20244, 39.864 ], [ -0.20185, 39.86381 ], [ -0.20197, 39.8642 ], [ -0.20244, 39.86425 ], [ -0.20267, 39.86438 ], [ -0.20244, 39.864 ] ] ] } },
{ "type": "Feature", "properties": { "denominacion": "BARRANC ROGET", "num_up": "CS127", "municipio": "LA VILAVELLA", "owner": 1, "owner_label": "Utilidad pública · Ayuntamiento", "hectareas": 1.29748754 }, "geometry": { "type": "Polygon", "coordinates": [ [ [ -0.19305, 39.86385 ], [ -0.19365, 39.86448 ], [ -0.19426, 39.86452 ], [ -0.19429, 39.86465 ], [ -0.19521, 39.86452 ], [ -0.19509, 39.8642 ], [ -0.19549, 39.86383 ], [ -0.19488, 39.86394 ], [ -0.19437, 39.86375 ], [ -0.1941, 39.86401 ], [ -0.19365, 39.86368 ], [ -0.19336, 39.86362 ], [ -0.19305, 39.86385 ] ] ] } },
{ "type": "Feature", "properties": { "denominacion": "BARRANC ROGET", "num_up": "CS127", "municipio": "LA VILAVELLA", "owner": 1, "owner_label": "Utilidad pública · Ayuntamiento", "hectareas": 0.38975906 }, "geometry": { "type": "Polygon", "coordinates": [ [ [ -0.20223, 39.86476 ], [ -0.20199, 39.86514 ], [ -0.20291, 39.86536 ], [ -0.20327, 39.86477 ], [ -0.20302, 39.86475 ], [ -0.20298, 39.86491 ], [ -0.20251, 39.86488 ], [ -0.20223, 39.86476 ] ] ] } },
{ "type": "Feature", "properties": { "denominacion": "BARRANC ROGET", "num_up": "CS127", "municipio": "LA VILAVELLA", "owner": 1, "owner_label": "Utilidad pública · Ayuntamiento", "hectareas": 0.88878371 }, "geometry": { "type": "Polygon", "coordinates": [ [ [ -0.19259, 39.86472 ], [ -0.1922, 39.86493 ], [ -0.19263, 39.8653 ], [ -0.19308, 39.86548 ], [ -0.19399, 39.86566 ], [ -0.1941, 39.86542 ], [ -0.19392, 39.86523 ], [ -0.19346, 39.86506 ], [ -0.19292, 39.86469 ], [ -0.19259, 39.86472 ] ] ] } },
{ "type": "Feature", "properties": { "denominacion": "BARRANC ROGET", "num_up": "CS127", "municipio": "LA VILAVELLA", "owner": 1, "owner_label": "Utilidad pública · Ayuntamiento", "hectareas": 84.54376431 }, "geometry": { "type": "Polygon", "coordinates": [ [ [ -0.20244, 39.864 ], [ -0.20283, 39.86354 ], [ -0.20313, 39.86377 ], [ -0.2037, 39.86361 ], [ -0.20383, 39.86348 ], [ -0.20417, 39.86343 ], [ -0.20432, 39.8633 ], [ -0.20522, 39.86374 ], [ -0.20482, 39.86385 ], [ -0.20415, 39.86379 ], [ -0.20399, 39.8637 ], [ -0.20372, 39.86397 ], [ -0.20396, 39.86417 ], [ -0.2042, 39.86481 ], [ -0.20445, 39.86515 ], [ -0.2038, 39.8654 ], [ -0.20432, 39.86594 ], [ -0.20451, 39.86569 ], [ -0.20471, 39.86574 ], [ -0.2048, 39.86586 ], [ -0.20523, 39.86586 ], [ -0.20519, 39.86574 ], [ -0.2054, 39.86574 ], [ -0.20575, 39.86627 ], [ -0.20563, 39.86658 ], [ -0.20592, 39.86659 ], [ -0.20618, 39.86623 ], [ -0.20605, 39.86619 ], [ -0.20583, 39.86577 ], [ -0.20565, 39.8656 ], [ -0.20612, 39.86544 ], [ -0.20624, 39.86571 ], [ -0.20645, 39.86568 ], [ -0.20669, 39.8662 ], [ -0.20704, 39.86599 ], [ -0.20709, 39.86576 ], [ -0.20684, 39.86575 ], [ -0.20683, 39.86554 ], [ -0.20725, 39.86539 ], [ -0.20753, 39.86502 ], [ -0.20759, 39.86474 ], [ -0.20752, 39.86435 ], [ -0.20803, 39.86397 ], [ -0.20757, 39.86434 ], [ -0.20766, 39.86469 ], [ -0.2076, 39.86507 ], [ -0.20783, 39.86505 ], [ -0.2082, 39.86543 ], [ -0.2085, 39.86539 ], [ -0.2085, 39.86567 ], [ -0.20821, 39.86591 ], [ -0.2079, 39.86599 ], [ -0.20774, 39.86634 ], [ -0.20844, 39.86635 ], [ -0.20899, 39.86615 ], [ -0.20902, 39.86648 ], [ -0.2095, 39.8662 ], [ -0.20954, 39.86612 ], [ -0.20932, 39.86608 ], [ -0.20915, 39.86515 ], [ -0.2094, 39.86515 ], [ -0.20962, 39.86566 ], [ -0.21099, 39.86603 ], [ -0.21076, 39.86613 ], [ -0.21107, 39.86651 ], [ -0.21086, 39.86712 ], [ -0.21058, 39.86725 ], [ -0.21032, 39.8672 ], [ -0.21029, 39.86739 ], [ -0.2104, 39.86774 ], [ -0.21017, 39.86776 ], [ -0.21023, 39.86801 ], [ -0.20973, 39.86832 ], [ -0.21007, 39.86866 ], [ -0.20933, 39.86862 ], [ -0.20882, 39.86841 ], [ -0.20859, 39.86842 ], [ -0.20771, 39.86799 ], [ -0.20719, 39.86807 ], [ -0.20671, 39.86827 ], [ -0.20642, 39.869 ], [ -0.2068, 39.86884 ], [ -0.20729, 39.86982 ], [ -0.20755, 39.86963 ], [ -0.20798, 39.86998 ], [ -0.20797, 39.87018 ], [ -0.2079, 39.87021 ], [ -0.20768, 39.8702 ], [ -0.20728, 39.86992 ], [ -0.20709, 39.86999 ], [ -0.20716, 39.87013 ], [ -0.20784, 39.87046 ], [ -0.20945, 39.8707 ], [ -0.20943, 39.87089 ], [ -0.20989, 39.8707 ], [ -0.21084, 39.86994 ], [ -0.21112, 39.86995 ], [ -0.21161, 39.86958 ], [ -0.21068, 39.86899 ], [ -0.21029, 39.86899 ], [ -0.21016, 39.86863 ], [ -0.21033, 39.8685 ], [ -0.21041, 39.86825 ], [ -0.21093, 39.86821 ], [ -0.21104, 39.86851 ], [ -0.21166, 39.86916 ], [ -0.21213, 39.86882 ], [ -0.21196, 39.86866 ], [ -0.21205, 39.86856 ], [ -0.21226, 39.86854 ], [ -0.21249, 39.86863 ], [ -0.21244, 39.868 ], [ -0.2122, 39.86747 ], [ -0.21235, 39.86732 ], [ -0.21237, 39.86712 ], [ -0.21218, 39.86706 ], [ -0.21227, 39.86688 ], [ -0.21241, 39.86683 ], [ -0.21247, 39.86666 ], [ -0.2123, 39.86667 ], [ -0.21241, 39.8664 ], [ -0.21252, 39.86648 ], [ -0.21259, 39.86573 ], [ -0.21405, 39.86465 ], [ -0.21478, 39.86446 ], [ -0.21155, 39.86185 ], [ -0.20814, 39.86122 ], [ -0.20553, 39.86229 ], [ -0.20487, 39.862 ], [ -0.20464, 39.86242 ], [ -0.20424, 39.86243 ], [ -0.20359, 39.86234 ], [ -0.20228, 39.86147 ], [ -0.19935, 39.86084 ], [ -0.19873, 39.86036 ], [ -0.19854, 39.86056 ], [ -0.19872, 39.86065 ], [ -0.19823, 39.86084 ], [ -0.19763, 39.86076 ], [ -0.19609, 39.86036 ], [ -0.19559, 39.86018 ], [ -0.19513, 39.8599 ], [ -0.19489, 39.85991 ], [ -0.1948, 39.86007 ], [ -0.19434, 39.86028 ], [ -0.19349, 39.86033 ], [ -0.19294, 39.86008 ], [ -0.19317, 39.85986 ], [ -0.19363, 39.85962 ], [ -0.19372, 39.8594 ], [ -0.19338, 39.85934 ], [ -0.19358, 39.85924 ], [ -0.19404, 39.8588 ], [ -0.19426, 39.85849 ], [ -0.19436, 39.85801 ], [ -0.19408, 39.85767 ], [ -0.19349, 39.85744 ], [ -0.19325, 39.85739 ], [ -0.1929, 39.85747 ], [ -0.19176, 39.85787 ], [ -0.19035, 39.85782 ], [ -0.19016, 39.85788 ], [ -0.18942, 39.85835 ], [ -0.18792, 39.85832 ], [ -0.18801, 39.85846 ], [ -0.18835, 39.85852 ], [ -0.18853, 39.85875 ], [ -0.18942, 39.85851 ], [ -0.1896, 39.85875 ], [ -0.18947, 39.85887 ], [ -0.18978, 39.85907 ], [ -0.18964, 39.85921 ], [ -0.1898, 39.8594 ], [ -0.18956, 39.8597 ], [ -0.1898, 39.85983 ], [ -0.19008, 39.85955 ], [ -0.19042, 39.85986 ], [ -0.19108, 39.86005 ], [ -0.19121, 39.86026 ], [ -0.19141, 39.8604 ], [ -0.19177, 39.86033 ], [ -0.192, 39.86045 ], [ -0.19209, 39.86066 ], [ -0.19189, 39.86099 ], [ -0.19187, 39.86126 ], [ -0.19141, 39.86162 ], [ -0.19128, 39.86139 ], [ -0.19085, 39.86173 ], [ -0.1911, 39.86197 ], [ -0.19134, 39.86188 ], [ -0.19154, 39.86164 ], [ -0.19201, 39.86145 ], [ -0.19229, 39.86155 ], [ -0.19249, 39.86177 ], [ -0.19217, 39.86189 ], [ -0.19273, 39.86238 ], [ -0.19291, 39.86222 ], [ -0.19306, 39.86228 ], [ -0.19322, 39.86224 ], [ -0.193, 39.86202 ], [ -0.19312, 39.86198 ], [ -0.19372, 39.86221 ], [ -0.19387, 39.86235 ], [ -0.19379, 39.86247 ], [ -0.19425, 39.86266 ], [ -0.19449, 39.86249 ], [ -0.19469, 39.8626 ], [ -0.19551, 39.86271 ], [ -0.19556, 39.86294 ], [ -0.19542, 39.86338 ], [ -0.19613, 39.86315 ], [ -0.19585, 39.86267 ], [ -0.19648, 39.86277 ], [ -0.1966, 39.86293 ], [ -0.19713, 39.86287 ], [ -0.19735, 39.86279 ], [ -0.19734, 39.86271 ], [ -0.19796, 39.86267 ], [ -0.19833, 39.86274 ], [ -0.19836, 39.86252 ], [ -0.19855, 39.86234 ], [ -0.1989, 39.86242 ], [ -0.19927, 39.86268 ], [ -0.19928, 39.86238 ], [ -0.19976, 39.86241 ], [ -0.20057, 39.8628 ], [ -0.20056, 39.86325 ], [ -0.20007, 39.86319 ], [ -0.19914, 39.86336 ], [ -0.19876, 39.86351 ], [ -0.19862, 39.86385 ], [ -0.1982, 39.86421 ], [ -0.19824, 39.86451 ], [ -0.19808, 39.86451 ], [ -0.19816, 39.86468 ], [ -0.19829, 39.8647 ], [ -0.19823, 39.86493 ], [ -0.19796, 39.86497 ], [ -0.1978, 39.86511 ], [ -0.19809, 39.86526 ], [ -0.19939, 39.86504 ], [ -0.19935, 39.86484 ], [ -0.19954, 39.8646 ], [ -0.20003, 39.86426 ], [ -0.20048, 39.86427 ], [ -0.20073, 39.86436 ], [ -0.20088, 39.86458 ], [ -0.20084, 39.86493 ], [ -0.20022, 39.86505 ], [ -0.20071, 39.86523 ], [ -0.20079, 39.86555 ], [ -0.2012, 39.86551 ], [ -0.20142, 39.8654 ], [ -0.20115, 39.86523 ], [ -0.20098, 39.86461 ], [ -0.20152, 39.86443 ], [ -0.2016, 39.86432 ], [ -0.20145, 39.86426 ], [ -0.20151, 39.86406 ], [ -0.20142, 39.864 ], [ -0.20177, 39.86358 ], [ -0.20243, 39.86374 ], [ -0.20244, 39.864 ] ], [ [ -0.1983, 39.86083 ], [ -0.19911, 39.86096 ], [ -0.19912, 39.86106 ], [ -0.19886, 39.8611 ], [ -0.19826, 39.86098 ], [ -0.1983, 39.86083 ] ], [ [ -0.2014, 39.86348 ], [ -0.20114, 39.86374 ], [ -0.20085, 39.86373 ], [ -0.20095, 39.86355 ], [ -0.2014, 39.86348 ] ], [ [ -0.19041, 39.85792 ], [ -0.19053, 39.85807 ], [ -0.19022, 39.8583 ], [ -0.18994, 39.85825 ], [ -0.19018, 39.85789 ], [ -0.19041, 39.85792 ] ], [ [ -0.2062, 39.86392 ], [ -0.20591, 39.86366 ], [ -0.20593, 39.86327 ], [ -0.20618, 39.86338 ], [ -0.20625, 39.86356 ], [ -0.2062, 39.86392 ] ], [ [ -0.20592, 39.86393 ], [ -0.20546, 39.86367 ], [ -0.20574, 39.86323 ], [ -0.20605, 39.86302 ], [ -0.20635, 39.86294 ], [ -0.20585, 39.86332 ], [ -0.20592, 39.86393 ] ] ] } },
{ "type": "Feature", "properties": { "denominacion": " ", "num_up": " ", "municipio": "LA VILAVELLA", "owner": 4, "owner_label": "Enclavado privado en monte público", "hectareas": 0.13425806 }, "geometry": { "type": "Polygon", "coordinates": [ [ [ -0.19018, 39.85789 ], [ -0.18994, 39.85825 ], [ -0.19022, 39.8583 ], [ -0.19053, 39.85807 ], [ -0.19041, 39.85792 ], [ -0.19018, 39.85789 ] ] ] } },
{ "type": "Feature", "properties": { "denominacion": " ", "num_up": " ", "municipio": "LA VILAVELLA", "owner": 4, "owner_label": "Enclavado privado en monte público", "hectareas": 0.12858378 }, "geometry": { "type": "Polygon", "coordinates": [ [ [ -0.19826, 39.86098 ], [ -0.19886, 39.8611 ], [ -0.19912, 39.86106 ], [ -0.19911, 39.86096 ], [ -0.1983, 39.86083 ], [ -0.19826, 39.86098 ] ] ] } },
{ "type": "Feature", "properties": { "denominacion": " ", "num_up": " ", "municipio": "LA VILAVELLA", "owner": 4, "owner_label": "Enclavado privado en monte público", "hectareas": 0.07961807 }, "geometry": { "type": "Polygon", "coordinates": [ [ [ -0.2014, 39.86348 ], [ -0.20095, 39.86355 ], [ -0.20085, 39.86373 ], [ -0.20114, 39.86374 ], [ -0.2014, 39.86348 ] ] ] } },
{ "type": "Feature", "properties": { "denominacion": " ", "num_up": " ", "municipio": "LA VILAVELLA", "owner": 4, "owner_label": "Enclavado privado en monte público", "hectareas": 0.10501864 }, "geometry": { "type": "Polygon", "coordinates": [ [ [ -0.20186, 39.86944 ], [ -0.20227, 39.86959 ], [ -0.2023, 39.86928 ], [ -0.20198, 39.8692 ], [ -0.20186, 39.86944 ] ] ] } },
{ "type": "Feature", "properties": { "denominacion": " ", "num_up": " ", "municipio": "LA VILAVELLA", "owner": 4, "owner_label": "Enclavado privado en monte público", "hectareas": 0.15865786 }, "geometry": { "type": "Polygon", "coordinates": [ [ [ -0.20593, 39.86327 ], [ -0.20591, 39.86366 ], [ -0.2062, 39.86392 ], [ -0.20626, 39.86375 ], [ -0.20618, 39.86338 ], [ -0.20593, 39.86327 ] ] ] } },
{ "type": "Feature", "properties": { "denominacion": " ", "num_up": " ", "municipio": "LA VILAVELLA", "owner": 4, "owner_label": "Enclavado privado en monte público", "hectareas": 0.20878064 }, "geometry": { "type": "Polygon", "coordinates": [ [ [ -0.20605, 39.86302 ], [ -0.20574, 39.86323 ], [ -0.20546, 39.86367 ], [ -0.20592, 39.86393 ], [ -0.20585, 39.86332 ], [ -0.20635, 39.86294 ], [ -0.20605, 39.86302 ] ] ] } },
{ "type": "Feature", "properties": { "denominacion": " ", "num_up": " ", "municipio": "SAGUNT / SAGUNTO", "owner": 4, "owner_label": "Enclavado privado en monte público", "hectareas": 0.92864094 }, "geometry": { "type": "Polygon", "coordinates": [ [ [ -0.3139, 39.77732 ], [ -0.31438, 39.77789 ], [ -0.315, 39.77723 ], [ -0.31459, 39.77679 ], [ -0.31535, 39.77674 ], [ -0.31512, 39.77643 ], [ -0.31458, 39.7764 ], [ -0.3139, 39.77732 ] ] ] } },
{ "type": "Feature", "properties": { "denominacion": " ", "num_up": " ", "municipio": "SAGUNT / SAGUNTO", "owner": 4, "owner_label": "Enclavado privado en monte público", "hectareas": 0.23673358 }, "geometry": { "type": "Polygon", "coordinates": [ [ [ -0.31782, 39.79264 ], [ -0.31867, 39.79212 ], [ -0.31921, 39.79195 ], [ -0.31879, 39.79181 ], [ -0.31814, 39.7922 ], [ -0.31782, 39.79264 ] ] ] } },
{ "type": "Feature", "properties": { "denominacion": "BONILLES Y OTROS", "num_up": "V131", "municipio": "SAGUNT / SAGUNTO", "owner": 1, "owner_label": "Utilidad pública · Ayuntamiento", "hectareas": 322.77890903000002 }, "geometry": { "type": "Polygon", "coordinates": [ [ [ -0.29609, 39.78092 ], [ -0.29579, 39.78127 ], [ -0.29603, 39.78153 ], [ -0.29576, 39.78219 ], [ -0.2965, 39.78252 ], [ -0.29627, 39.78296 ], [ -0.2966, 39.78333 ], [ -0.29735, 39.78336 ], [ -0.29733, 39.78264 ], [ -0.29742, 39.78177 ], [ -0.29714, 39.78097 ], [ -0.29739, 39.78076 ], [ -0.29868, 39.7818 ], [ -0.29841, 39.78199 ], [ -0.29904, 39.78259 ], [ -0.29946, 39.78254 ], [ -0.29978, 39.78229 ], [ -0.29963, 39.78189 ], [ -0.29889, 39.78118 ], [ -0.29872, 39.78073 ], [ -0.29939, 39.78099 ], [ -0.29974, 39.78102 ], [ -0.29998, 39.78086 ], [ -0.29974, 39.7802 ], [ -0.29982, 39.77982 ], [ -0.3003, 39.78005 ], [ -0.30069, 39.7804 ], [ -0.30089, 39.78102 ], [ -0.30119, 39.7809 ], [ -0.30113, 39.78024 ], [ -0.30176, 39.7798 ], [ -0.3022, 39.77956 ], [ -0.30312, 39.77964 ], [ -0.303, 39.77977 ], [ -0.30238, 39.77984 ], [ -0.3015, 39.78028 ], [ -0.3016, 39.78054 ], [ -0.30199, 39.78064 ], [ -0.30292, 39.78025 ], [ -0.30219, 39.78115 ], [ -0.30268, 39.78158 ], [ -0.30304, 39.78173 ], [ -0.30293, 39.78215 ], [ -0.30426, 39.78237 ], [ -0.30478, 39.78172 ], [ -0.30552, 39.78198 ], [ -0.30516, 39.78275 ], [ -0.30555, 39.78285 ], [ -0.30593, 39.78265 ], [ -0.30579, 39.78231 ], [ -0.30614, 39.78218 ], [ -0.30697, 39.7826 ], [ -0.30739, 39.78243 ], [ -0.30749, 39.78298 ], [ -0.30784, 39.78286 ], [ -0.30781, 39.78269 ], [ -0.3081, 39.7824 ], [ -0.30904, 39.78222 ], [ -0.30888, 39.7818 ], [ -0.30944, 39.78164 ], [ -0.30981, 39.78166 ], [ -0.30924, 39.78137 ], [ -0.30981, 39.78134 ], [ -0.31053, 39.7817 ], [ -0.3108, 39.78138 ], [ -0.31049, 39.78058 ], [ -0.31014, 39.78017 ], [ -0.30958, 39.78069 ], [ -0.30902, 39.78073 ], [ -0.30872, 39.78096 ], [ -0.30928, 39.78114 ], [ -0.30869, 39.78107 ], [ -0.30852, 39.78116 ], [ -0.30869, 39.78163 ], [ -0.30825, 39.78183 ], [ -0.30822, 39.78145 ], [ -0.30785, 39.78159 ], [ -0.30774, 39.78149 ], [ -0.30814, 39.78125 ], [ -0.30825, 39.781 ], [ -0.30787, 39.78087 ], [ -0.30859, 39.78069 ], [ -0.30865, 39.78025 ], [ -0.30811, 39.78032 ], [ -0.30788, 39.77999 ], [ -0.30764, 39.77981 ], [ -0.3088, 39.77949 ], [ -0.30878, 39.7792 ], [ -0.30835, 39.77893 ], [ -0.30759, 39.77878 ], [ -0.30715, 39.77891 ], [ -0.30709, 39.77871 ], [ -0.30752, 39.77837 ], [ -0.30743, 39.7782 ], [ -0.30632, 39.77792 ], [ -0.30501, 39.77773 ], [ -0.30502, 39.77746 ], [ -0.30549, 39.77746 ], [ -0.30536, 39.77692 ], [ -0.30541, 39.77622 ], [ -0.30587, 39.77634 ], [ -0.30607, 39.77743 ], [ -0.30793, 39.77801 ], [ -0.30816, 39.77791 ], [ -0.30804, 39.7775 ], [ -0.30765, 39.77708 ], [ -0.30777, 39.77665 ], [ -0.30752, 39.77658 ], [ -0.30764, 39.77623 ], [ -0.30796, 39.77619 ], [ -0.30799, 39.77592 ], [ -0.3072, 39.77572 ], [ -0.30749, 39.77547 ], [ -0.30769, 39.77494 ], [ -0.30723, 39.77424 ], [ -0.30733, 39.7741 ], [ -0.30731, 39.77384 ], [ -0.30744, 39.77358 ], [ -0.30752, 39.77292 ], [ -0.30732, 39.77288 ], [ -0.30726, 39.77263 ], [ -0.30731, 39.77189 ], [ -0.30706, 39.77127 ], [ -0.30675, 39.77086 ], [ -0.3064, 39.77085 ], [ -0.30601, 39.76997 ], [ -0.30578, 39.76965 ], [ -0.30603, 39.76912 ], [ -0.30669, 39.76949 ], [ -0.30681, 39.76934 ], [ -0.30594, 39.76865 ], [ -0.30604, 39.76838 ], [ -0.30676, 39.76845 ], [ -0.30674, 39.76778 ], [ -0.30745, 39.7684 ], [ -0.30786, 39.76848 ], [ -0.30788, 39.76876 ], [ -0.30824, 39.76897 ], [ -0.30854, 39.7693 ], [ -0.30838, 39.76974 ], [ -0.30866, 39.77064 ], [ -0.30857, 39.77092 ], [ -0.3092, 39.77111 ], [ -0.30874, 39.77163 ], [ -0.30823, 39.77147 ], [ -0.30811, 39.77186 ], [ -0.30826, 39.77254 ], [ -0.30805, 39.77287 ], [ -0.30781, 39.77299 ], [ -0.3077, 39.77329 ], [ -0.30856, 39.77362 ], [ -0.30898, 39.77407 ], [ -0.3091, 39.77393 ], [ -0.30888, 39.77363 ], [ -0.30923, 39.77266 ], [ -0.31005, 39.77321 ], [ -0.3103, 39.77295 ], [ -0.31103, 39.77357 ], [ -0.31068, 39.77405 ], [ -0.31013, 39.77392 ], [ -0.3097, 39.77401 ], [ -0.30944, 39.77427 ], [ -0.30973, 39.77443 ], [ -0.30975, 39.77475 ], [ -0.30947, 39.77531 ], [ -0.30923, 39.77542 ], [ -0.30919, 39.77571 ], [ -0.30894, 39.77602 ], [ -0.30899, 39.77702 ], [ -0.30958, 39.77756 ], [ -0.3099, 39.77742 ], [ -0.30989, 39.77726 ], [ -0.31081, 39.77689 ], [ -0.31097, 39.77662 ], [ -0.31135, 39.77662 ], [ -0.31169, 39.77722 ], [ -0.31167, 39.77749 ], [ -0.31155, 39.77768 ], [ -0.31226, 39.77801 ], [ -0.31278, 39.77813 ], [ -0.31322, 39.77836 ], [ -0.31446, 39.77818 ], [ -0.31508, 39.7785 ], [ -0.31553, 39.77811 ], [ -0.31663, 39.77804 ], [ -0.31726, 39.77789 ], [ -0.31682, 39.77715 ], [ -0.31706, 39.777 ], [ -0.31772, 39.77699 ], [ -0.31801, 39.77643 ], [ -0.32013, 39.77702 ], [ -0.32026, 39.77629 ], [ -0.32111, 39.77626 ], [ -0.32123, 39.77597 ], [ -0.32097, 39.77524 ], [ -0.32043, 39.77502 ], [ -0.32046, 39.77478 ], [ -0.31994, 39.77476 ], [ -0.31941, 39.77539 ], [ -0.31905, 39.77555 ], [ -0.31874, 39.77607 ], [ -0.31811, 39.77633 ], [ -0.31778, 39.77606 ], [ -0.3179, 39.77591 ], [ -0.31783, 39.77572 ], [ -0.317, 39.77561 ], [ -0.31619, 39.77665 ], [ -0.31593, 39.77658 ], [ -0.31634, 39.77627 ], [ -0.31628, 39.77576 ], [ -0.31561, 39.77576 ], [ -0.31492, 39.77553 ], [ -0.31509, 39.77529 ], [ -0.31567, 39.7755 ], [ -0.31597, 39.77538 ], [ -0.3165, 39.77571 ], [ -0.3168, 39.77559 ], [ -0.31641, 39.77528 ], [ -0.31651, 39.77498 ], [ -0.31645, 39.77448 ], [ -0.31667, 39.77441 ], [ -0.3166, 39.77467 ], [ -0.31688, 39.7749 ], [ -0.3174, 39.77511 ], [ -0.3179, 39.77486 ], [ -0.31819, 39.77454 ], [ -0.31802, 39.77412 ], [ -0.31718, 39.77386 ], [ -0.31691, 39.77356 ], [ -0.31677, 39.77374 ], [ -0.31675, 39.77413 ], [ -0.31616, 39.77388 ], [ -0.31556, 39.77397 ], [ -0.31531, 39.77361 ], [ -0.31721, 39.77331 ], [ -0.31667, 39.77281 ], [ -0.31703, 39.77219 ], [ -0.31722, 39.77197 ], [ -0.31745, 39.77196 ], [ -0.31757, 39.77157 ], [ -0.31778, 39.77147 ], [ -0.31764, 39.77106 ], [ -0.31643, 39.77185 ], [ -0.31611, 39.77155 ], [ -0.31653, 39.77139 ], [ -0.31663, 39.77093 ], [ -0.31694, 39.77057 ], [ -0.31679, 39.77033 ], [ -0.317, 39.76988 ], [ -0.3162, 39.76989 ], [ -0.31538, 39.77039 ], [ -0.31522, 39.76994 ], [ -0.31401, 39.76938 ], [ -0.31444, 39.769 ], [ -0.31431, 39.76889 ], [ -0.31445, 39.76807 ], [ -0.31481, 39.76762 ], [ -0.31412, 39.76714 ], [ -0.3139, 39.7679 ], [ -0.31356, 39.76788 ], [ -0.31316, 39.76808 ], [ -0.31304, 39.76783 ], [ -0.31316, 39.76708 ], [ -0.31253, 39.76687 ], [ -0.3125, 39.76664 ], [ -0.31319, 39.7665 ], [ -0.3129, 39.76624 ], [ -0.31253, 39.76621 ], [ -0.31231, 39.76606 ], [ -0.31232, 39.76537 ], [ -0.31212, 39.76457 ], [ -0.31271, 39.76376 ], [ -0.31315, 39.76371 ], [ -0.31332, 39.76392 ], [ -0.31229, 39.76443 ], [ -0.31314, 39.76493 ], [ -0.31346, 39.7647 ], [ -0.31367, 39.76482 ], [ -0.31385, 39.76458 ], [ -0.31384, 39.76429 ], [ -0.31365, 39.76408 ], [ -0.31356, 39.76426 ], [ -0.31346, 39.76408 ], [ -0.31358, 39.76385 ], [ -0.31382, 39.76411 ], [ -0.31404, 39.76422 ], [ -0.31411, 39.76398 ], [ -0.31427, 39.76396 ], [ -0.31432, 39.76358 ], [ -0.31452, 39.76316 ], [ -0.31548, 39.76143 ], [ -0.31538, 39.76034 ], [ -0.315, 39.76044 ], [ -0.31364, 39.76048 ], [ -0.3133, 39.76087 ], [ -0.31325, 39.76106 ], [ -0.31351, 39.76123 ], [ -0.31347, 39.76151 ], [ -0.31281, 39.76238 ], [ -0.31199, 39.7624 ], [ -0.31156, 39.76161 ], [ -0.31215, 39.76149 ], [ -0.3131, 39.76114 ], [ -0.31287, 39.76101 ], [ -0.31237, 39.76121 ], [ -0.31143, 39.76111 ], [ -0.31239, 39.76094 ], [ -0.31229, 39.76053 ], [ -0.31216, 39.76036 ], [ -0.31089, 39.76055 ], [ -0.31098, 39.76012 ], [ -0.31148, 39.76007 ], [ -0.31177, 39.75982 ], [ -0.3116, 39.75928 ], [ -0.31108, 39.75938 ], [ -0.30989, 39.75906 ], [ -0.31049, 39.75866 ], [ -0.31134, 39.75878 ], [ -0.31174, 39.75863 ], [ -0.31208, 39.75819 ], [ -0.31275, 39.75832 ], [ -0.31286, 39.75818 ], [ -0.31265, 39.75797 ], [ -0.31216, 39.75771 ], [ -0.31177, 39.75721 ], [ -0.31093, 39.7573 ], [ -0.31051, 39.75714 ], [ -0.30985, 39.75733 ], [ -0.3097, 39.75758 ], [ -0.30983, 39.75834 ], [ -0.30956, 39.75853 ], [ -0.30937, 39.75746 ], [ -0.30855, 39.75702 ], [ -0.30625, 39.75672 ], [ -0.30674, 39.75634 ], [ -0.30555, 39.75569 ], [ -0.30705, 39.75587 ], [ -0.30909, 39.75644 ], [ -0.30982, 39.75686 ], [ -0.31051, 39.75685 ], [ -0.31031, 39.7566 ], [ -0.30906, 39.75581 ], [ -0.30873, 39.7555 ], [ -0.30893, 39.75541 ], [ -0.30929, 39.75553 ], [ -0.30971, 39.75581 ], [ -0.31015, 39.75633 ], [ -0.31061, 39.75635 ], [ -0.31089, 39.75657 ], [ -0.31133, 39.75673 ], [ -0.31126, 39.7565 ], [ -0.3116, 39.75622 ], [ -0.31281, 39.75613 ], [ -0.31249, 39.75594 ], [ -0.31217, 39.75543 ], [ -0.31177, 39.755 ], [ -0.31103, 39.7545 ], [ -0.31162, 39.75468 ], [ -0.31269, 39.75477 ], [ -0.31375, 39.75522 ], [ -0.3137, 39.75502 ], [ -0.3142, 39.75444 ], [ -0.31395, 39.75431 ], [ -0.31383, 39.75401 ], [ -0.31404, 39.75388 ], [ -0.31393, 39.75359 ], [ -0.31305, 39.75304 ], [ -0.31456, 39.75321 ], [ -0.31475, 39.75277 ], [ -0.31353, 39.75219 ], [ -0.31345, 39.75248 ], [ -0.31289, 39.7525 ], [ -0.31269, 39.75231 ], [ -0.31308, 39.75166 ], [ -0.31264, 39.7511 ], [ -0.31226, 39.75109 ], [ -0.31218, 39.75074 ], [ -0.31192, 39.75058 ], [ -0.31208, 39.7504 ], [ -0.31184, 39.75011 ], [ -0.3122, 39.74964 ], [ -0.312, 39.74948 ], [ -0.31153, 39.74999 ], [ -0.31117, 39.7497 ], [ -0.31162, 39.74916 ], [ -0.31308, 39.74932 ], [ -0.3134, 39.74909 ], [ -0.31308, 39.74906 ], [ -0.31315, 39.7489 ], [ -0.31305, 39.74878 ], [ -0.31324, 39.74862 ], [ -0.31304, 39.74832 ], [ -0.31265, 39.74801 ], [ -0.31201, 39.74833 ], [ -0.31114, 39.74826 ], [ -0.31108, 39.74762 ], [ -0.31186, 39.74761 ], [ -0.31234, 39.74714 ], [ -0.31156, 39.74703 ], [ -0.31149, 39.74686 ], [ -0.31064, 39.74677 ], [ -0.31016, 39.74711 ], [ -0.31094, 39.74843 ], [ -0.31014, 39.75039 ], [ -0.30888, 39.75192 ], [ -0.30884, 39.75218 ], [ -0.30976, 39.75161 ], [ -0.31055, 39.75169 ], [ -0.30965, 39.7522 ], [ -0.30954, 39.75238 ], [ -0.30995, 39.75219 ], [ -0.31001, 39.75288 ], [ -0.3095, 39.75307 ], [ -0.30844, 39.75322 ], [ -0.30777, 39.75316 ], [ -0.30664, 39.75347 ], [ -0.30674, 39.7539 ], [ -0.30738, 39.75412 ], [ -0.30788, 39.7545 ], [ -0.30769, 39.75474 ], [ -0.3073, 39.75475 ], [ -0.30666, 39.7542 ], [ -0.30555, 39.75441 ], [ -0.30484, 39.75392 ], [ -0.30326, 39.75434 ], [ -0.30254, 39.75471 ], [ -0.3016, 39.75562 ], [ -0.30112, 39.75592 ], [ -0.30178, 39.75612 ], [ -0.30255, 39.75582 ], [ -0.30308, 39.7561 ], [ -0.30342, 39.75615 ], [ -0.30395, 39.75659 ], [ -0.30364, 39.75702 ], [ -0.30465, 39.75722 ], [ -0.30497, 39.75782 ], [ -0.30466, 39.75819 ], [ -0.30445, 39.75812 ], [ -0.30417, 39.75753 ], [ -0.30381, 39.75724 ], [ -0.30323, 39.75727 ], [ -0.30268, 39.75712 ], [ -0.30284, 39.75747 ], [ -0.3036, 39.75788 ], [ -0.30347, 39.75803 ], [ -0.3028, 39.75768 ], [ -0.30242, 39.75715 ], [ -0.30264, 39.7579 ], [ -0.30242, 39.75801 ], [ -0.30196, 39.75791 ], [ -0.30166, 39.7577 ], [ -0.30098, 39.75769 ], [ -0.30104, 39.75695 ], [ -0.30136, 39.7564 ], [ -0.30149, 39.7563 ], [ -0.30091, 39.75614 ], [ -0.30047, 39.75669 ], [ -0.2987, 39.75693 ], [ -0.29618, 39.75884 ], [ -0.29819, 39.75774 ], [ -0.29776, 39.7582 ], [ -0.29784, 39.75849 ], [ -0.29842, 39.75842 ], [ -0.29777, 39.75904 ], [ -0.29749, 39.75893 ], [ -0.29695, 39.75919 ], [ -0.29629, 39.75935 ], [ -0.29544, 39.7592 ], [ -0.29511, 39.75938 ], [ -0.29451, 39.76004 ], [ -0.29494, 39.76024 ], [ -0.29457, 39.76051 ], [ -0.29523, 39.76046 ], [ -0.29544, 39.76014 ], [ -0.29621, 39.76023 ], [ -0.29643, 39.76071 ], [ -0.29666, 39.76073 ], [ -0.29709, 39.76021 ], [ -0.29742, 39.75998 ], [ -0.29732, 39.76045 ], [ -0.29708, 39.76075 ], [ -0.29713, 39.76097 ], [ -0.29799, 39.76114 ], [ -0.29988, 39.76078 ], [ -0.30034, 39.76059 ], [ -0.30056, 39.76065 ], [ -0.30003, 39.76032 ], [ -0.29934, 39.76039 ], [ -0.29923, 39.75986 ], [ -0.29924, 39.75936 ], [ -0.29967, 39.75922 ], [ -0.29979, 39.75949 ], [ -0.30046, 39.75992 ], [ -0.30151, 39.75967 ], [ -0.30155, 39.75995 ], [ -0.30233, 39.75966 ], [ -0.30248, 39.76004 ], [ -0.30147, 39.76065 ], [ -0.30216, 39.76041 ], [ -0.30225, 39.76046 ], [ -0.30299, 39.75988 ], [ -0.30231, 39.76068 ], [ -0.30125, 39.76119 ], [ -0.30198, 39.76241 ], [ -0.30206, 39.76268 ], [ -0.30256, 39.76267 ], [ -0.30305, 39.76309 ], [ -0.30309, 39.76381 ], [ -0.30329, 39.76368 ], [ -0.30336, 39.76389 ], [ -0.30336, 39.76466 ], [ -0.3035, 39.76467 ], [ -0.30365, 39.7652 ], [ -0.30352, 39.76535 ], [ -0.30357, 39.76554 ], [ -0.30389, 39.76528 ], [ -0.30423, 39.76533 ], [ -0.30446, 39.76546 ], [ -0.30486, 39.76507 ], [ -0.30521, 39.76573 ], [ -0.3045, 39.76586 ], [ -0.30424, 39.76617 ], [ -0.30259, 39.76596 ], [ -0.30272, 39.76561 ], [ -0.30308, 39.76545 ], [ -0.30252, 39.76522 ], [ -0.30209, 39.76522 ], [ -0.30163, 39.76621 ], [ -0.30132, 39.76661 ], [ -0.30058, 39.76656 ], [ -0.30014, 39.76663 ], [ -0.29957, 39.76605 ], [ -0.29925, 39.76596 ], [ -0.29833, 39.76614 ], [ -0.29845, 39.76647 ], [ -0.29925, 39.76631 ], [ -0.29927, 39.7666 ], [ -0.299, 39.76679 ], [ -0.29904, 39.76733 ], [ -0.29804, 39.76741 ], [ -0.29818, 39.76778 ], [ -0.29854, 39.76826 ], [ -0.29901, 39.76824 ], [ -0.29968, 39.76786 ], [ -0.30003, 39.76801 ], [ -0.29978, 39.7683 ], [ -0.29987, 39.76879 ], [ -0.30067, 39.76888 ], [ -0.30174, 39.7687 ], [ -0.30235, 39.76825 ], [ -0.30308, 39.76826 ], [ -0.30311, 39.76848 ], [ -0.30281, 39.76843 ], [ -0.30242, 39.76855 ], [ -0.30231, 39.76897 ], [ -0.30236, 39.76917 ], [ -0.30125, 39.76893 ], [ -0.30086, 39.76908 ], [ -0.30078, 39.76963 ], [ -0.30036, 39.76961 ], [ -0.30096, 39.76996 ], [ -0.30106, 39.76981 ], [ -0.30141, 39.7699 ], [ -0.30141, 39.7704 ], [ -0.30076, 39.77105 ], [ -0.30091, 39.77117 ], [ -0.30188, 39.77064 ], [ -0.30248, 39.77011 ], [ -0.30266, 39.76934 ], [ -0.30307, 39.76974 ], [ -0.30248, 39.77078 ], [ -0.30253, 39.77127 ], [ -0.30265, 39.7711 ], [ -0.30322, 39.77168 ], [ -0.30313, 39.77222 ], [ -0.30344, 39.7721 ], [ -0.30403, 39.77273 ], [ -0.30332, 39.77292 ], [ -0.30289, 39.77317 ], [ -0.30265, 39.77347 ], [ -0.30117, 39.77379 ], [ -0.30132, 39.77423 ], [ -0.30195, 39.77445 ], [ -0.30229, 39.77436 ], [ -0.30328, 39.77519 ], [ -0.30389, 39.77531 ], [ -0.30423, 39.77586 ], [ -0.3044, 39.77589 ], [ -0.30458, 39.77622 ], [ -0.30441, 39.77664 ], [ -0.30481, 39.77707 ], [ -0.30462, 39.77756 ], [ -0.30393, 39.77817 ], [ -0.30338, 39.77924 ], [ -0.30037, 39.77894 ], [ -0.29899, 39.77715 ], [ -0.29872, 39.7759 ], [ -0.29773, 39.77536 ], [ -0.29725, 39.77568 ], [ -0.29618, 39.77604 ], [ -0.29671, 39.77677 ], [ -0.2959, 39.77674 ], [ -0.2949, 39.77682 ], [ -0.29416, 39.77703 ], [ -0.29453, 39.77741 ], [ -0.29477, 39.77783 ], [ -0.29536, 39.77764 ], [ -0.29638, 39.77755 ], [ -0.29677, 39.77742 ], [ -0.2969, 39.77829 ], [ -0.29568, 39.77846 ], [ -0.29522, 39.77823 ], [ -0.29496, 39.77841 ], [ -0.29654, 39.77887 ], [ -0.29703, 39.77871 ], [ -0.29871, 39.77874 ], [ -0.29927, 39.77883 ], [ -0.29907, 39.77917 ], [ -0.29925, 39.77923 ], [ -0.29873, 39.77971 ], [ -0.29802, 39.77991 ], [ -0.29747, 39.77975 ], [ -0.29679, 39.77988 ], [ -0.29652, 39.77959 ], [ -0.29604, 39.77976 ], [ -0.29448, 39.77992 ], [ -0.29444, 39.78008 ], [ -0.2959, 39.78025 ], [ -0.29609, 39.78092 ] ], [ [ -0.30724, 39.77397 ], [ -0.30673, 39.77476 ], [ -0.30653, 39.7747 ], [ -0.30686, 39.7741 ], [ -0.30684, 39.77332 ], [ -0.30724, 39.77397 ] ], [ [ -0.30305, 39.77358 ], [ -0.3033, 39.77438 ], [ -0.30247, 39.77415 ], [ -0.30269, 39.77376 ], [ -0.30305, 39.77358 ] ], [ [ -0.30468, 39.77139 ], [ -0.3046, 39.77115 ], [ -0.30483, 39.77049 ], [ -0.30484, 39.77018 ], [ -0.3053, 39.77016 ], [ -0.30558, 39.77055 ], [ -0.30588, 39.77073 ], [ -0.3059, 39.77088 ], [ -0.30558, 39.77096 ], [ -0.30517, 39.7709 ], [ -0.30468, 39.77139 ] ], [ [ -0.31101, 39.76763 ], [ -0.31105, 39.76785 ], [ -0.31125, 39.76796 ], [ -0.31144, 39.76824 ], [ -0.3112, 39.76832 ], [ -0.31103, 39.76791 ], [ -0.30977, 39.7681 ], [ -0.31101, 39.76763 ] ], [ [ -0.31132, 39.76789 ], [ -0.31112, 39.76727 ], [ -0.31068, 39.76719 ], [ -0.31044, 39.76734 ], [ -0.31028, 39.76634 ], [ -0.31039, 39.76616 ], [ -0.31065, 39.76637 ], [ -0.31128, 39.76643 ], [ -0.31202, 39.76669 ], [ -0.31196, 39.76689 ], [ -0.31161, 39.76684 ], [ -0.31143, 39.76701 ], [ -0.31166, 39.76735 ], [ -0.31205, 39.76727 ], [ -0.31164, 39.76787 ], [ -0.31132, 39.76789 ] ], [ [ -0.31199, 39.77026 ], [ -0.31227, 39.76995 ], [ -0.31258, 39.7698 ], [ -0.31301, 39.76976 ], [ -0.31328, 39.76926 ], [ -0.31359, 39.76934 ], [ -0.31329, 39.77028 ], [ -0.31357, 39.77063 ], [ -0.31397, 39.77034 ], [ -0.31386, 39.76976 ], [ -0.31433, 39.7699 ], [ -0.31417, 39.77017 ], [ -0.3147, 39.77033 ], [ -0.31508, 39.77071 ], [ -0.31472, 39.77094 ], [ -0.31531, 39.7715 ], [ -0.31578, 39.77145 ], [ -0.31588, 39.77156 ], [ -0.31421, 39.77231 ], [ -0.31467, 39.77155 ], [ -0.31421, 39.77103 ], [ -0.31384, 39.77123 ], [ -0.31371, 39.77098 ], [ -0.31327, 39.77067 ], [ -0.31196, 39.77067 ], [ -0.31199, 39.77026 ] ], [ [ -0.31029, 39.77523 ], [ -0.31019, 39.7748 ], [ -0.31049, 39.77444 ], [ -0.31052, 39.77425 ], [ -0.31081, 39.77418 ], [ -0.31112, 39.77439 ], [ -0.31143, 39.77442 ], [ -0.31159, 39.77427 ], [ -0.31217, 39.77456 ], [ -0.31257, 39.77436 ], [ -0.31252, 39.77483 ], [ -0.3114, 39.77511 ], [ -0.31037, 39.77569 ], [ -0.30996, 39.77572 ], [ -0.31029, 39.77523 ] ], [ [ -0.31458, 39.7764 ], [ -0.31512, 39.77643 ], [ -0.31535, 39.77674 ], [ -0.31459, 39.77679 ], [ -0.315, 39.77723 ], [ -0.31438, 39.77789 ], [ -0.3139, 39.77732 ], [ -0.31458, 39.7764 ] ], [ [ -0.30522, 39.75986 ], [ -0.30482, 39.75989 ], [ -0.3044, 39.76008 ], [ -0.30387, 39.7601 ], [ -0.30347, 39.75979 ], [ -0.30323, 39.7598 ], [ -0.30356, 39.7595 ], [ -0.30387, 39.7594 ], [ -0.3041, 39.75949 ], [ -0.30381, 39.75961 ], [ -0.30413, 39.75982 ], [ -0.30468, 39.75974 ], [ -0.30543, 39.75939 ], [ -0.30522, 39.75986 ] ], [ [ -0.29868, 39.75951 ], [ -0.29828, 39.7593 ], [ -0.29841, 39.75892 ], [ -0.29841, 39.75851 ], [ -0.29884, 39.75845 ], [ -0.29906, 39.75907 ], [ -0.29868, 39.75951 ] ], [ [ -0.31111, 39.75291 ], [ -0.31123, 39.75303 ], [ -0.31103, 39.75322 ], [ -0.31105, 39.75372 ], [ -0.31038, 39.7537 ], [ -0.31035, 39.75349 ], [ -0.31059, 39.75323 ], [ -0.31074, 39.75199 ], [ -0.31111, 39.75203 ], [ -0.31111, 39.75291 ] ] ] } },
{ "type": "Feature", "properties": { "denominacion": " ", "num_up": " ", "municipio": "SAGUNT / SAGUNTO", "owner": 4, "owner_label": "Enclavado privado en monte público", "hectareas": 3.14523563 }, "geometry": { "type": "Polygon", "coordinates": [ [ [ -0.31386, 39.76976 ], [ -0.31397, 39.77034 ], [ -0.31357, 39.77063 ], [ -0.31329, 39.77028 ], [ -0.31359, 39.76934 ], [ -0.31328, 39.76926 ], [ -0.31301, 39.76976 ], [ -0.31258, 39.7698 ], [ -0.31227, 39.76995 ], [ -0.31199, 39.77026 ], [ -0.31196, 39.77067 ], [ -0.31327, 39.77067 ], [ -0.31371, 39.77098 ], [ -0.31384, 39.77123 ], [ -0.31421, 39.77103 ], [ -0.31467, 39.77155 ], [ -0.31421, 39.77231 ], [ -0.31588, 39.77156 ], [ -0.31578, 39.77145 ], [ -0.31531, 39.7715 ], [ -0.31472, 39.77094 ], [ -0.31508, 39.77071 ], [ -0.3147, 39.77033 ], [ -0.31417, 39.77017 ], [ -0.31433, 39.7699 ], [ -0.31386, 39.76976 ] ] ] } },
{ "type": "Feature", "properties": { "denominacion": " ", "num_up": " ", "municipio": "SAGUNT / SAGUNTO", "owner": 4, "owner_label": "Enclavado privado en monte público", "hectareas": 1.83413452 }, "geometry": { "type": "Polygon", "coordinates": [ [ [ -0.31019, 39.7748 ], [ -0.31029, 39.77523 ], [ -0.30996, 39.77572 ], [ -0.31037, 39.77569 ], [ -0.3114, 39.77511 ], [ -0.31252, 39.77483 ], [ -0.31257, 39.77436 ], [ -0.31217, 39.77456 ], [ -0.31159, 39.77427 ], [ -0.31143, 39.77442 ], [ -0.31112, 39.77439 ], [ -0.31081, 39.77418 ], [ -0.31052, 39.77425 ], [ -0.31049, 39.77444 ], [ -0.31019, 39.7748 ] ] ] } },
{ "type": "Feature", "properties": { "denominacion": " ", "num_up": " ", "municipio": "SAGUNT / SAGUNTO", "owner": 4, "owner_label": "Enclavado privado en monte público", "hectareas": 0.03471974 }, "geometry": { "type": "Polygon", "coordinates": [ [ [ -0.3129, 39.78553 ], [ -0.31267, 39.78553 ], [ -0.31266, 39.78569 ], [ -0.3129, 39.78569 ], [ -0.3129, 39.78553 ] ] ] } },
{ "type": "Feature", "properties": { "denominacion": " ", "num_up": " ", "municipio": "SAGUNT / SAGUNTO", "owner": 4, "owner_label": "Enclavado privado en monte público", "hectareas": 1.4338872 }, "geometry": { "type": "Polygon", "coordinates": [ [ [ -0.31028, 39.76634 ], [ -0.31044, 39.76734 ], [ -0.31068, 39.76719 ], [ -0.31112, 39.76727 ], [ -0.31132, 39.76789 ], [ -0.31164, 39.76787 ], [ -0.31205, 39.76727 ], [ -0.31166, 39.76735 ], [ -0.31143, 39.76701 ], [ -0.31161, 39.76684 ], [ -0.31196, 39.76689 ], [ -0.31202, 39.76669 ], [ -0.31128, 39.76643 ], [ -0.31065, 39.76637 ], [ -0.31039, 39.76616 ], [ -0.31028, 39.76634 ] ] ] } },
{ "type": "Feature", "properties": { "denominacion": " ", "num_up": " ", "municipio": "SAGUNT / SAGUNTO", "owner": 4, "owner_label": "Enclavado privado en monte público", "hectareas": 0.62626831 }, "geometry": { "type": "Polygon", "coordinates": [ [ [ -0.30323, 39.7598 ], [ -0.30347, 39.75979 ], [ -0.30387, 39.7601 ], [ -0.3044, 39.76008 ], [ -0.30482, 39.75989 ], [ -0.30522, 39.75986 ], [ -0.30543, 39.75939 ], [ -0.30468, 39.75974 ], [ -0.30413, 39.75982 ], [ -0.30381, 39.75961 ], [ -0.3041, 39.75949 ], [ -0.30387, 39.7594 ], [ -0.30356, 39.7595 ], [ -0.30323, 39.7598 ] ] ] } },
{ "type": "Feature", "properties": { "denominacion": " ", "num_up": " ", "municipio": "SAGUNT / SAGUNTO", "owner": 4, "owner_label": "Enclavado privado en monte público", "hectareas": 1.04974643 }, "geometry": { "type": "Polygon", "coordinates": [ [ [ -0.29355, 39.7684 ], [ -0.29438, 39.76862 ], [ -0.29525, 39.76803 ], [ -0.29488, 39.76791 ], [ -0.29473, 39.7674 ], [ -0.29449, 39.76724 ], [ -0.29355, 39.7684 ] ] ] } },
{ "type": "Feature", "properties": { "denominacion": " ", "num_up": " ", "municipio": "SAGUNT / SAGUNTO", "owner": 4, "owner_label": "Enclavado privado en monte público", "hectareas": 1.39855002 }, "geometry": { "type": "Polygon", "coordinates": [ [ [ -0.28992, 39.76784 ], [ -0.29028, 39.76805 ], [ -0.29048, 39.76845 ], [ -0.29138, 39.76796 ], [ -0.29155, 39.76717 ], [ -0.2914, 39.76669 ], [ -0.29026, 39.76757 ], [ -0.29024, 39.76733 ], [ -0.29011, 39.76732 ], [ -0.28992, 39.76784 ] ] ] } },
{ "type": "Feature", "properties": { "denominacion": " ", "num_up": " ", "municipio": "SAGUNT / SAGUNTO", "owner": 4, "owner_label": "Enclavado privado en monte público", "hectareas": 0.25934201 }, "geometry": { "type": "Polygon", "coordinates": [ [ [ -0.30977, 39.7681 ], [ -0.31103, 39.76791 ], [ -0.3112, 39.76832 ], [ -0.31144, 39.76824 ], [ -0.31125, 39.76796 ], [ -0.31105, 39.76785 ], [ -0.31101, 39.76763 ], [ -0.30977, 39.7681 ] ] ] } },
{ "type": "Feature", "properties": { "denominacion": " ", "num_up": " ", "municipio": "SAGUNT / SAGUNTO", "owner": 4, "owner_label": "Enclavado privado en monte público", "hectareas": 0.71809083 }, "geometry": { "type": "Polygon", "coordinates": [ [ [ -0.3046, 39.77115 ], [ -0.30468, 39.77139 ], [ -0.30517, 39.7709 ], [ -0.30558, 39.77096 ], [ -0.3059, 39.77088 ], [ -0.30588, 39.77073 ], [ -0.30558, 39.77055 ], [ -0.3053, 39.77016 ], [ -0.30484, 39.77018 ], [ -0.30483, 39.77049 ], [ -0.3046, 39.77115 ] ] ] } },
{ "type": "Feature", "properties": { "denominacion": " ", "num_up": " ", "municipio": "SAGUNT / SAGUNTO", "owner": 4, "owner_label": "Enclavado privado en monte público", "hectareas": 0.34258648 }, "geometry": { "type": "Polygon", "coordinates": [ [ [ -0.30247, 39.77415 ], [ -0.30284, 39.77427 ], [ -0.3033, 39.77438 ], [ -0.30305, 39.77358 ], [ -0.30269, 39.77376 ], [ -0.30247, 39.77415 ] ] ] } },
{ "type": "Feature", "properties": { "denominacion": " ", "num_up": " ", "municipio": "SAGUNT / SAGUNTO", "owner": 4, "owner_label": "Enclavado privado en monte público", "hectareas": 0.32137963 }, "geometry": { "type": "Polygon", "coordinates": [ [ [ -0.30684, 39.77332 ], [ -0.30686, 39.7741 ], [ -0.30653, 39.7747 ], [ -0.30673, 39.77476 ], [ -0.30724, 39.77397 ], [ -0.30684, 39.77332 ] ] ] } },
{ "type": "Feature", "properties": { "denominacion": " ", "num_up": " ", "municipio": "SAGUNT / SAGUNTO", "owner": 4, "owner_label": "Enclavado privado en monte público", "hectareas": 4.79364533 }, "geometry": { "type": "Polygon", "coordinates": [ [ [ -0.31247, 39.78814 ], [ -0.31336, 39.78788 ], [ -0.31398, 39.78732 ], [ -0.31368, 39.78717 ], [ -0.31372, 39.7869 ], [ -0.31402, 39.78678 ], [ -0.31397, 39.78656 ], [ -0.31356, 39.78651 ], [ -0.313, 39.78749 ], [ -0.31267, 39.78738 ], [ -0.31192, 39.78783 ], [ -0.31127, 39.78841 ], [ -0.30994, 39.78987 ], [ -0.30893, 39.79046 ], [ -0.30796, 39.79047 ], [ -0.30752, 39.79067 ], [ -0.30736, 39.79108 ], [ -0.30792, 39.79106 ], [ -0.30836, 39.79114 ], [ -0.30886, 39.79192 ], [ -0.3091, 39.79138 ], [ -0.30925, 39.79064 ], [ -0.30949, 39.79035 ], [ -0.31031, 39.79031 ], [ -0.31044, 39.78968 ], [ -0.31114, 39.78941 ], [ -0.31291, 39.78835 ], [ -0.31247, 39.78814 ] ] ] } },
{ "type": "Feature", "properties": { "denominacion": " ", "num_up": " ", "municipio": "SAGUNT / SAGUNTO", "owner": 4, "owner_label": "Enclavado privado en monte público", "hectareas": 2.27818981 }, "geometry": { "type": "Polygon", "coordinates": [ [ [ -0.28925, 39.76807 ], [ -0.28871, 39.76824 ], [ -0.28802, 39.76816 ], [ -0.28779, 39.76829 ], [ -0.28799, 39.76902 ], [ -0.2894, 39.76897 ], [ -0.28999, 39.76867 ], [ -0.28998, 39.76807 ], [ -0.2897, 39.76776 ], [ -0.28987, 39.76695 ], [ -0.28932, 39.7671 ], [ -0.28897, 39.76757 ], [ -0.28925, 39.76807 ] ] ] } },
{ "type": "Feature", "properties": { "denominacion": "BONILLES Y OTROS", "num_up": "V131", "municipio": "SAGUNT / SAGUNTO", "owner": 1, "owner_label": "Utilidad pública · Ayuntamiento", "hectareas": 167.87333093000001 }, "geometry": { "type": "Polygon", "coordinates": [ [ [ -0.27832, 39.77129 ], [ -0.2822, 39.77476 ], [ -0.28428, 39.77559 ], [ -0.28483, 39.77561 ], [ -0.28482, 39.7753 ], [ -0.28466, 39.77507 ], [ -0.28524, 39.77495 ], [ -0.28515, 39.77409 ], [ -0.2855, 39.77379 ], [ -0.28471, 39.77365 ], [ -0.2844, 39.77327 ], [ -0.28525, 39.77257 ], [ -0.28483, 39.77222 ], [ -0.28482, 39.77192 ], [ -0.28443, 39.77163 ], [ -0.28439, 39.77144 ], [ -0.28343, 39.77074 ], [ -0.28264, 39.77076 ], [ -0.28263, 39.77049 ], [ -0.28355, 39.7704 ], [ -0.28442, 39.77086 ], [ -0.28486, 39.771 ], [ -0.28506, 39.77085 ], [ -0.28556, 39.77089 ], [ -0.28569, 39.77149 ], [ -0.28584, 39.77174 ], [ -0.28607, 39.77153 ], [ -0.28745, 39.77213 ], [ -0.28707, 39.77272 ], [ -0.28703, 39.77339 ], [ -0.28629, 39.77346 ], [ -0.2858, 39.7736 ], [ -0.28585, 39.77402 ], [ -0.28624, 39.77388 ], [ -0.28696, 39.77453 ], [ -0.2872, 39.77455 ], [ -0.28829, 39.7742 ], [ -0.28872, 39.77436 ], [ -0.2891, 39.77406 ], [ -0.28975, 39.77388 ], [ -0.28996, 39.77344 ], [ -0.29104, 39.77341 ], [ -0.29048, 39.773 ], [ -0.29079, 39.77278 ], [ -0.2903, 39.77204 ], [ -0.29057, 39.77187 ], [ -0.29139, 39.77179 ], [ -0.29226, 39.77122 ], [ -0.292, 39.77089 ], [ -0.29205, 39.77057 ], [ -0.29266, 39.77033 ], [ -0.29324, 39.77024 ], [ -0.29348, 39.76996 ], [ -0.29341, 39.76975 ], [ -0.29382, 39.76967 ], [ -0.29392, 39.76993 ], [ -0.29369, 39.76999 ], [ -0.29398, 39.77026 ], [ -0.29425, 39.77091 ], [ -0.29417, 39.77145 ], [ -0.29509, 39.77177 ], [ -0.29524, 39.77137 ], [ -0.29581, 39.77114 ], [ -0.29588, 39.77084 ], [ -0.29548, 39.7706 ], [ -0.29594, 39.77036 ], [ -0.29625, 39.77033 ], [ -0.29626, 39.76978 ], [ -0.29647, 39.76901 ], [ -0.29679, 39.76877 ], [ -0.2965, 39.76836 ], [ -0.29592, 39.76784 ], [ -0.29575, 39.7675 ], [ -0.29601, 39.76727 ], [ -0.29627, 39.76732 ], [ -0.297, 39.76822 ], [ -0.29716, 39.76824 ], [ -0.29731, 39.7685 ], [ -0.29716, 39.76869 ], [ -0.29783, 39.76947 ], [ -0.29872, 39.77018 ], [ -0.29929, 39.77022 ], [ -0.29944, 39.76994 ], [ -0.29929, 39.76957 ], [ -0.29959, 39.76919 ], [ -0.2997, 39.76972 ], [ -0.29993, 39.76994 ], [ -0.29984, 39.76953 ], [ -0.29983, 39.76891 ], [ -0.29918, 39.76909 ], [ -0.2989, 39.7686 ], [ -0.29848, 39.76856 ], [ -0.29771, 39.76814 ], [ -0.29754, 39.76779 ], [ -0.29735, 39.76767 ], [ -0.29691, 39.76654 ], [ -0.29716, 39.76615 ], [ -0.29743, 39.76639 ], [ -0.29769, 39.76639 ], [ -0.2979, 39.7662 ], [ -0.29782, 39.76582 ], [ -0.29842, 39.76579 ], [ -0.29849, 39.76547 ], [ -0.29874, 39.76553 ], [ -0.29929, 39.76526 ], [ -0.29911, 39.76498 ], [ -0.29954, 39.76492 ], [ -0.2994, 39.76407 ], [ -0.29909, 39.76409 ], [ -0.29867, 39.76357 ], [ -0.29835, 39.76332 ], [ -0.29774, 39.76368 ], [ -0.29811, 39.76305 ], [ -0.29805, 39.76244 ], [ -0.29742, 39.76168 ], [ -0.29614, 39.76175 ], [ -0.29473, 39.76119 ], [ -0.29352, 39.76145 ], [ -0.29318, 39.76141 ], [ -0.29288, 39.76105 ], [ -0.29246, 39.76115 ], [ -0.29223, 39.76089 ], [ -0.29242, 39.76048 ], [ -0.29326, 39.76024 ], [ -0.29314, 39.7599 ], [ -0.29247, 39.75985 ], [ -0.29244, 39.75967 ], [ -0.29221, 39.75957 ], [ -0.29139, 39.75945 ], [ -0.29053, 39.759 ], [ -0.29086, 39.75936 ], [ -0.29041, 39.75938 ], [ -0.29024, 39.75928 ], [ -0.28979, 39.75932 ], [ -0.28981, 39.75954 ], [ -0.29022, 39.75956 ], [ -0.29039, 39.75975 ], [ -0.29066, 39.75984 ], [ -0.29072, 39.76021 ], [ -0.29049, 39.76066 ], [ -0.29041, 39.761 ], [ -0.29056, 39.76149 ], [ -0.29068, 39.76161 ], [ -0.29068, 39.76195 ], [ -0.29041, 39.76223 ], [ -0.29045, 39.76266 ], [ -0.2896, 39.76262 ], [ -0.28909, 39.76276 ], [ -0.28822, 39.76315 ], [ -0.28783, 39.76344 ], [ -0.28785, 39.76358 ], [ -0.28697, 39.76382 ], [ -0.2866, 39.76415 ], [ -0.28481, 39.76501 ], [ -0.28358, 39.76513 ], [ -0.28127, 39.76728 ], [ -0.28078, 39.76694 ], [ -0.2798, 39.76749 ], [ -0.2786, 39.76762 ], [ -0.27775, 39.76713 ], [ -0.27749, 39.76732 ], [ -0.27656, 39.76757 ], [ -0.27706, 39.77058 ], [ -0.27832, 39.77129 ] ], [ [ -0.28999, 39.76867 ], [ -0.2894, 39.76897 ], [ -0.28799, 39.76902 ], [ -0.28779, 39.76829 ], [ -0.28802, 39.76816 ], [ -0.28871, 39.76824 ], [ -0.28925, 39.76807 ], [ -0.28897, 39.76757 ], [ -0.28932, 39.7671 ], [ -0.28987, 39.76695 ], [ -0.2897, 39.76776 ], [ -0.28998, 39.76807 ], [ -0.28999, 39.76867 ] ], [ [ -0.2914, 39.76669 ], [ -0.29155, 39.76717 ], [ -0.29138, 39.76796 ], [ -0.29048, 39.76845 ], [ -0.29028, 39.76805 ], [ -0.28992, 39.76784 ], [ -0.29011, 39.76732 ], [ -0.29024, 39.76733 ], [ -0.29026, 39.76757 ], [ -0.2914, 39.76669 ] ], [ [ -0.29355, 39.7684 ], [ -0.29449, 39.76724 ], [ -0.29473, 39.7674 ], [ -0.29488, 39.76791 ], [ -0.29525, 39.76803 ], [ -0.29438, 39.76862 ], [ -0.29355, 39.7684 ] ], [ [ -0.29121, 39.76616 ], [ -0.29153, 39.76561 ], [ -0.29149, 39.76538 ], [ -0.29197, 39.76489 ], [ -0.29277, 39.76473 ], [ -0.29274, 39.76494 ], [ -0.29189, 39.76521 ], [ -0.29169, 39.76589 ], [ -0.29121, 39.76616 ] ] ] } },
{ "type": "Feature", "properties": { "denominacion": " ", "num_up": " ", "municipio": "SAGUNT / SAGUNTO", "owner": 4, "owner_label": "Enclavado privado en monte público", "hectareas": 0.51282813 }, "geometry": { "type": "Polygon", "coordinates": [ [ [ -0.29828, 39.7593 ], [ -0.29868, 39.75951 ], [ -0.29906, 39.75907 ], [ -0.29884, 39.75845 ], [ -0.29841, 39.75851 ], [ -0.29841, 39.75892 ], [ -0.29828, 39.7593 ] ] ] } },
{ "type": "Feature", "properties": { "denominacion": "BONILLES Y OTROS", "num_up": "V131", "municipio": "SAGUNT / SAGUNTO", "owner": 1, "owner_label": "Utilidad pública · Ayuntamiento", "hectareas": 146.53149904 }, "geometry": { "type": "Polygon", "coordinates": [ [ [ -0.31873, 39.78661 ], [ -0.31865, 39.78613 ], [ -0.31834, 39.78595 ], [ -0.31744, 39.78624 ], [ -0.31681, 39.78615 ], [ -0.31657, 39.78667 ], [ -0.31599, 39.78628 ], [ -0.31585, 39.78527 ], [ -0.31618, 39.7853 ], [ -0.3162, 39.78481 ], [ -0.31545, 39.78479 ], [ -0.3155, 39.7843 ], [ -0.31628, 39.7845 ], [ -0.31635, 39.78382 ], [ -0.31584, 39.78393 ], [ -0.31546, 39.78421 ], [ -0.31528, 39.78399 ], [ -0.31482, 39.78434 ], [ -0.3144, 39.78516 ], [ -0.31332, 39.78513 ], [ -0.31399, 39.78426 ], [ -0.31399, 39.78392 ], [ -0.31248, 39.78371 ], [ -0.3123, 39.78417 ], [ -0.31181, 39.78379 ], [ -0.31035, 39.78385 ], [ -0.31045, 39.78421 ], [ -0.31101, 39.78438 ], [ -0.31137, 39.78504 ], [ -0.31154, 39.78556 ], [ -0.31231, 39.78473 ], [ -0.3127, 39.78479 ], [ -0.31269, 39.78519 ], [ -0.31213, 39.78564 ], [ -0.31218, 39.78641 ], [ -0.31186, 39.78657 ], [ -0.31121, 39.78606 ], [ -0.31119, 39.787 ], [ -0.31004, 39.78685 ], [ -0.30985, 39.78709 ], [ -0.30795, 39.78761 ], [ -0.30836, 39.78808 ], [ -0.3082, 39.78885 ], [ -0.30787, 39.78822 ], [ -0.30739, 39.78775 ], [ -0.30695, 39.7878 ], [ -0.30673, 39.78813 ], [ -0.30668, 39.78853 ], [ -0.30696, 39.7889 ], [ -0.30751, 39.78905 ], [ -0.30769, 39.78933 ], [ -0.30724, 39.78954 ], [ -0.30662, 39.78965 ], [ -0.307, 39.78909 ], [ -0.30635, 39.78907 ], [ -0.30648, 39.78886 ], [ -0.30628, 39.78829 ], [ -0.30591, 39.78805 ], [ -0.30563, 39.78761 ], [ -0.3059, 39.7875 ], [ -0.30644, 39.78786 ], [ -0.30637, 39.78732 ], [ -0.30585, 39.78656 ], [ -0.30503, 39.78595 ], [ -0.30465, 39.78621 ], [ -0.3046, 39.78659 ], [ -0.30481, 39.78723 ], [ -0.30513, 39.7872 ], [ -0.30521, 39.78748 ], [ -0.30527, 39.78848 ], [ -0.30519, 39.78853 ], [ -0.30466, 39.78744 ], [ -0.30415, 39.78843 ], [ -0.30443, 39.78879 ], [ -0.30434, 39.78906 ], [ -0.30404, 39.78924 ], [ -0.30306, 39.78898 ], [ -0.30272, 39.78943 ], [ -0.30272, 39.78981 ], [ -0.30401, 39.79173 ], [ -0.30367, 39.79195 ], [ -0.30388, 39.79222 ], [ -0.30871, 39.79708 ], [ -0.31315, 39.79877 ], [ -0.31501, 39.79719 ], [ -0.31553, 39.79636 ], [ -0.31408, 39.79607 ], [ -0.31573, 39.79571 ], [ -0.31801, 39.79542 ], [ -0.31834, 39.795 ], [ -0.31874, 39.7951 ], [ -0.31898, 39.79487 ], [ -0.31871, 39.79445 ], [ -0.31904, 39.79414 ], [ -0.31953, 39.79438 ], [ -0.32109, 39.79381 ], [ -0.32214, 39.79394 ], [ -0.32205, 39.79332 ], [ -0.32163, 39.79285 ], [ -0.32274, 39.79223 ], [ -0.32266, 39.79186 ], [ -0.32252, 39.79203 ], [ -0.32234, 39.79193 ], [ -0.32247, 39.79172 ], [ -0.32214, 39.79148 ], [ -0.32173, 39.79165 ], [ -0.32151, 39.79138 ], [ -0.32177, 39.79117 ], [ -0.32148, 39.79101 ], [ -0.32093, 39.79137 ], [ -0.32095, 39.79068 ], [ -0.32054, 39.79047 ], [ -0.3204, 39.79065 ], [ -0.3201, 39.79156 ], [ -0.31946, 39.79177 ], [ -0.31921, 39.79157 ], [ -0.31963, 39.79141 ], [ -0.31991, 39.79077 ], [ -0.31924, 39.79 ], [ -0.31924, 39.79075 ], [ -0.3181, 39.79054 ], [ -0.31816, 39.79028 ], [ -0.31782, 39.79028 ], [ -0.31781, 39.78981 ], [ -0.31873, 39.78958 ], [ -0.3194, 39.78953 ], [ -0.31956, 39.78929 ], [ -0.31935, 39.78917 ], [ -0.31855, 39.78908 ], [ -0.31796, 39.7886 ], [ -0.31793, 39.78808 ], [ -0.31771, 39.7878 ], [ -0.31838, 39.78808 ], [ -0.31866, 39.78768 ], [ -0.31846, 39.78709 ], [ -0.31873, 39.78661 ] ], [ [ -0.31782, 39.79264 ], [ -0.31814, 39.7922 ], [ -0.31879, 39.79181 ], [ -0.31921, 39.79195 ], [ -0.31867, 39.79212 ], [ -0.31782, 39.79264 ] ], [ [ -0.31247, 39.78814 ], [ -0.31291, 39.78835 ], [ -0.31114, 39.78941 ], [ -0.31044, 39.78968 ], [ -0.31031, 39.79031 ], [ -0.30949, 39.79035 ], [ -0.30925, 39.79064 ], [ -0.3091, 39.79138 ], [ -0.30886, 39.79192 ], [ -0.30836, 39.79114 ], [ -0.30792, 39.79106 ], [ -0.30736, 39.79108 ], [ -0.30752, 39.79067 ], [ -0.30796, 39.79047 ], [ -0.30893, 39.79046 ], [ -0.30994, 39.78987 ], [ -0.31127, 39.78841 ], [ -0.31192, 39.78783 ], [ -0.31267, 39.78738 ], [ -0.313, 39.78749 ], [ -0.31356, 39.78651 ], [ -0.31397, 39.78656 ], [ -0.31402, 39.78678 ], [ -0.31372, 39.7869 ], [ -0.31368, 39.78717 ], [ -0.31398, 39.78732 ], [ -0.31336, 39.78788 ], [ -0.31247, 39.78814 ] ], [ [ -0.3129, 39.78553 ], [ -0.3129, 39.78569 ], [ -0.31266, 39.78569 ], [ -0.31267, 39.78553 ], [ -0.3129, 39.78553 ] ] ] } },
{ "type": "Feature", "properties": { "denominacion": " ", "num_up": " ", "municipio": "SAGUNT / SAGUNTO", "owner": 4, "owner_label": "Enclavado privado en monte público", "hectareas": 0.4606753 }, "geometry": { "type": "Polygon", "coordinates": [ [ [ -0.29149, 39.76538 ], [ -0.29153, 39.76561 ], [ -0.29121, 39.76616 ], [ -0.29169, 39.76589 ], [ -0.29189, 39.76521 ], [ -0.29274, 39.76494 ], [ -0.29277, 39.76473 ], [ -0.29197, 39.76489 ], [ -0.29149, 39.76538 ] ] ] } },
{ "type": "Feature", "properties": { "denominacion": "BARRANC ROGET", "num_up": "CS127", "municipio": "LA VILAVELLA", "owner": 1, "owner_label": "Utilidad pública · Ayuntamiento", "hectareas": 1.585598 }, "geometry": { "type": "Polygon", "coordinates": [ [ [ -0.19219, 39.86421 ], [ -0.19169, 39.86404 ], [ -0.19133, 39.86421 ], [ -0.19105, 39.86385 ], [ -0.19027, 39.86392 ], [ -0.19016, 39.86408 ], [ -0.19025, 39.86464 ], [ -0.19064, 39.86503 ], [ -0.19088, 39.86477 ], [ -0.19198, 39.8648 ], [ -0.1925, 39.86459 ], [ -0.19258, 39.8645 ], [ -0.19219, 39.86421 ] ] ] } },
{ "type": "Feature", "properties": { "denominacion": " ", "num_up": " ", "municipio": "SONEJA", "owner": 4, "owner_label": "Enclavado privado en monte público", "hectareas": 2.14645173 }, "geometry": { "type": "Polygon", "coordinates": [ [ [ -0.37567, 39.80511 ], [ -0.37689, 39.80535 ], [ -0.3772, 39.80515 ], [ -0.37686, 39.80458 ], [ -0.37665, 39.80452 ], [ -0.37554, 39.80459 ], [ -0.37464, 39.80436 ], [ -0.37425, 39.80439 ], [ -0.37357, 39.80478 ], [ -0.37367, 39.80509 ], [ -0.37488, 39.80519 ], [ -0.37567, 39.80511 ] ] ] } },
{ "type": "Feature", "properties": { "denominacion": " ", "num_up": " ", "municipio": "SONEJA", "owner": 4, "owner_label": "Enclavado privado en monte público", "hectareas": 0.83787616 }, "geometry": { "type": "Polygon", "coordinates": [ [ [ -0.36813, 39.81754 ], [ -0.36804, 39.81786 ], [ -0.36829, 39.81794 ], [ -0.36849, 39.81824 ], [ -0.36812, 39.81857 ], [ -0.36883, 39.8189 ], [ -0.36911, 39.81868 ], [ -0.36931, 39.81827 ], [ -0.36898, 39.81807 ], [ -0.36851, 39.8176 ], [ -0.36813, 39.81754 ] ] ] } },
{ "type": "Feature", "properties": { "denominacion": " ", "num_up": " ", "municipio": "SONEJA", "owner": 4, "owner_label": "Enclavado privado en monte público", "hectareas": 2.49984781 }, "geometry": { "type": "Polygon", "coordinates": [ [ [ -0.36753, 39.81697 ], [ -0.36868, 39.81702 ], [ -0.36917, 39.81493 ], [ -0.36795, 39.81472 ], [ -0.36753, 39.81697 ] ] ] } },
{ "type": "Feature", "properties": { "denominacion": " ", "num_up": " ", "municipio": "SONEJA", "owner": 4, "owner_label": "Enclavado privado en monte público", "hectareas": 0.92203237 }, "geometry": { "type": "Polygon", "coordinates": [ [ [ -0.3685, 39.81246 ], [ -0.36922, 39.81238 ], [ -0.36966, 39.81223 ], [ -0.36976, 39.81172 ], [ -0.36972, 39.81158 ], [ -0.36995, 39.81137 ], [ -0.36982, 39.81126 ], [ -0.36958, 39.81145 ], [ -0.36937, 39.81148 ], [ -0.36916, 39.81177 ], [ -0.36865, 39.81176 ], [ -0.36853, 39.81164 ], [ -0.36839, 39.81176 ], [ -0.3685, 39.81246 ] ] ] } },
{ "type": "Feature", "properties": { "denominacion": " ", "num_up": " ", "municipio": "SONEJA", "owner": 4, "owner_label": "Enclavado privado en monte público", "hectareas": 1.75572052 }, "geometry": { "type": "Polygon", "coordinates": [ [ [ -0.35838, 39.81405 ], [ -0.35803, 39.8147 ], [ -0.3578, 39.81486 ], [ -0.35801, 39.81508 ], [ -0.35798, 39.81538 ], [ -0.35808, 39.81559 ], [ -0.35832, 39.81567 ], [ -0.3587, 39.81549 ], [ -0.3588, 39.81528 ], [ -0.35947, 39.81471 ], [ -0.35958, 39.81453 ], [ -0.35957, 39.81431 ], [ -0.35945, 39.81412 ], [ -0.3587, 39.81394 ], [ -0.35838, 39.81405 ] ] ] } },
{ "type": "Feature", "properties": { "denominacion": " ", "num_up": " ", "municipio": "SONEJA", "owner": 4, "owner_label": "Enclavado privado en monte público", "hectareas": 0.95839846 }, "geometry": { "type": "Polygon", "coordinates": [ [ [ -0.36195, 39.80327 ], [ -0.36221, 39.80318 ], [ -0.36231, 39.80278 ], [ -0.3619, 39.80245 ], [ -0.36174, 39.80215 ], [ -0.36149, 39.80214 ], [ -0.36077, 39.80303 ], [ -0.36195, 39.80327 ] ] ] } },
{ "type": "Feature", "properties": { "denominacion": " ", "num_up": " ", "municipio": "SONEJA", "owner": 4, "owner_label": "Enclavado privado en monte público", "hectareas": 0.88366688 }, "geometry": { "type": "Polygon", "coordinates": [ [ [ -0.35564, 39.80139 ], [ -0.3552, 39.80165 ], [ -0.35519, 39.80186 ], [ -0.35537, 39.80203 ], [ -0.35571, 39.80204 ], [ -0.35592, 39.80192 ], [ -0.35631, 39.80142 ], [ -0.35653, 39.80136 ], [ -0.35686, 39.80098 ], [ -0.35641, 39.80074 ], [ -0.35628, 39.80056 ], [ -0.35609, 39.80072 ], [ -0.35616, 39.80085 ], [ -0.35609, 39.80097 ], [ -0.35619, 39.80108 ], [ -0.35604, 39.80128 ], [ -0.35574, 39.80121 ], [ -0.35564, 39.80139 ] ] ] } },
{ "type": "Feature", "properties": { "denominacion": " ", "num_up": " ", "municipio": "SONEJA", "owner": 4, "owner_label": "Enclavado privado en monte público", "hectareas": 1.7142428 }, "geometry": { "type": "Polygon", "coordinates": [ [ [ -0.34164, 39.80202 ], [ -0.34179, 39.80231 ], [ -0.34215, 39.8026 ], [ -0.34381, 39.80341 ], [ -0.34479, 39.80355 ], [ -0.34482, 39.80323 ], [ -0.34464, 39.80306 ], [ -0.3419, 39.80192 ], [ -0.34164, 39.80202 ] ] ] } },
{ "type": "Feature", "properties": { "denominacion": " ", "num_up": " ", "municipio": "SONEJA", "owner": 4, "owner_label": "Enclavado privado en monte público", "hectareas": 0.79777233 }, "geometry": { "type": "Polygon", "coordinates": [ [ [ -0.33531, 39.80487 ], [ -0.33445, 39.80499 ], [ -0.33426, 39.80563 ], [ -0.33436, 39.80586 ], [ -0.33477, 39.80605 ], [ -0.3354, 39.80501 ], [ -0.33531, 39.80487 ] ] ] } },
{ "type": "Feature", "properties": { "denominacion": " ", "num_up": " ", "municipio": "SONEJA", "owner": 4, "owner_label": "Enclavado privado en monte público", "hectareas": 1.02761498 }, "geometry": { "type": "Polygon", "coordinates": [ [ [ -0.33618, 39.81109 ], [ -0.33678, 39.8111 ], [ -0.33686, 39.8106 ], [ -0.33587, 39.80993 ], [ -0.33526, 39.81039 ], [ -0.33618, 39.81109 ] ] ] } },
{ "type": "Feature", "properties": { "denominacion": " ", "num_up": " ", "municipio": "SONEJA", "owner": 4, "owner_label": "Enclavado privado en monte público", "hectareas": 0.40121197 }, "geometry": { "type": "Polygon", "coordinates": [ [ [ -0.38617, 39.8266 ], [ -0.3862, 39.82646 ], [ -0.38602, 39.82638 ], [ -0.38607, 39.82613 ], [ -0.38597, 39.82604 ], [ -0.3856, 39.82612 ], [ -0.38534, 39.82629 ], [ -0.38531, 39.82643 ], [ -0.38544, 39.82651 ], [ -0.38542, 39.8267 ], [ -0.38552, 39.82677 ], [ -0.38617, 39.8266 ] ] ] } },
{ "type": "Feature", "properties": { "denominacion": " ", "num_up": " ", "municipio": "SONEJA", "owner": 4, "owner_label": "Enclavado privado en monte público", "hectareas": 1.18271966 }, "geometry": { "type": "Polygon", "coordinates": [ [ [ -0.33364, 39.80954 ], [ -0.33337, 39.80981 ], [ -0.33435, 39.81015 ], [ -0.33494, 39.80998 ], [ -0.3348, 39.80949 ], [ -0.33489, 39.80909 ], [ -0.33437, 39.80899 ], [ -0.33391, 39.80928 ], [ -0.33356, 39.80911 ], [ -0.33343, 39.80926 ], [ -0.33364, 39.80954 ] ] ] } },
{ "type": "Feature", "properties": { "denominacion": " ", "num_up": " ", "municipio": "SONEJA", "owner": 4, "owner_label": "Enclavado privado en monte público", "hectareas": 0.47834109 }, "geometry": { "type": "Polygon", "coordinates": [ [ [ -0.32391, 39.81332 ], [ -0.32444, 39.81386 ], [ -0.32482, 39.81373 ], [ -0.32516, 39.8135 ], [ -0.32501, 39.81336 ], [ -0.32441, 39.81321 ], [ -0.32424, 39.81309 ], [ -0.32391, 39.81332 ] ] ] } },
{ "type": "Feature", "properties": { "denominacion": " ", "num_up": " ", "municipio": "SONEJA", "owner": 4, "owner_label": "Enclavado privado en monte público", "hectareas": 0.38370197 }, "geometry": { "type": "Polygon", "coordinates": [ [ [ -0.31859, 39.81214 ], [ -0.31839, 39.81231 ], [ -0.31883, 39.81249 ], [ -0.31914, 39.81237 ], [ -0.31929, 39.81214 ], [ -0.31902, 39.81182 ], [ -0.31877, 39.81184 ], [ -0.3185, 39.81175 ], [ -0.31859, 39.81214 ] ] ] } },
{ "type": "Feature", "properties": { "denominacion": " ", "num_up": " ", "municipio": "SONEJA", "owner": 4, "owner_label": "Enclavado privado en monte público", "hectareas": 0.18095123 }, "geometry": { "type": "Polygon", "coordinates": [ [ [ -0.33249, 39.82025 ], [ -0.33269, 39.82009 ], [ -0.33273, 39.81945 ], [ -0.33262, 39.81944 ], [ -0.33238, 39.81975 ], [ -0.33249, 39.82025 ] ] ] } },
{ "type": "Feature", "properties": { "denominacion": " ", "num_up": " ", "municipio": "SONEJA", "owner": 4, "owner_label": "Enclavado privado en monte público", "hectareas": 0.59899718 }, "geometry": { "type": "Polygon", "coordinates": [ [ [ -0.33124, 39.81972 ], [ -0.33102, 39.82039 ], [ -0.33138, 39.82048 ], [ -0.33205, 39.8205 ], [ -0.33209, 39.82006 ], [ -0.33151, 39.81971 ], [ -0.33124, 39.81972 ] ] ] } },
{ "type": "Feature", "properties": { "denominacion": " ", "num_up": " ", "municipio": "SONEJA", "owner": 4, "owner_label": "Enclavado privado en monte público", "hectareas": 0.8174859 }, "geometry": { "type": "Polygon", "coordinates": [ [ [ -0.32991, 39.81983 ], [ -0.32954, 39.82018 ], [ -0.32941, 39.82042 ], [ -0.32967, 39.82035 ], [ -0.33047, 39.82036 ], [ -0.33082, 39.81997 ], [ -0.3306, 39.81991 ], [ -0.33102, 39.81969 ], [ -0.33102, 39.81958 ], [ -0.33093, 39.8195 ], [ -0.3301, 39.81945 ], [ -0.32991, 39.81983 ] ] ] } },
{ "type": "Feature", "properties": { "denominacion": " ", "num_up": " ", "municipio": "SONEJA", "owner": 4, "owner_label": "Enclavado privado en monte público", "hectareas": 0.18503175 }, "geometry": { "type": "Polygon", "coordinates": [ [ [ -0.3289, 39.82006 ], [ -0.32911, 39.82014 ], [ -0.32919, 39.82 ], [ -0.32912, 39.81994 ], [ -0.3283, 39.81989 ], [ -0.32803, 39.81997 ], [ -0.328, 39.82009 ], [ -0.3289, 39.82006 ] ] ] } },
{ "type": "Feature", "properties": { "denominacion": " ", "num_up": " ", "municipio": "SONEJA", "owner": 4, "owner_label": "Enclavado privado en monte público", "hectareas": 1.15545875 }, "geometry": { "type": "Polygon", "coordinates": [ [ [ -0.32684, 39.81994 ], [ -0.32643, 39.82144 ], [ -0.32696, 39.82183 ], [ -0.32716, 39.82173 ], [ -0.3273, 39.82107 ], [ -0.32719, 39.82088 ], [ -0.32748, 39.8204 ], [ -0.32751, 39.81994 ], [ -0.3272, 39.81999 ], [ -0.32684, 39.81994 ] ] ] } },
{ "type": "Feature", "properties": { "denominacion": " ", "num_up": " ", "municipio": "SONEJA", "owner": 4, "owner_label": "Enclavado privado en monte público", "hectareas": 1.25009984 }, "geometry": { "type": "Polygon", "coordinates": [ [ [ -0.32334, 39.82311 ], [ -0.32383, 39.82328 ], [ -0.3247, 39.82313 ], [ -0.32521, 39.82315 ], [ -0.32494, 39.82251 ], [ -0.32391, 39.82252 ], [ -0.32301, 39.82238 ], [ -0.32319, 39.8229 ], [ -0.32334, 39.82311 ] ] ] } },
{ "type": "Feature", "properties": { "denominacion": " ", "num_up": " ", "municipio": "SONEJA", "owner": 4, "owner_label": "Enclavado privado en monte público", "hectareas": 0.26778283 }, "geometry": { "type": "Polygon", "coordinates": [ [ [ -0.31477, 39.82195 ], [ -0.31453, 39.82194 ], [ -0.31343, 39.82246 ], [ -0.31363, 39.82255 ], [ -0.31427, 39.82238 ], [ -0.31451, 39.82224 ], [ -0.31477, 39.82195 ] ] ] } },
{ "type": "Feature", "properties": { "denominacion": " ", "num_up": " ", "municipio": "SONEJA", "owner": 4, "owner_label": "Enclavado privado en monte público", "hectareas": 0.40626108 }, "geometry": { "type": "Polygon", "coordinates": [ [ [ -0.38535, 39.82567 ], [ -0.38527, 39.82576 ], [ -0.38526, 39.82606 ], [ -0.38619, 39.8259 ], [ -0.38626, 39.82539 ], [ -0.38535, 39.82567 ] ] ] } },
{ "type": "Feature", "properties": { "denominacion": " ", "num_up": " ", "municipio": "SONEJA", "owner": 4, "owner_label": "Enclavado privado en monte público", "hectareas": 0.31671957 }, "geometry": { "type": "Polygon", "coordinates": [ [ [ -0.31934, 39.80241 ], [ -0.31885, 39.80243 ], [ -0.31879, 39.80265 ], [ -0.31934, 39.80279 ], [ -0.31982, 39.80263 ], [ -0.31991, 39.80249 ], [ -0.31964, 39.8023 ], [ -0.31934, 39.80241 ] ] ] } },
{ "type": "Feature", "properties": { "denominacion": " ", "num_up": " ", "municipio": "SONEJA", "owner": 4, "owner_label": "Enclavado privado en monte público", "hectareas": 7.8976364 }, "geometry": { "type": "Polygon", "coordinates": [ [ [ -0.3157, 39.81692 ], [ -0.3163, 39.81706 ], [ -0.31683, 39.81678 ], [ -0.31724, 39.81677 ], [ -0.31702, 39.81612 ], [ -0.31685, 39.81575 ], [ -0.31661, 39.81547 ], [ -0.31656, 39.81522 ], [ -0.31629, 39.81516 ], [ -0.31607, 39.8153 ], [ -0.31588, 39.81529 ], [ -0.31585, 39.81507 ], [ -0.3157, 39.81493 ], [ -0.31547, 39.81528 ], [ -0.31495, 39.81577 ], [ -0.31486, 39.81541 ], [ -0.31506, 39.81479 ], [ -0.31494, 39.81479 ], [ -0.31383, 39.81372 ], [ -0.31373, 39.81379 ], [ -0.31311, 39.81373 ], [ -0.31293, 39.81423 ], [ -0.31284, 39.81509 ], [ -0.31324, 39.81559 ], [ -0.31275, 39.81579 ], [ -0.31271, 39.8159 ], [ -0.31301, 39.8165 ], [ -0.31352, 39.81649 ], [ -0.31367, 39.81662 ], [ -0.31405, 39.81667 ], [ -0.31516, 39.81659 ], [ -0.3157, 39.81692 ] ] ] } },
{ "type": "Feature", "properties": { "denominacion": " ", "num_up": " ", "municipio": "SONEJA", "owner": 4, "owner_label": "Enclavado privado en monte público", "hectareas": 1.55057708 }, "geometry": { "type": "Polygon", "coordinates": [ [ [ -0.31501, 39.81753 ], [ -0.31515, 39.8182 ], [ -0.31555, 39.8183 ], [ -0.31583, 39.81786 ], [ -0.31579, 39.81759 ], [ -0.31627, 39.81747 ], [ -0.31581, 39.81732 ], [ -0.31548, 39.81695 ], [ -0.31512, 39.81677 ], [ -0.31476, 39.81694 ], [ -0.31441, 39.81678 ], [ -0.31411, 39.81681 ], [ -0.3139, 39.81697 ], [ -0.314, 39.81721 ], [ -0.31421, 39.81735 ], [ -0.31441, 39.81762 ], [ -0.31462, 39.81773 ], [ -0.31469, 39.81726 ], [ -0.31501, 39.81753 ] ] ] } },
{ "type": "Feature", "properties": { "denominacion": " ", "num_up": " ", "municipio": "SONEJA", "owner": 4, "owner_label": "Enclavado privado en monte público", "hectareas": 0.25867678 }, "geometry": { "type": "Polygon", "coordinates": [ [ [ -0.31739, 39.81771 ], [ -0.3176, 39.81775 ], [ -0.31757, 39.81756 ], [ -0.31704, 39.81718 ], [ -0.31682, 39.81711 ], [ -0.31661, 39.81724 ], [ -0.31656, 39.81739 ], [ -0.31669, 39.81751 ], [ -0.31702, 39.81743 ], [ -0.31739, 39.81771 ] ] ] } },
{ "type": "Feature", "properties": { "denominacion": " ", "num_up": " ", "municipio": "SONEJA", "owner": 4, "owner_label": "Enclavado privado en monte público", "hectareas": 26.85171324 }, "geometry": { "type": "Polygon", "coordinates": [ [ [ -0.32114, 39.82113 ], [ -0.32182, 39.82121 ], [ -0.32176, 39.82081 ], [ -0.32187, 39.82048 ], [ -0.32252, 39.82048 ], [ -0.3234, 39.82072 ], [ -0.32415, 39.82065 ], [ -0.32449, 39.82051 ], [ -0.32495, 39.82029 ], [ -0.32511, 39.81994 ], [ -0.32438, 39.81992 ], [ -0.32433, 39.81976 ], [ -0.32526, 39.81985 ], [ -0.32547, 39.81914 ], [ -0.32481, 39.81905 ], [ -0.32474, 39.81879 ], [ -0.32423, 39.81882 ], [ -0.32341, 39.81918 ], [ -0.32334, 39.81948 ], [ -0.32317, 39.81962 ], [ -0.3217, 39.81965 ], [ -0.32159, 39.81951 ], [ -0.3216, 39.81934 ], [ -0.32133, 39.81904 ], [ -0.32094, 39.81911 ], [ -0.32057, 39.81884 ], [ -0.32062, 39.81862 ], [ -0.32104, 39.81877 ], [ -0.32125, 39.81866 ], [ -0.32131, 39.81838 ], [ -0.32159, 39.81828 ], [ -0.32181, 39.81851 ], [ -0.32242, 39.81872 ], [ -0.32317, 39.8185 ], [ -0.32387, 39.81877 ], [ -0.3245, 39.81842 ], [ -0.32522, 39.81874 ], [ -0.32555, 39.81862 ], [ -0.32567, 39.8188 ], [ -0.3262, 39.81869 ], [ -0.32706, 39.8183 ], [ -0.32714, 39.81877 ], [ -0.3277, 39.8185 ], [ -0.32761, 39.81816 ], [ -0.32735, 39.81776 ], [ -0.32721, 39.81784 ], [ -0.32672, 39.81773 ], [ -0.32467, 39.81698 ], [ -0.32384, 39.81676 ], [ -0.32267, 39.81682 ], [ -0.32257, 39.81696 ], [ -0.32141, 39.81691 ], [ -0.32046, 39.81665 ], [ -0.32047, 39.81638 ], [ -0.32064, 39.81636 ], [ -0.32062, 39.81611 ], [ -0.32057, 39.81586 ], [ -0.32037, 39.81584 ], [ -0.31991, 39.81631 ], [ -0.31942, 39.81655 ], [ -0.31916, 39.81658 ], [ -0.31933, 39.81721 ], [ -0.31926, 39.81734 ], [ -0.3185, 39.8168 ], [ -0.3186, 39.81668 ], [ -0.31844, 39.81654 ], [ -0.3181, 39.81649 ], [ -0.31798, 39.81659 ], [ -0.3181, 39.81669 ], [ -0.31804, 39.81687 ], [ -0.31818, 39.81692 ], [ -0.31819, 39.81727 ], [ -0.3179, 39.81765 ], [ -0.31796, 39.81767 ], [ -0.31777, 39.81797 ], [ -0.31796, 39.81803 ], [ -0.31783, 39.81818 ], [ -0.31762, 39.81812 ], [ -0.31753, 39.81818 ], [ -0.3175, 39.81848 ], [ -0.31732, 39.81835 ], [ -0.31681, 39.81858 ], [ -0.31653, 39.81778 ], [ -0.31549, 39.81851 ], [ -0.3162, 39.81856 ], [ -0.31607, 39.81889 ], [ -0.31598, 39.81893 ], [ -0.31609, 39.81907 ], [ -0.31642, 39.81916 ], [ -0.31679, 39.8194 ], [ -0.31715, 39.81927 ], [ -0.31725, 39.81929 ], [ -0.31719, 39.81942 ], [ -0.31749, 39.81942 ], [ -0.31786, 39.81917 ], [ -0.3179, 39.81955 ], [ -0.31855, 39.81968 ], [ -0.31967, 39.82025 ], [ -0.32024, 39.82026 ], [ -0.3202, 39.82069 ], [ -0.32077, 39.82077 ], [ -0.32096, 39.82069 ], [ -0.32114, 39.82113 ] ] ] } },
{ "type": "Feature", "properties": { "denominacion": " ", "num_up": " ", "municipio": "SONEJA", "owner": 4, "owner_label": "Enclavado privado en monte público", "hectareas": 0.44459782 }, "geometry": { "type": "Polygon", "coordinates": [ [ [ -0.38103, 39.80463 ], [ -0.38115, 39.80552 ], [ -0.38127, 39.80552 ], [ -0.3814, 39.80508 ], [ -0.38164, 39.80497 ], [ -0.38129, 39.80417 ], [ -0.38105, 39.80415 ], [ -0.38103, 39.80463 ] ] ] } },
{ "type": "Feature", "properties": { "denominacion": " ", "num_up": " ", "municipio": "SONEJA", "owner": 4, "owner_label": "Enclavado privado en monte público", "hectareas": 0.02923714 }, "geometry": { "type": "Polygon", "coordinates": [ [ [ -0.32102, 39.81656 ], [ -0.32086, 39.8165 ], [ -0.32077, 39.81662 ], [ -0.32097, 39.81671 ], [ -0.32102, 39.81656 ] ] ] } },
{ "type": "Feature", "properties": { "denominacion": " ", "num_up": " ", "municipio": "SONEJA", "owner": 4, "owner_label": "Enclavado privado en monte público", "hectareas": 0.3834919 }, "geometry": { "type": "Polygon", "coordinates": [ [ [ -0.38504, 39.82572 ], [ -0.3842, 39.82582 ], [ -0.38416, 39.82593 ], [ -0.38454, 39.82627 ], [ -0.38493, 39.82639 ], [ -0.3851, 39.82636 ], [ -0.38491, 39.82623 ], [ -0.38512, 39.82611 ], [ -0.38502, 39.82603 ], [ -0.38504, 39.82572 ] ] ] } },
{ "type": "Feature", "properties": { "denominacion": " ", "num_up": " ", "municipio": "SONEJA", "owner": 4, "owner_label": "Enclavado privado en monte público", "hectareas": 0.66107341 }, "geometry": { "type": "Polygon", "coordinates": [ [ [ -0.37971, 39.82372 ], [ -0.38041, 39.82356 ], [ -0.38044, 39.82344 ], [ -0.38057, 39.82335 ], [ -0.38055, 39.82324 ], [ -0.37975, 39.82291 ], [ -0.37957, 39.82296 ], [ -0.37921, 39.82325 ], [ -0.37923, 39.8234 ], [ -0.37971, 39.82372 ] ] ] } },
{ "type": "Feature", "properties": { "denominacion": " ", "num_up": " ", "municipio": "SONEJA", "owner": 4, "owner_label": "Enclavado privado en monte público", "hectareas": 0.32132261 }, "geometry": { "type": "Polygon", "coordinates": [ [ [ -0.38996, 39.81701 ], [ -0.39012, 39.81748 ], [ -0.39059, 39.81757 ], [ -0.39073, 39.81749 ], [ -0.39047, 39.81693 ], [ -0.39003, 39.81692 ], [ -0.38996, 39.81701 ] ] ] } },
{ "type": "Feature", "properties": { "denominacion": " ", "num_up": " ", "municipio": "SONEJA", "owner": 4, "owner_label": "Enclavado privado en monte público", "hectareas": 3.37127493 }, "geometry": { "type": "Polygon", "coordinates": [ [ [ -0.34446, 39.82138 ], [ -0.34537, 39.82153 ], [ -0.34567, 39.82175 ], [ -0.34695, 39.82216 ], [ -0.34717, 39.82232 ], [ -0.34756, 39.82216 ], [ -0.34833, 39.82208 ], [ -0.34829, 39.82183 ], [ -0.34844, 39.82136 ], [ -0.34777, 39.82136 ], [ -0.34778, 39.82127 ], [ -0.34696, 39.82099 ], [ -0.34653, 39.82107 ], [ -0.34621, 39.82088 ], [ -0.34594, 39.82095 ], [ -0.34604, 39.82079 ], [ -0.3459, 39.82066 ], [ -0.34542, 39.8206 ], [ -0.34521, 39.82064 ], [ -0.34524, 39.82089 ], [ -0.34459, 39.82092 ], [ -0.34446, 39.82138 ] ] ] } },
{ "type": "Feature", "properties": { "denominacion": " ", "num_up": " ", "municipio": "SONEJA", "owner": 4, "owner_label": "Enclavado privado en monte público", "hectareas": 0.02656514 }, "geometry": { "type": "Polygon", "coordinates": [ [ [ -0.38531, 39.81494 ], [ -0.3855, 39.815 ], [ -0.38558, 39.81489 ], [ -0.38539, 39.81481 ], [ -0.38531, 39.81494 ] ] ] } },
{ "type": "Feature", "properties": { "denominacion": " ", "num_up": " ", "municipio": "SONEJA", "owner": 4, "owner_label": "Enclavado privado en monte público", "hectareas": 0.92283513 }, "geometry": { "type": "Polygon", "coordinates": [ [ [ -0.38358, 39.81272 ], [ -0.38381, 39.81261 ], [ -0.38357, 39.81206 ], [ -0.38373, 39.81194 ], [ -0.38369, 39.81174 ], [ -0.38309, 39.81163 ], [ -0.38312, 39.8115 ], [ -0.38292, 39.81147 ], [ -0.3821, 39.81155 ], [ -0.38203, 39.81177 ], [ -0.38222, 39.81188 ], [ -0.38293, 39.81215 ], [ -0.38298, 39.81202 ], [ -0.38312, 39.81205 ], [ -0.38345, 39.81247 ], [ -0.38337, 39.81255 ], [ -0.3834, 39.81263 ], [ -0.38351, 39.81262 ], [ -0.38358, 39.81272 ] ] ] } },
{ "type": "Feature", "properties": { "denominacion": " ", "num_up": " ", "municipio": "SONEJA", "owner": 4, "owner_label": "Enclavado privado en monte público", "hectareas": 0.39716733 }, "geometry": { "type": "Polygon", "coordinates": [ [ [ -0.37812, 39.80897 ], [ -0.37801, 39.80958 ], [ -0.37833, 39.80983 ], [ -0.37892, 39.8094 ], [ -0.37823, 39.80898 ], [ -0.37812, 39.80897 ] ] ] } },
{ "type": "Feature", "properties": { "denominacion": "DEHESA Y CENTELLA", "num_up": "CS129", "municipio": "SONEJA", "owner": 1, "owner_label": "Utilidad pública · Ayuntamiento", "hectareas": 0.67307093 }, "geometry": { "type": "Polygon", "coordinates": [ [ [ -0.36745, 39.80375 ], [ -0.36698, 39.80394 ], [ -0.36737, 39.80432 ], [ -0.36781, 39.80433 ], [ -0.36807, 39.80443 ], [ -0.36853, 39.80429 ], [ -0.36852, 39.80394 ], [ -0.36777, 39.80376 ], [ -0.36745, 39.80375 ] ] ] } },
{ "type": "Feature", "properties": { "denominacion": "DEHESA Y CENTELLA", "num_up": "CS129", "municipio": "SONEJA", "owner": 1, "owner_label": "Utilidad pública · Ayuntamiento", "hectareas": 0.5212931 }, "geometry": { "type": "Polygon", "coordinates": [ [ [ -0.32192, 39.80405 ], [ -0.3221, 39.8041 ], [ -0.3224, 39.80447 ], [ -0.3227, 39.80454 ], [ -0.32303, 39.80443 ], [ -0.32292, 39.80438 ], [ -0.3228, 39.80411 ], [ -0.32233, 39.80376 ], [ -0.32229, 39.80364 ], [ -0.32183, 39.80362 ], [ -0.32192, 39.80405 ] ] ] } },
{ "type": "Feature", "properties": { "denominacion": "DEHESA Y CENTELLA", "num_up": "CS129", "municipio": "SONEJA", "owner": 1, "owner_label": "Utilidad pública · Ayuntamiento", "hectareas": 0.27542856 }, "geometry": { "type": "Polygon", "coordinates": [ [ [ -0.32006, 39.80428 ], [ -0.31943, 39.80434 ], [ -0.31987, 39.80466 ], [ -0.32042, 39.80477 ], [ -0.32054, 39.80469 ], [ -0.32006, 39.80428 ] ] ] } },
{ "type": "Feature", "properties": { "denominacion": "DEHESA Y CENTELLA", "num_up": "CS129", "municipio": "SONEJA", "owner": 1, "owner_label": "Utilidad pública · Ayuntamiento", "hectareas": 8.68507546 }, "geometry": { "type": "Polygon", "coordinates": [ [ [ -0.35445, 39.80591 ], [ -0.35478, 39.80598 ], [ -0.35485, 39.80591 ], [ -0.35529, 39.80596 ], [ -0.35548, 39.80589 ], [ -0.356, 39.80596 ], [ -0.35644, 39.80562 ], [ -0.35666, 39.80564 ], [ -0.3567, 39.8052 ], [ -0.35649, 39.80486 ], [ -0.35674, 39.80489 ], [ -0.35689, 39.80481 ], [ -0.35657, 39.80419 ], [ -0.35643, 39.80409 ], [ -0.3565, 39.80361 ], [ -0.35656, 39.80346 ], [ -0.35731, 39.80279 ], [ -0.35738, 39.80259 ], [ -0.35569, 39.80312 ], [ -0.3553, 39.80332 ], [ -0.35536, 39.80348 ], [ -0.35514, 39.80357 ], [ -0.3543, 39.80331 ], [ -0.35414, 39.80355 ], [ -0.35349, 39.80357 ], [ -0.35361, 39.80379 ], [ -0.3531, 39.80395 ], [ -0.35287, 39.80419 ], [ -0.35281, 39.80435 ], [ -0.35314, 39.80442 ], [ -0.35311, 39.80469 ], [ -0.35279, 39.80479 ], [ -0.35277, 39.80491 ], [ -0.35285, 39.80511 ], [ -0.35295, 39.80517 ], [ -0.35304, 39.80551 ], [ -0.35376, 39.80581 ], [ -0.35412, 39.80573 ], [ -0.35445, 39.80591 ] ] ] } },
{ "type": "Feature", "properties": { "denominacion": "DEHESA Y CENTELLA", "num_up": "CS129", "municipio": "SONEJA", "owner": 1, "owner_label": "Utilidad pública · Ayuntamiento", "hectareas": 40.79207704 }, "geometry": { "type": "Polygon", "coordinates": [ [ [ -0.36531, 39.80716 ], [ -0.36531, 39.80731 ], [ -0.36615, 39.8068 ], [ -0.36631, 39.80659 ], [ -0.36627, 39.80637 ], [ -0.36613, 39.80632 ], [ -0.36628, 39.80595 ], [ -0.3661, 39.80561 ], [ -0.36581, 39.80542 ], [ -0.36553, 39.80554 ], [ -0.3649, 39.80537 ], [ -0.36431, 39.80536 ], [ -0.36353, 39.8049 ], [ -0.36342, 39.80475 ], [ -0.36299, 39.80467 ], [ -0.3631, 39.80452 ], [ -0.36262, 39.80447 ], [ -0.36282, 39.80388 ], [ -0.36411, 39.80371 ], [ -0.36443, 39.80376 ], [ -0.36473, 39.80408 ], [ -0.36502, 39.80393 ], [ -0.36523, 39.80427 ], [ -0.36574, 39.80465 ], [ -0.36592, 39.80492 ], [ -0.36619, 39.80449 ], [ -0.36548, 39.80392 ], [ -0.3664, 39.80346 ], [ -0.36642, 39.80322 ], [ -0.36621, 39.80319 ], [ -0.36612, 39.80327 ], [ -0.36599, 39.80315 ], [ -0.36577, 39.80285 ], [ -0.36563, 39.80242 ], [ -0.36584, 39.8022 ], [ -0.36617, 39.80207 ], [ -0.36636, 39.80183 ], [ -0.36628, 39.80169 ], [ -0.36648, 39.80151 ], [ -0.36629, 39.80144 ], [ -0.36632, 39.80064 ], [ -0.36684, 39.80015 ], [ -0.36758, 39.80023 ], [ -0.36796, 39.80002 ], [ -0.36702, 39.79991 ], [ -0.36585, 39.79994 ], [ -0.36515, 39.80005 ], [ -0.36519, 39.79995 ], [ -0.36063, 39.80002 ], [ -0.35885, 39.79996 ], [ -0.3593, 39.80023 ], [ -0.35874, 39.80081 ], [ -0.35858, 39.80108 ], [ -0.35859, 39.80125 ], [ -0.35873, 39.8014 ], [ -0.35863, 39.80166 ], [ -0.35915, 39.80176 ], [ -0.35906, 39.80211 ], [ -0.35961, 39.80221 ], [ -0.35982, 39.8024 ], [ -0.35981, 39.80262 ], [ -0.35962, 39.80277 ], [ -0.35932, 39.80278 ], [ -0.3592, 39.80323 ], [ -0.35865, 39.80307 ], [ -0.35869, 39.80297 ], [ -0.35855, 39.80295 ], [ -0.35823, 39.80309 ], [ -0.35796, 39.80334 ], [ -0.35886, 39.80327 ], [ -0.35887, 39.80335 ], [ -0.35852, 39.80344 ], [ -0.35836, 39.80363 ], [ -0.35853, 39.80379 ], [ -0.35913, 39.8037 ], [ -0.3592, 39.80383 ], [ -0.359, 39.80405 ], [ -0.35894, 39.80446 ], [ -0.35863, 39.80448 ], [ -0.358, 39.80412 ], [ -0.35779, 39.80425 ], [ -0.35754, 39.80406 ], [ -0.35775, 39.80394 ], [ -0.35756, 39.80378 ], [ -0.3573, 39.80384 ], [ -0.35733, 39.804 ], [ -0.35709, 39.80442 ], [ -0.35732, 39.80487 ], [ -0.35784, 39.80472 ], [ -0.35823, 39.80516 ], [ -0.35868, 39.8054 ], [ -0.35902, 39.80554 ], [ -0.35985, 39.80563 ], [ -0.3599, 39.80575 ], [ -0.36083, 39.806 ], [ -0.36067, 39.80632 ], [ -0.36103, 39.80641 ], [ -0.36121, 39.80605 ], [ -0.36251, 39.80634 ], [ -0.36241, 39.80658 ], [ -0.36274, 39.80666 ], [ -0.36305, 39.8067 ], [ -0.36305, 39.8065 ], [ -0.36346, 39.80643 ], [ -0.36356, 39.80662 ], [ -0.36387, 39.80667 ], [ -0.36403, 39.80656 ], [ -0.36454, 39.80658 ], [ -0.36458, 39.80687 ], [ -0.36436, 39.80699 ], [ -0.36437, 39.80724 ], [ -0.36484, 39.80725 ], [ -0.36494, 39.80712 ], [ -0.36521, 39.80709 ], [ -0.36531, 39.80716 ] ], [ [ -0.36195, 39.80327 ], [ -0.36077, 39.80303 ], [ -0.36149, 39.80214 ], [ -0.36174, 39.80215 ], [ -0.3619, 39.80245 ], [ -0.36231, 39.80278 ], [ -0.36221, 39.80318 ], [ -0.36195, 39.80327 ] ] ] } },
{ "type": "Feature", "properties": { "denominacion": "DEHESA Y CENTELLA", "num_up": "CS129", "municipio": "SONEJA", "owner": 1, "owner_label": "Utilidad pública · Ayuntamiento", "hectareas": 50.52741972 }, "geometry": { "type": "Polygon", "coordinates": [ [ [ -0.34421, 39.80157 ], [ -0.34361, 39.80181 ], [ -0.34322, 39.80181 ], [ -0.34254, 39.8014 ], [ -0.34132, 39.80122 ], [ -0.3412, 39.80135 ], [ -0.34082, 39.80122 ], [ -0.34075, 39.80093 ], [ -0.33935, 39.80062 ], [ -0.33938, 39.8003 ], [ -0.33952, 39.80023 ], [ -0.34007, 39.80039 ], [ -0.34038, 39.80038 ], [ -0.34038, 39.80023 ], [ -0.33965, 39.80004 ], [ -0.33948, 39.79989 ], [ -0.33944, 39.79974 ], [ -0.33871, 39.79997 ], [ -0.33882, 39.80001 ], [ -0.33867, 39.80017 ], [ -0.33822, 39.8002 ], [ -0.33812, 39.80012 ], [ -0.33657, 39.80043 ], [ -0.33659, 39.80054 ], [ -0.33641, 39.80047 ], [ -0.33628, 39.80064 ], [ -0.3364, 39.80061 ], [ -0.33639, 39.80086 ], [ -0.33596, 39.80103 ], [ -0.33599, 39.80115 ], [ -0.33616, 39.80116 ], [ -0.33623, 39.80124 ], [ -0.33596, 39.8014 ], [ -0.33538, 39.80136 ], [ -0.33532, 39.80113 ], [ -0.33539, 39.8009 ], [ -0.33339, 39.80134 ], [ -0.33262, 39.80135 ], [ -0.33279, 39.80173 ], [ -0.33273, 39.80177 ], [ -0.3325, 39.80156 ], [ -0.33244, 39.80179 ], [ -0.3326, 39.80188 ], [ -0.33179, 39.80286 ], [ -0.33162, 39.80323 ], [ -0.33177, 39.80329 ], [ -0.33183, 39.80359 ], [ -0.33159, 39.80362 ], [ -0.33138, 39.80353 ], [ -0.33135, 39.80396 ], [ -0.33178, 39.80399 ], [ -0.33198, 39.80389 ], [ -0.33233, 39.80439 ], [ -0.33286, 39.80441 ], [ -0.33338, 39.80458 ], [ -0.33372, 39.80457 ], [ -0.33391, 39.80548 ], [ -0.33363, 39.80551 ], [ -0.33341, 39.805 ], [ -0.33271, 39.8048 ], [ -0.33248, 39.80487 ], [ -0.33225, 39.80453 ], [ -0.33203, 39.80457 ], [ -0.33215, 39.80501 ], [ -0.33244, 39.80527 ], [ -0.3328, 39.80535 ], [ -0.33282, 39.80563 ], [ -0.33308, 39.80602 ], [ -0.33345, 39.80636 ], [ -0.33336, 39.80651 ], [ -0.33362, 39.80687 ], [ -0.33376, 39.80686 ], [ -0.33424, 39.80637 ], [ -0.33457, 39.80641 ], [ -0.33451, 39.80687 ], [ -0.33484, 39.80682 ], [ -0.33471, 39.80678 ], [ -0.335, 39.80628 ], [ -0.33501, 39.80598 ], [ -0.33582, 39.8058 ], [ -0.33572, 39.80573 ], [ -0.33562, 39.80545 ], [ -0.33566, 39.80541 ], [ -0.33695, 39.80528 ], [ -0.337, 39.80563 ], [ -0.33848, 39.8057 ], [ -0.33872, 39.80565 ], [ -0.33856, 39.80506 ], [ -0.34012, 39.8045 ], [ -0.34027, 39.80491 ], [ -0.34086, 39.80487 ], [ -0.34092, 39.80448 ], [ -0.34128, 39.8045 ], [ -0.34138, 39.80461 ], [ -0.3414, 39.80548 ], [ -0.34221, 39.80563 ], [ -0.34387, 39.80566 ], [ -0.34458, 39.80515 ], [ -0.34395, 39.80494 ], [ -0.34355, 39.80493 ], [ -0.34343, 39.80474 ], [ -0.34318, 39.80464 ], [ -0.34308, 39.80483 ], [ -0.34284, 39.80499 ], [ -0.34255, 39.80494 ], [ -0.34159, 39.80448 ], [ -0.34171, 39.80411 ], [ -0.34211, 39.80389 ], [ -0.34223, 39.80392 ], [ -0.34249, 39.8042 ], [ -0.34327, 39.80463 ], [ -0.34378, 39.80396 ], [ -0.34325, 39.80404 ], [ -0.34265, 39.80391 ], [ -0.34256, 39.8038 ], [ -0.34227, 39.80373 ], [ -0.34216, 39.80354 ], [ -0.34185, 39.80359 ], [ -0.34184, 39.80348 ], [ -0.34142, 39.80337 ], [ -0.34115, 39.80315 ], [ -0.34119, 39.80285 ], [ -0.34242, 39.80295 ], [ -0.34266, 39.80305 ], [ -0.34281, 39.80338 ], [ -0.34312, 39.80368 ], [ -0.3434, 39.80377 ], [ -0.34508, 39.80391 ], [ -0.34529, 39.8037 ], [ -0.34584, 39.80377 ], [ -0.34504, 39.80473 ], [ -0.34491, 39.80472 ], [ -0.34463, 39.8051 ], [ -0.34546, 39.80532 ], [ -0.34565, 39.80508 ], [ -0.34556, 39.8045 ], [ -0.3456, 39.80435 ], [ -0.34574, 39.80433 ], [ -0.34581, 39.80403 ], [ -0.34613, 39.80371 ], [ -0.3467, 39.80357 ], [ -0.34652, 39.80322 ], [ -0.34599, 39.80277 ], [ -0.34592, 39.80253 ], [ -0.34529, 39.80208 ], [ -0.34457, 39.80189 ], [ -0.34421, 39.80157 ] ], [ [ -0.3419, 39.80192 ], [ -0.34464, 39.80306 ], [ -0.34482, 39.80323 ], [ -0.34479, 39.80355 ], [ -0.34381, 39.80341 ], [ -0.34215, 39.8026 ], [ -0.34167, 39.80215 ], [ -0.34164, 39.80202 ], [ -0.3419, 39.80192 ] ], [ [ -0.33445, 39.80499 ], [ -0.33531, 39.80487 ], [ -0.33539, 39.80493 ], [ -0.3354, 39.80501 ], [ -0.33477, 39.80605 ], [ -0.33436, 39.80586 ], [ -0.33426, 39.80573 ], [ -0.33445, 39.80499 ] ] ] } },
{ "type": "Feature", "properties": { "denominacion": "DEHESA Y CENTELLA", "num_up": "CS129", "municipio": "SONEJA", "owner": 1, "owner_label": "Utilidad pública · Ayuntamiento", "hectareas": 0.1263442 }, "geometry": { "type": "Polygon", "coordinates": [ [ [ -0.37821, 39.80783 ], [ -0.37822, 39.80793 ], [ -0.37848, 39.80806 ], [ -0.37865, 39.80806 ], [ -0.37882, 39.80795 ], [ -0.37868, 39.80784 ], [ -0.37874, 39.80777 ], [ -0.3786, 39.80771 ], [ -0.37856, 39.80781 ], [ -0.37837, 39.80777 ], [ -0.37821, 39.80783 ] ] ] } },
{ "type": "Feature", "properties": { "denominacion": "DEHESA Y CENTELLA", "num_up": "CS129", "municipio": "SONEJA", "owner": 1, "owner_label": "Utilidad pública · Ayuntamiento", "hectareas": 0.38780705 }, "geometry": { "type": "Polygon", "coordinates": [ [ [ -0.36451, 39.80797 ], [ -0.36527, 39.80838 ], [ -0.3652, 39.80804 ], [ -0.36479, 39.80773 ], [ -0.36356, 39.80785 ], [ -0.36444, 39.8082 ], [ -0.36451, 39.80797 ] ] ] } },
{ "type": "Feature", "properties": { "denominacion": "DEHESA Y CENTELLA", "num_up": "CS129", "municipio": "SONEJA", "owner": 1, "owner_label": "Utilidad pública · Ayuntamiento", "hectareas": 31.47273838 }, "geometry": { "type": "Polygon", "coordinates": [ [ [ -0.35436, 39.80826 ], [ -0.35496, 39.80854 ], [ -0.35488, 39.80869 ], [ -0.35515, 39.80879 ], [ -0.35546, 39.80921 ], [ -0.35616, 39.80946 ], [ -0.35631, 39.8094 ], [ -0.35685, 39.80879 ], [ -0.35677, 39.8084 ], [ -0.35645, 39.80811 ], [ -0.35646, 39.80795 ], [ -0.35613, 39.80786 ], [ -0.35575, 39.80763 ], [ -0.35531, 39.80724 ], [ -0.35521, 39.80725 ], [ -0.35521, 39.80715 ], [ -0.35467, 39.80706 ], [ -0.35465, 39.80695 ], [ -0.3536, 39.80665 ], [ -0.3536, 39.80676 ], [ -0.35325, 39.80671 ], [ -0.35299, 39.80685 ], [ -0.35311, 39.80703 ], [ -0.35297, 39.80713 ], [ -0.35304, 39.80703 ], [ -0.35297, 39.80692 ], [ -0.3522, 39.80664 ], [ -0.3521, 39.80657 ], [ -0.35213, 39.80626 ], [ -0.35184, 39.8062 ], [ -0.35164, 39.80604 ], [ -0.35131, 39.80558 ], [ -0.35161, 39.80542 ], [ -0.35148, 39.80517 ], [ -0.35155, 39.80494 ], [ -0.35145, 39.80454 ], [ -0.35121, 39.80459 ], [ -0.35104, 39.80475 ], [ -0.35062, 39.80438 ], [ -0.35093, 39.80418 ], [ -0.35124, 39.8041 ], [ -0.35172, 39.80371 ], [ -0.35231, 39.8035 ], [ -0.35244, 39.80352 ], [ -0.35266, 39.80338 ], [ -0.35271, 39.80343 ], [ -0.3534, 39.80293 ], [ -0.35449, 39.80293 ], [ -0.3552, 39.80286 ], [ -0.35605, 39.80266 ], [ -0.35616, 39.80271 ], [ -0.35642, 39.80248 ], [ -0.3565, 39.80227 ], [ -0.35636, 39.80196 ], [ -0.35661, 39.8018 ], [ -0.35741, 39.80088 ], [ -0.35838, 39.80003 ], [ -0.35799, 39.80005 ], [ -0.35476, 39.80073 ], [ -0.34992, 39.80148 ], [ -0.34945, 39.80142 ], [ -0.3497, 39.8017 ], [ -0.34982, 39.80157 ], [ -0.35013, 39.80177 ], [ -0.35045, 39.80214 ], [ -0.35193, 39.8026 ], [ -0.35192, 39.80291 ], [ -0.35158, 39.80298 ], [ -0.35121, 39.80326 ], [ -0.35092, 39.80334 ], [ -0.35032, 39.80309 ], [ -0.35019, 39.80321 ], [ -0.34973, 39.8029 ], [ -0.34941, 39.80289 ], [ -0.34908, 39.80303 ], [ -0.34925, 39.80317 ], [ -0.34923, 39.80329 ], [ -0.34939, 39.80352 ], [ -0.34961, 39.80359 ], [ -0.34942, 39.80388 ], [ -0.34939, 39.80418 ], [ -0.34978, 39.80461 ], [ -0.34968, 39.80473 ], [ -0.34976, 39.80479 ], [ -0.34988, 39.80462 ], [ -0.35038, 39.80441 ], [ -0.35053, 39.80449 ], [ -0.35025, 39.80505 ], [ -0.34994, 39.80506 ], [ -0.34974, 39.8052 ], [ -0.34983, 39.8056 ], [ -0.34874, 39.80558 ], [ -0.34912, 39.80535 ], [ -0.34904, 39.80479 ], [ -0.34923, 39.80471 ], [ -0.34909, 39.80448 ], [ -0.34916, 39.80444 ], [ -0.34874, 39.80433 ], [ -0.34802, 39.80452 ], [ -0.34747, 39.80477 ], [ -0.34692, 39.80485 ], [ -0.34717, 39.8049 ], [ -0.34738, 39.80506 ], [ -0.34715, 39.80572 ], [ -0.34705, 39.80579 ], [ -0.34746, 39.80629 ], [ -0.34754, 39.80652 ], [ -0.34759, 39.8069 ], [ -0.34732, 39.80756 ], [ -0.34745, 39.80813 ], [ -0.34761, 39.80809 ], [ -0.3482, 39.80826 ], [ -0.3487, 39.80817 ], [ -0.34903, 39.80795 ], [ -0.34916, 39.80772 ], [ -0.34915, 39.8076 ], [ -0.34886, 39.80756 ], [ -0.34863, 39.80768 ], [ -0.34832, 39.80741 ], [ -0.34832, 39.80706 ], [ -0.34918, 39.80657 ], [ -0.34941, 39.80626 ], [ -0.34944, 39.8061 ], [ -0.34982, 39.80602 ], [ -0.35, 39.80603 ], [ -0.35028, 39.80625 ], [ -0.3506, 39.80625 ], [ -0.35082, 39.80643 ], [ -0.35086, 39.8066 ], [ -0.35042, 39.80676 ], [ -0.35061, 39.80725 ], [ -0.351, 39.80728 ], [ -0.35086, 39.80714 ], [ -0.35104, 39.80708 ], [ -0.35165, 39.80728 ], [ -0.35231, 39.80725 ], [ -0.35235, 39.80735 ], [ -0.35203, 39.80769 ], [ -0.35232, 39.80775 ], [ -0.35236, 39.80783 ], [ -0.35159, 39.80851 ], [ -0.35184, 39.8087 ], [ -0.35214, 39.8086 ], [ -0.35261, 39.80898 ], [ -0.35285, 39.80885 ], [ -0.35261, 39.80871 ], [ -0.35307, 39.8084 ], [ -0.35295, 39.80823 ], [ -0.35308, 39.8081 ], [ -0.35342, 39.80819 ], [ -0.3534, 39.80846 ], [ -0.35392, 39.80864 ], [ -0.35436, 39.80826 ] ], [ [ -0.35641, 39.80074 ], [ -0.35686, 39.80098 ], [ -0.35653, 39.80136 ], [ -0.35631, 39.80142 ], [ -0.35592, 39.80192 ], [ -0.35571, 39.80204 ], [ -0.35537, 39.80203 ], [ -0.35519, 39.80186 ], [ -0.3552, 39.80165 ], [ -0.35564, 39.80139 ], [ -0.35574, 39.80121 ], [ -0.35604, 39.80128 ], [ -0.35619, 39.80108 ], [ -0.35609, 39.80097 ], [ -0.35616, 39.80085 ], [ -0.35609, 39.80072 ], [ -0.35628, 39.80056 ], [ -0.35641, 39.80074 ] ] ] } },
{ "type": "Feature", "properties": { "denominacion": "DEHESA Y CENTELLA", "num_up": "CS129", "municipio": "SONEJA", "owner": 1, "owner_label": "Utilidad pública · Ayuntamiento", "hectareas": 2.07746492 }, "geometry": { "type": "Polygon", "coordinates": [ [ [ -0.35354, 39.81004 ], [ -0.35417, 39.8104 ], [ -0.35469, 39.81009 ], [ -0.35476, 39.81015 ], [ -0.35562, 39.80958 ], [ -0.35491, 39.80917 ], [ -0.35481, 39.80918 ], [ -0.35467, 39.80904 ], [ -0.35307, 39.80886 ], [ -0.35303, 39.80892 ], [ -0.35358, 39.80938 ], [ -0.35321, 39.80952 ], [ -0.35354, 39.81004 ] ] ] } },
{ "type": "Feature", "properties": { "denominacion": "DEHESA Y CENTELLA", "num_up": "CS129", "municipio": "SONEJA", "owner": 1, "owner_label": "Utilidad pública · Ayuntamiento", "hectareas": 1.1912654 }, "geometry": { "type": "Polygon", "coordinates": [ [ [ -0.35609, 39.80974 ], [ -0.35495, 39.81028 ], [ -0.35487, 39.81047 ], [ -0.35522, 39.81072 ], [ -0.3556, 39.81085 ], [ -0.35583, 39.81082 ], [ -0.35589, 39.81072 ], [ -0.35617, 39.81063 ], [ -0.35652, 39.81031 ], [ -0.35704, 39.81001 ], [ -0.35609, 39.80974 ] ] ] } },
{ "type": "Feature", "properties": { "denominacion": "DEHESA Y CENTELLA", "num_up": "CS129", "municipio": "SONEJA", "owner": 1, "owner_label": "Utilidad pública · Ayuntamiento", "hectareas": 2.02153902 }, "geometry": { "type": "Polygon", "coordinates": [ [ [ -0.38865, 39.81093 ], [ -0.38872, 39.81104 ], [ -0.38855, 39.81119 ], [ -0.3882, 39.81134 ], [ -0.3891, 39.81149 ], [ -0.38921, 39.81165 ], [ -0.38984, 39.81084 ], [ -0.38777, 39.80934 ], [ -0.388, 39.80972 ], [ -0.3879, 39.80994 ], [ -0.38802, 39.81037 ], [ -0.38823, 39.81036 ], [ -0.38815, 39.81049 ], [ -0.38797, 39.81045 ], [ -0.38792, 39.81058 ], [ -0.38776, 39.81045 ], [ -0.38757, 39.81058 ], [ -0.38767, 39.81073 ], [ -0.38762, 39.81099 ], [ -0.38797, 39.81103 ], [ -0.38828, 39.81086 ], [ -0.38865, 39.81093 ] ] ] } },
{ "type": "Feature", "properties": { "denominacion": "DEHESA Y CENTELLA", "num_up": "CS129", "municipio": "SONEJA", "owner": 1, "owner_label": "Utilidad pública · Ayuntamiento", "hectareas": 3.05580995 }, "geometry": { "type": "Polygon", "coordinates": [ [ [ -0.34398, 39.81097 ], [ -0.34404, 39.81079 ], [ -0.34475, 39.81033 ], [ -0.34494, 39.81005 ], [ -0.3453, 39.81015 ], [ -0.34606, 39.80886 ], [ -0.34616, 39.80836 ], [ -0.34536, 39.80845 ], [ -0.34501, 39.80879 ], [ -0.34436, 39.80921 ], [ -0.34451, 39.80939 ], [ -0.34436, 39.80953 ], [ -0.34362, 39.80981 ], [ -0.34349, 39.81031 ], [ -0.34321, 39.81043 ], [ -0.34316, 39.81074 ], [ -0.34359, 39.81094 ], [ -0.34381, 39.8109 ], [ -0.34398, 39.81097 ] ] ] } },
{ "type": "Feature", "properties": { "denominacion": "DEHESA Y CENTELLA", "num_up": "CS129", "municipio": "SONEJA", "owner": 1, "owner_label": "Utilidad pública · Ayuntamiento", "hectareas": 0.53409711 }, "geometry": { "type": "Polygon", "coordinates": [ [ [ -0.38941, 39.81222 ], [ -0.38945, 39.81234 ], [ -0.38985, 39.81226 ], [ -0.38929, 39.81193 ], [ -0.38902, 39.81193 ], [ -0.38876, 39.81203 ], [ -0.38758, 39.81183 ], [ -0.38753, 39.81203 ], [ -0.3876, 39.81214 ], [ -0.38791, 39.81212 ], [ -0.38855, 39.81229 ], [ -0.38911, 39.81217 ], [ -0.38916, 39.81226 ], [ -0.38941, 39.81222 ] ] ] } },
{ "type": "Feature", "properties": { "denominacion": "DEHESA Y CENTELLA", "num_up": "CS129", "municipio": "SONEJA", "owner": 1, "owner_label": "Utilidad pública · Ayuntamiento", "hectareas": 0.277922 }, "geometry": { "type": "Polygon", "coordinates": [ [ [ -0.3163, 39.81039 ], [ -0.31626, 39.81086 ], [ -0.31674, 39.81037 ], [ -0.31698, 39.81035 ], [ -0.3171, 39.8107 ], [ -0.31739, 39.81076 ], [ -0.3172, 39.81055 ], [ -0.31712, 39.8101 ], [ -0.3163, 39.81039 ] ] ] } },
{ "type": "Feature", "properties": { "denominacion": "DEHESA Y CENTELLA", "num_up": "CS129", "municipio": "SONEJA", "owner": 1, "owner_label": "Utilidad pública · Ayuntamiento", "hectareas": 1.3121049 }, "geometry": { "type": "Polygon", "coordinates": [ [ [ -0.35315, 39.81092 ], [ -0.35345, 39.81125 ], [ -0.35353, 39.81166 ], [ -0.35379, 39.8118 ], [ -0.35379, 39.81164 ], [ -0.3539, 39.81152 ], [ -0.35342, 39.81076 ], [ -0.35352, 39.81052 ], [ -0.35215, 39.80943 ], [ -0.35194, 39.80949 ], [ -0.35187, 39.80958 ], [ -0.35262, 39.81024 ], [ -0.35237, 39.81046 ], [ -0.35239, 39.81074 ], [ -0.35252, 39.811 ], [ -0.35307, 39.81099 ], [ -0.35315, 39.81092 ] ] ] } },
{ "type": "Feature", "properties": { "denominacion": "DEHESA Y CENTELLA", "num_up": "CS129", "municipio": "SONEJA", "owner": 1, "owner_label": "Utilidad pública · Ayuntamiento", "hectareas": 0.68964317 }, "geometry": { "type": "Polygon", "coordinates": [ [ [ -0.34316, 39.81282 ], [ -0.3438, 39.81194 ], [ -0.34338, 39.81175 ], [ -0.34325, 39.81194 ], [ -0.34283, 39.81203 ], [ -0.34247, 39.8125 ], [ -0.34252, 39.81261 ], [ -0.34279, 39.81274 ], [ -0.34285, 39.81266 ], [ -0.34316, 39.81282 ] ] ] } },
{ "type": "Feature", "properties": { "denominacion": "DEHESA Y CENTELLA", "num_up": "CS129", "municipio": "SONEJA", "owner": 1, "owner_label": "Utilidad pública · Ayuntamiento", "hectareas": 3.10259305 }, "geometry": { "type": "Polygon", "coordinates": [ [ [ -0.37578, 39.8151 ], [ -0.37613, 39.81515 ], [ -0.37629, 39.81504 ], [ -0.37723, 39.81504 ], [ -0.37722, 39.81491 ], [ -0.37741, 39.81462 ], [ -0.37742, 39.81445 ], [ -0.37723, 39.81412 ], [ -0.3773, 39.81402 ], [ -0.37783, 39.81404 ], [ -0.37822, 39.81383 ], [ -0.37844, 39.81393 ], [ -0.37843, 39.81377 ], [ -0.37835, 39.81377 ], [ -0.37808, 39.81347 ], [ -0.37796, 39.81355 ], [ -0.37776, 39.81345 ], [ -0.37755, 39.81346 ], [ -0.37718, 39.81365 ], [ -0.37673, 39.81444 ], [ -0.37637, 39.81469 ], [ -0.37614, 39.81449 ], [ -0.37582, 39.81444 ], [ -0.3756, 39.81431 ], [ -0.37539, 39.81409 ], [ -0.37546, 39.81393 ], [ -0.3741, 39.81392 ], [ -0.37402, 39.81413 ], [ -0.37442, 39.81489 ], [ -0.37549, 39.81515 ], [ -0.37578, 39.8151 ] ] ] } },
{ "type": "Feature", "properties": { "denominacion": "DEHESA Y CENTELLA", "num_up": "CS129", "municipio": "SONEJA", "owner": 1, "owner_label": "Utilidad pública · Ayuntamiento", "hectareas": 3.75630107 }, "geometry": { "type": "Polygon", "coordinates": [ [ [ -0.35376, 39.81367 ], [ -0.35424, 39.81412 ], [ -0.35491, 39.81446 ], [ -0.35533, 39.8149 ], [ -0.35539, 39.81507 ], [ -0.35565, 39.81505 ], [ -0.35501, 39.81285 ], [ -0.35503, 39.81257 ], [ -0.35493, 39.81251 ], [ -0.35496, 39.81225 ], [ -0.35477, 39.81232 ], [ -0.35413, 39.81233 ], [ -0.35385, 39.8127 ], [ -0.35345, 39.81262 ], [ -0.35345, 39.81226 ], [ -0.35278, 39.81244 ], [ -0.35241, 39.81238 ], [ -0.3523, 39.81259 ], [ -0.35253, 39.81271 ], [ -0.35265, 39.81295 ], [ -0.35306, 39.8134 ], [ -0.35357, 39.81337 ], [ -0.35376, 39.81367 ] ] ] } },
{ "type": "Feature", "properties": { "denominacion": "DEHESA Y CENTELLA", "num_up": "CS129", "municipio": "SONEJA", "owner": 1, "owner_label": "Utilidad pública · Ayuntamiento", "hectareas": 0.317388 }, "geometry": { "type": "Polygon", "coordinates": [ [ [ -0.38223, 39.81626 ], [ -0.38231, 39.81604 ], [ -0.38242, 39.81595 ], [ -0.38223, 39.81563 ], [ -0.38198, 39.81577 ], [ -0.3815, 39.81571 ], [ -0.3815, 39.81587 ], [ -0.38178, 39.81607 ], [ -0.38185, 39.81623 ], [ -0.38223, 39.81626 ] ] ] } },
{ "type": "Feature", "properties": { "denominacion": "DEHESA Y CENTELLA", "num_up": "CS129", "municipio": "SONEJA", "owner": 1, "owner_label": "Utilidad pública · Ayuntamiento", "hectareas": 0.17786486 }, "geometry": { "type": "Polygon", "coordinates": [ [ [ -0.38804, 39.81754 ], [ -0.38818, 39.81763 ], [ -0.38849, 39.81747 ], [ -0.38881, 39.81746 ], [ -0.38844, 39.81726 ], [ -0.38793, 39.81727 ], [ -0.38804, 39.81754 ] ] ] } },
{ "type": "Feature", "properties": { "denominacion": "DEHESA Y CENTELLA", "num_up": "CS129", "municipio": "SONEJA", "owner": 1, "owner_label": "Utilidad pública · Ayuntamiento", "hectareas": 0.25321142 }, "geometry": { "type": "Polygon", "coordinates": [ [ [ -0.38045, 39.81725 ], [ -0.38061, 39.81752 ], [ -0.38114, 39.81754 ], [ -0.38114, 39.81715 ], [ -0.38051, 39.81704 ], [ -0.38045, 39.81725 ] ] ] } },
{ "type": "Feature", "properties": { "denominacion": "DEHESA Y CENTELLA", "num_up": "CS129", "municipio": "SONEJA", "owner": 1, "owner_label": "Utilidad pública · Ayuntamiento", "hectareas": 95.3598139 }, "geometry": { "type": "Polygon", "coordinates": [ [ [ -0.38988, 39.81754 ], [ -0.39016, 39.81783 ], [ -0.39028, 39.8181 ], [ -0.39051, 39.81814 ], [ -0.39046, 39.81802 ], [ -0.39081, 39.81752 ], [ -0.39075, 39.81706 ], [ -0.39057, 39.81688 ], [ -0.39087, 39.81698 ], [ -0.39107, 39.81721 ], [ -0.39115, 39.81745 ], [ -0.39103, 39.81764 ], [ -0.39108, 39.81767 ], [ -0.3912, 39.8174 ], [ -0.39121, 39.81668 ], [ -0.39127, 39.81659 ], [ -0.39185, 39.81633 ], [ -0.39152, 39.816 ], [ -0.39158, 39.81592 ], [ -0.39087, 39.81533 ], [ -0.39033, 39.81516 ], [ -0.38999, 39.81529 ], [ -0.38977, 39.81511 ], [ -0.39007, 39.81503 ], [ -0.38971, 39.81489 ], [ -0.39025, 39.81496 ], [ -0.39069, 39.81487 ], [ -0.39091, 39.81495 ], [ -0.39115, 39.81475 ], [ -0.39067, 39.81463 ], [ -0.39046, 39.81444 ], [ -0.39052, 39.81428 ], [ -0.39139, 39.81386 ], [ -0.3913, 39.81378 ], [ -0.39065, 39.81388 ], [ -0.39052, 39.81399 ], [ -0.39037, 39.814 ], [ -0.39021, 39.81397 ], [ -0.39022, 39.81384 ], [ -0.38985, 39.81379 ], [ -0.38975, 39.81383 ], [ -0.38968, 39.81408 ], [ -0.38876, 39.81422 ], [ -0.38872, 39.81431 ], [ -0.38894, 39.81433 ], [ -0.38963, 39.81496 ], [ -0.38943, 39.81523 ], [ -0.38894, 39.81499 ], [ -0.38872, 39.81515 ], [ -0.38863, 39.81538 ], [ -0.38877, 39.81544 ], [ -0.38843, 39.81598 ], [ -0.38795, 39.81587 ], [ -0.38774, 39.81602 ], [ -0.38758, 39.81595 ], [ -0.38771, 39.81583 ], [ -0.3876, 39.81502 ], [ -0.38712, 39.81487 ], [ -0.38709, 39.8145 ], [ -0.38686, 39.81451 ], [ -0.38654, 39.8143 ], [ -0.3865, 39.81435 ], [ -0.38613, 39.81382 ], [ -0.38633, 39.81364 ], [ -0.38663, 39.81305 ], [ -0.38652, 39.81295 ], [ -0.38653, 39.81278 ], [ -0.3867, 39.81272 ], [ -0.38658, 39.81243 ], [ -0.3861, 39.81255 ], [ -0.38629, 39.81238 ], [ -0.38661, 39.81228 ], [ -0.38674, 39.8116 ], [ -0.38671, 39.81142 ], [ -0.38302, 39.81075 ], [ -0.38174, 39.81063 ], [ -0.38151, 39.81054 ], [ -0.38144, 39.81062 ], [ -0.3823, 39.81089 ], [ -0.38212, 39.81137 ], [ -0.38201, 39.81142 ], [ -0.38048, 39.81123 ], [ -0.38038, 39.81093 ], [ -0.38012, 39.81057 ], [ -0.3805, 39.81026 ], [ -0.38042, 39.81014 ], [ -0.38046, 39.80997 ], [ -0.38014, 39.80958 ], [ -0.3808, 39.80907 ], [ -0.38077, 39.80946 ], [ -0.38089, 39.80959 ], [ -0.38106, 39.80917 ], [ -0.3809, 39.80905 ], [ -0.38115, 39.80891 ], [ -0.38116, 39.80869 ], [ -0.38108, 39.80864 ], [ -0.38123, 39.80855 ], [ -0.38135, 39.80828 ], [ -0.38138, 39.80792 ], [ -0.38147, 39.80788 ], [ -0.38151, 39.80771 ], [ -0.38129, 39.80738 ], [ -0.38163, 39.80704 ], [ -0.38183, 39.80667 ], [ -0.38207, 39.80666 ], [ -0.38236, 39.80692 ], [ -0.3827, 39.80706 ], [ -0.38236, 39.80686 ], [ -0.38206, 39.80647 ], [ -0.38135, 39.80639 ], [ -0.38108, 39.8066 ], [ -0.38118, 39.80669 ], [ -0.38084, 39.80717 ], [ -0.38085, 39.80736 ], [ -0.38053, 39.80845 ], [ -0.3807, 39.80825 ], [ -0.38081, 39.80826 ], [ -0.38055, 39.80869 ], [ -0.38045, 39.80871 ], [ -0.38023, 39.80867 ], [ -0.38006, 39.80854 ], [ -0.37992, 39.80862 ], [ -0.37955, 39.8084 ], [ -0.37932, 39.80858 ], [ -0.37913, 39.8086 ], [ -0.37846, 39.8083 ], [ -0.37817, 39.80833 ], [ -0.37744, 39.80801 ], [ -0.37759, 39.80791 ], [ -0.3771, 39.80764 ], [ -0.37649, 39.80746 ], [ -0.37645, 39.80755 ], [ -0.37607, 39.80738 ], [ -0.37614, 39.80729 ], [ -0.37496, 39.807 ], [ -0.37495, 39.80685 ], [ -0.37428, 39.80651 ], [ -0.37448, 39.80601 ], [ -0.37437, 39.80599 ], [ -0.37439, 39.80591 ], [ -0.37538, 39.80615 ], [ -0.37544, 39.80603 ], [ -0.37559, 39.80602 ], [ -0.37626, 39.80621 ], [ -0.37654, 39.8059 ], [ -0.37677, 39.80578 ], [ -0.37693, 39.80579 ], [ -0.37769, 39.80627 ], [ -0.37816, 39.80629 ], [ -0.37811, 39.80643 ], [ -0.37872, 39.80615 ], [ -0.37895, 39.80628 ], [ -0.3793, 39.80629 ], [ -0.37936, 39.80638 ], [ -0.37973, 39.80635 ], [ -0.3799, 39.80644 ], [ -0.38046, 39.80619 ], [ -0.38069, 39.80626 ], [ -0.38092, 39.80608 ], [ -0.38085, 39.80593 ], [ -0.38092, 39.80583 ], [ -0.38128, 39.80584 ], [ -0.38123, 39.80569 ], [ -0.38129, 39.80565 ], [ -0.38142, 39.80568 ], [ -0.3817, 39.80558 ], [ -0.38193, 39.80577 ], [ -0.38241, 39.8059 ], [ -0.38277, 39.80625 ], [ -0.38325, 39.80648 ], [ -0.38318, 39.80626 ], [ -0.38292, 39.80601 ], [ -0.3826, 39.80528 ], [ -0.37793, 39.80044 ], [ -0.37424, 39.80035 ], [ -0.37436, 39.80063 ], [ -0.37557, 39.80127 ], [ -0.37471, 39.80206 ], [ -0.37536, 39.80316 ], [ -0.37377, 39.80336 ], [ -0.37335, 39.80325 ], [ -0.37401, 39.80226 ], [ -0.37339, 39.80192 ], [ -0.37313, 39.80208 ], [ -0.3724, 39.80215 ], [ -0.37133, 39.80207 ], [ -0.3712, 39.80216 ], [ -0.37103, 39.80264 ], [ -0.37184, 39.8028 ], [ -0.37301, 39.80345 ], [ -0.3725, 39.804 ], [ -0.37191, 39.80427 ], [ -0.3706, 39.80452 ], [ -0.37065, 39.80489 ], [ -0.37149, 39.80538 ], [ -0.37145, 39.80554 ], [ -0.37159, 39.80579 ], [ -0.37267, 39.80596 ], [ -0.37281, 39.80633 ], [ -0.37258, 39.80651 ], [ -0.37169, 39.80662 ], [ -0.37083, 39.80647 ], [ -0.3704, 39.80626 ], [ -0.37016, 39.8066 ], [ -0.37031, 39.80693 ], [ -0.37041, 39.80687 ], [ -0.37051, 39.80708 ], [ -0.37116, 39.80718 ], [ -0.37319, 39.80779 ], [ -0.37462, 39.80847 ], [ -0.37441, 39.80824 ], [ -0.37465, 39.80834 ], [ -0.37491, 39.80834 ], [ -0.37506, 39.8085 ], [ -0.37625, 39.80887 ], [ -0.37636, 39.80862 ], [ -0.37649, 39.80859 ], [ -0.37709, 39.80892 ], [ -0.37754, 39.80907 ], [ -0.37773, 39.80952 ], [ -0.37793, 39.80964 ], [ -0.37778, 39.80983 ], [ -0.37685, 39.80991 ], [ -0.37652, 39.80979 ], [ -0.37631, 39.80983 ], [ -0.37607, 39.81005 ], [ -0.37461, 39.80981 ], [ -0.37471, 39.80951 ], [ -0.37428, 39.80939 ], [ -0.37424, 39.81011 ], [ -0.37475, 39.81032 ], [ -0.3751, 39.81027 ], [ -0.3753, 39.81033 ], [ -0.37533, 39.81046 ], [ -0.37505, 39.8108 ], [ -0.37455, 39.81065 ], [ -0.37398, 39.81036 ], [ -0.37375, 39.81043 ], [ -0.3731, 39.81034 ], [ -0.37305, 39.81058 ], [ -0.37277, 39.81064 ], [ -0.37258, 39.8106 ], [ -0.37245, 39.81075 ], [ -0.37228, 39.81077 ], [ -0.37234, 39.811 ], [ -0.37282, 39.81121 ], [ -0.37308, 39.81108 ], [ -0.37343, 39.81111 ], [ -0.3736, 39.81123 ], [ -0.37356, 39.81133 ], [ -0.37325, 39.81137 ], [ -0.37326, 39.81156 ], [ -0.37299, 39.81192 ], [ -0.37372, 39.81343 ], [ -0.374, 39.81273 ], [ -0.37451, 39.81283 ], [ -0.3744, 39.81346 ], [ -0.37528, 39.8133 ], [ -0.37501, 39.81272 ], [ -0.37678, 39.81243 ], [ -0.37726, 39.81261 ], [ -0.3773, 39.81247 ], [ -0.37698, 39.81226 ], [ -0.37644, 39.8122 ], [ -0.37648, 39.81204 ], [ -0.37604, 39.81211 ], [ -0.37525, 39.81171 ], [ -0.3744, 39.81161 ], [ -0.37438, 39.81146 ], [ -0.37457, 39.81132 ], [ -0.37456, 39.81097 ], [ -0.37478, 39.81102 ], [ -0.37491, 39.81083 ], [ -0.37562, 39.81096 ], [ -0.37563, 39.81065 ], [ -0.37573, 39.81045 ], [ -0.37596, 39.81033 ], [ -0.37625, 39.8103 ], [ -0.37702, 39.81047 ], [ -0.37718, 39.81076 ], [ -0.37776, 39.81093 ], [ -0.37773, 39.81105 ], [ -0.37761, 39.8111 ], [ -0.37789, 39.81168 ], [ -0.37839, 39.81146 ], [ -0.37827, 39.81073 ], [ -0.37739, 39.81038 ], [ -0.37761, 39.8101 ], [ -0.37789, 39.81013 ], [ -0.37837, 39.81028 ], [ -0.37846, 39.8104 ], [ -0.37832, 39.81049 ], [ -0.37832, 39.81074 ], [ -0.3789, 39.81066 ], [ -0.37924, 39.8107 ], [ -0.37936, 39.81132 ], [ -0.37912, 39.81138 ], [ -0.37888, 39.81183 ], [ -0.37842, 39.81178 ], [ -0.37836, 39.81213 ], [ -0.37871, 39.81227 ], [ -0.37941, 39.81225 ], [ -0.38069, 39.81216 ], [ -0.38076, 39.81203 ], [ -0.3819, 39.81234 ], [ -0.38211, 39.81247 ], [ -0.38206, 39.81262 ], [ -0.3817, 39.8128 ], [ -0.38175, 39.81321 ], [ -0.38207, 39.81356 ], [ -0.38139, 39.81372 ], [ -0.38206, 39.81459 ], [ -0.3829, 39.81417 ], [ -0.38312, 39.81415 ], [ -0.38364, 39.81476 ], [ -0.38371, 39.81487 ], [ -0.3836, 39.81499 ], [ -0.38332, 39.81507 ], [ -0.38425, 39.81613 ], [ -0.38392, 39.81638 ], [ -0.38386, 39.81654 ], [ -0.38395, 39.81686 ], [ -0.38417, 39.81716 ], [ -0.38486, 39.81747 ], [ -0.38495, 39.81744 ], [ -0.38501, 39.81756 ], [ -0.38552, 39.81747 ], [ -0.3856, 39.81704 ], [ -0.38648, 39.81705 ], [ -0.3866, 39.81694 ], [ -0.38744, 39.81716 ], [ -0.3876, 39.81711 ], [ -0.38764, 39.81684 ], [ -0.38751, 39.81651 ], [ -0.38743, 39.8165 ], [ -0.38709, 39.81698 ], [ -0.38668, 39.81686 ], [ -0.38677, 39.81676 ], [ -0.38596, 39.81653 ], [ -0.38565, 39.81636 ], [ -0.38636, 39.81621 ], [ -0.3865, 39.81607 ], [ -0.38654, 39.81555 ], [ -0.38732, 39.8157 ], [ -0.38743, 39.81605 ], [ -0.38906, 39.81612 ], [ -0.38913, 39.81637 ], [ -0.38898, 39.81642 ], [ -0.3896, 39.81705 ], [ -0.3896, 39.81713 ], [ -0.38919, 39.81737 ], [ -0.38915, 39.81747 ], [ -0.38935, 39.81743 ], [ -0.38988, 39.81754 ] ], [ [ -0.39047, 39.81693 ], [ -0.39073, 39.81749 ], [ -0.39059, 39.81757 ], [ -0.39012, 39.81748 ], [ -0.38996, 39.81701 ], [ -0.39003, 39.81692 ], [ -0.39047, 39.81693 ] ], [ [ -0.38558, 39.81489 ], [ -0.3855, 39.815 ], [ -0.38531, 39.81494 ], [ -0.38539, 39.81481 ], [ -0.38558, 39.81489 ] ], [ [ -0.38381, 39.81261 ], [ -0.38358, 39.81272 ], [ -0.38351, 39.81262 ], [ -0.3834, 39.81263 ], [ -0.38337, 39.81255 ], [ -0.38345, 39.81247 ], [ -0.38312, 39.81205 ], [ -0.38298, 39.81202 ], [ -0.38293, 39.81215 ], [ -0.38222, 39.81188 ], [ -0.38203, 39.81177 ], [ -0.3821, 39.81155 ], [ -0.38292, 39.81147 ], [ -0.38312, 39.8115 ], [ -0.38309, 39.81163 ], [ -0.38369, 39.81174 ], [ -0.38373, 39.81194 ], [ -0.38357, 39.81206 ], [ -0.38381, 39.81261 ] ], [ [ -0.37892, 39.8094 ], [ -0.37833, 39.80983 ], [ -0.37801, 39.80958 ], [ -0.37812, 39.80897 ], [ -0.37892, 39.8094 ] ], [ [ -0.38129, 39.80417 ], [ -0.38164, 39.80497 ], [ -0.3814, 39.80508 ], [ -0.38127, 39.80552 ], [ -0.38115, 39.80552 ], [ -0.38105, 39.80509 ], [ -0.38105, 39.80415 ], [ -0.38129, 39.80417 ] ], [ [ -0.37686, 39.80458 ], [ -0.3772, 39.80515 ], [ -0.37689, 39.80535 ], [ -0.37567, 39.80511 ], [ -0.37488, 39.80519 ], [ -0.37367, 39.80509 ], [ -0.37357, 39.80478 ], [ -0.37425, 39.80439 ], [ -0.37464, 39.80436 ], [ -0.37554, 39.80459 ], [ -0.37665, 39.80452 ], [ -0.37686, 39.80458 ] ] ] } },
{ "type": "Feature", "properties": { "denominacion": "DEHESA Y CENTELLA", "num_up": "CS129", "municipio": "SONEJA", "owner": 1, "owner_label": "Utilidad pública · Ayuntamiento", "hectareas": 0.06265479 }, "geometry": { "type": "Polygon", "coordinates": [ [ [ -0.38981, 39.81811 ], [ -0.3899, 39.81824 ], [ -0.39041, 39.81827 ], [ -0.39037, 39.81819 ], [ -0.39013, 39.81818 ], [ -0.39005, 39.81809 ], [ -0.38981, 39.81811 ] ] ] } },
{ "type": "Feature", "properties": { "denominacion": "DEHESA Y CENTELLA", "num_up": "CS129", "municipio": "SONEJA", "owner": 1, "owner_label": "Utilidad pública · Ayuntamiento", "hectareas": 7.08260966 }, "geometry": { "type": "Polygon", "coordinates": [ [ [ -0.34063, 39.81903 ], [ -0.34067, 39.81917 ], [ -0.34083, 39.81921 ], [ -0.34231, 39.81884 ], [ -0.34261, 39.81819 ], [ -0.34262, 39.81799 ], [ -0.3426, 39.81783 ], [ -0.3424, 39.81775 ], [ -0.34234, 39.81756 ], [ -0.34261, 39.81756 ], [ -0.34263, 39.81717 ], [ -0.34236, 39.81712 ], [ -0.3422, 39.81731 ], [ -0.34212, 39.81698 ], [ -0.34191, 39.81691 ], [ -0.34145, 39.81725 ], [ -0.34119, 39.81702 ], [ -0.3411, 39.81645 ], [ -0.34158, 39.81651 ], [ -0.34166, 39.81608 ], [ -0.34183, 39.8161 ], [ -0.34185, 39.81578 ], [ -0.34162, 39.81585 ], [ -0.34115, 39.81579 ], [ -0.34104, 39.81555 ], [ -0.34106, 39.81536 ], [ -0.34147, 39.81485 ], [ -0.34185, 39.81488 ], [ -0.34205, 39.81442 ], [ -0.34133, 39.81421 ], [ -0.34114, 39.81396 ], [ -0.34094, 39.81394 ], [ -0.34076, 39.81432 ], [ -0.34058, 39.81451 ], [ -0.34058, 39.81478 ], [ -0.34076, 39.81488 ], [ -0.34061, 39.81527 ], [ -0.33946, 39.81467 ], [ -0.33945, 39.81479 ], [ -0.3398, 39.8154 ], [ -0.34057, 39.8157 ], [ -0.34057, 39.81592 ], [ -0.33995, 39.81595 ], [ -0.34008, 39.81613 ], [ -0.34053, 39.81616 ], [ -0.34023, 39.81673 ], [ -0.33983, 39.81667 ], [ -0.33981, 39.81699 ], [ -0.34015, 39.81713 ], [ -0.34017, 39.81722 ], [ -0.33999, 39.81754 ], [ -0.34017, 39.81806 ], [ -0.34048, 39.81825 ], [ -0.34098, 39.81809 ], [ -0.34105, 39.81844 ], [ -0.34063, 39.81903 ] ] ] } },
{ "type": "Feature", "properties": { "denominacion": "DEHESA Y CENTELLA", "num_up": "CS129", "municipio": "SONEJA", "owner": 1, "owner_label": "Utilidad pública · Ayuntamiento", "hectareas": 1.14591175 }, "geometry": { "type": "Polygon", "coordinates": [ [ [ -0.3379, 39.81966 ], [ -0.33805, 39.82013 ], [ -0.33798, 39.82026 ], [ -0.33828, 39.82038 ], [ -0.33846, 39.82037 ], [ -0.33911, 39.82008 ], [ -0.33918, 39.81975 ], [ -0.33945, 39.81938 ], [ -0.33935, 39.81915 ], [ -0.33911, 39.81916 ], [ -0.3389, 39.81908 ], [ -0.33846, 39.81931 ], [ -0.33825, 39.81931 ], [ -0.33847, 39.81965 ], [ -0.3381, 39.81972 ], [ -0.338, 39.81962 ], [ -0.3379, 39.81966 ] ] ] } },
{ "type": "Feature", "properties": { "denominacion": "DEHESA Y CENTELLA", "num_up": "CS129", "municipio": "SONEJA", "owner": 1, "owner_label": "Utilidad pública · Ayuntamiento", "hectareas": 1.61048718 }, "geometry": { "type": "Polygon", "coordinates": [ [ [ -0.38467, 39.8219 ], [ -0.38484, 39.82219 ], [ -0.38538, 39.82228 ], [ -0.38656, 39.82213 ], [ -0.38655, 39.82202 ], [ -0.38677, 39.82159 ], [ -0.38676, 39.82146 ], [ -0.3865, 39.82112 ], [ -0.38598, 39.82083 ], [ -0.38589, 39.82069 ], [ -0.3856, 39.82075 ], [ -0.3863, 39.82114 ], [ -0.38655, 39.82139 ], [ -0.38664, 39.82172 ], [ -0.38657, 39.82184 ], [ -0.38581, 39.82156 ], [ -0.38557, 39.82127 ], [ -0.38508, 39.82154 ], [ -0.38487, 39.82116 ], [ -0.38416, 39.82165 ], [ -0.38467, 39.8219 ] ] ] } },
{ "type": "Feature", "properties": { "denominacion": "DEHESA Y CENTELLA", "num_up": "CS129", "municipio": "SONEJA", "owner": 1, "owner_label": "Utilidad pública · Ayuntamiento", "hectareas": 0.32656451 }, "geometry": { "type": "Polygon", "coordinates": [ [ [ -0.38413, 39.82284 ], [ -0.38447, 39.82303 ], [ -0.38478, 39.82302 ], [ -0.38511, 39.8228 ], [ -0.38513, 39.82266 ], [ -0.38484, 39.82272 ], [ -0.38505, 39.82245 ], [ -0.38498, 39.82238 ], [ -0.38431, 39.82266 ], [ -0.38413, 39.82284 ] ] ] } },
{ "type": "Feature", "properties": { "denominacion": "DEHESA Y CENTELLA", "num_up": "CS129", "municipio": "SONEJA", "owner": 1, "owner_label": "Utilidad pública · Ayuntamiento", "hectareas": 2.71185707 }, "geometry": { "type": "Polygon", "coordinates": [ [ [ -0.33772, 39.82176 ], [ -0.33762, 39.82219 ], [ -0.33906, 39.82173 ], [ -0.34056, 39.8217 ], [ -0.34309, 39.82184 ], [ -0.34251, 39.82163 ], [ -0.3425, 39.82144 ], [ -0.34221, 39.82096 ], [ -0.34206, 39.82087 ], [ -0.34148, 39.82077 ], [ -0.34146, 39.82105 ], [ -0.34131, 39.82107 ], [ -0.3413, 39.82117 ], [ -0.33927, 39.82123 ], [ -0.33924, 39.82094 ], [ -0.33855, 39.82099 ], [ -0.33864, 39.82107 ], [ -0.33858, 39.82151 ], [ -0.33833, 39.82162 ], [ -0.33808, 39.82199 ], [ -0.3379, 39.82194 ], [ -0.33788, 39.82179 ], [ -0.33772, 39.82176 ] ] ] } },
{ "type": "Feature", "properties": { "denominacion": "DEHESA Y CENTELLA", "num_up": "CS129", "municipio": "SONEJA", "owner": 1, "owner_label": "Utilidad pública · Ayuntamiento", "hectareas": 201.68151935 }, "geometry": { "type": "Polygon", "coordinates": [ [ [ -0.35161, 39.82374 ], [ -0.35837, 39.82238 ], [ -0.35866, 39.82227 ], [ -0.36934, 39.82019 ], [ -0.37315, 39.81914 ], [ -0.37283, 39.81912 ], [ -0.37223, 39.81879 ], [ -0.3721, 39.8188 ], [ -0.37198, 39.81889 ], [ -0.37212, 39.81897 ], [ -0.37193, 39.81921 ], [ -0.37157, 39.81927 ], [ -0.37138, 39.81916 ], [ -0.3713, 39.81889 ], [ -0.37113, 39.81874 ], [ -0.37088, 39.81868 ], [ -0.37061, 39.81876 ], [ -0.37036, 39.81896 ], [ -0.37003, 39.81965 ], [ -0.36934, 39.81978 ], [ -0.36937, 39.81904 ], [ -0.36956, 39.81901 ], [ -0.37032, 39.81822 ], [ -0.37058, 39.81821 ], [ -0.37075, 39.81836 ], [ -0.37132, 39.81838 ], [ -0.37156, 39.81851 ], [ -0.37218, 39.81828 ], [ -0.3725, 39.81828 ], [ -0.3723, 39.81803 ], [ -0.37183, 39.81817 ], [ -0.37142, 39.81807 ], [ -0.37119, 39.81824 ], [ -0.37088, 39.81827 ], [ -0.37065, 39.8182 ], [ -0.37052, 39.81802 ], [ -0.37054, 39.81771 ], [ -0.37065, 39.8175 ], [ -0.37076, 39.81745 ], [ -0.37151, 39.81756 ], [ -0.37265, 39.81739 ], [ -0.37301, 39.81722 ], [ -0.3735, 39.8169 ], [ -0.37362, 39.81673 ], [ -0.37355, 39.81646 ], [ -0.3737, 39.81622 ], [ -0.37365, 39.81565 ], [ -0.37267, 39.81486 ], [ -0.37261, 39.81469 ], [ -0.3727, 39.81457 ], [ -0.37222, 39.81419 ], [ -0.37142, 39.81261 ], [ -0.3707, 39.81294 ], [ -0.37014, 39.81353 ], [ -0.36976, 39.81375 ], [ -0.36937, 39.81381 ], [ -0.36965, 39.81341 ], [ -0.37085, 39.81247 ], [ -0.37131, 39.81221 ], [ -0.37147, 39.81172 ], [ -0.37124, 39.81119 ], [ -0.37111, 39.81123 ], [ -0.37082, 39.8111 ], [ -0.3701, 39.81113 ], [ -0.36991, 39.811 ], [ -0.3693, 39.81019 ], [ -0.36711, 39.8093 ], [ -0.36696, 39.80928 ], [ -0.36677, 39.80947 ], [ -0.36629, 39.80954 ], [ -0.36572, 39.80986 ], [ -0.36512, 39.80992 ], [ -0.36491, 39.81008 ], [ -0.36505, 39.80961 ], [ -0.36549, 39.80945 ], [ -0.36564, 39.80931 ], [ -0.36571, 39.80899 ], [ -0.36582, 39.80889 ], [ -0.36542, 39.80862 ], [ -0.36528, 39.8088 ], [ -0.36407, 39.8089 ], [ -0.36381, 39.80906 ], [ -0.36381, 39.80965 ], [ -0.36388, 39.80986 ], [ -0.36318, 39.8103 ], [ -0.36303, 39.81021 ], [ -0.36287, 39.80992 ], [ -0.36271, 39.80984 ], [ -0.36253, 39.80987 ], [ -0.36229, 39.81012 ], [ -0.36185, 39.80992 ], [ -0.36202, 39.80951 ], [ -0.36184, 39.80937 ], [ -0.36155, 39.80933 ], [ -0.36172, 39.8088 ], [ -0.36197, 39.8086 ], [ -0.36181, 39.80845 ], [ -0.36194, 39.80828 ], [ -0.36251, 39.80834 ], [ -0.36289, 39.80822 ], [ -0.36316, 39.80809 ], [ -0.36327, 39.80783 ], [ -0.36244, 39.80747 ], [ -0.36233, 39.80771 ], [ -0.36154, 39.80759 ], [ -0.36138, 39.80778 ], [ -0.36125, 39.80833 ], [ -0.36056, 39.80889 ], [ -0.36024, 39.80901 ], [ -0.35969, 39.80882 ], [ -0.35912, 39.80824 ], [ -0.35913, 39.80799 ], [ -0.35926, 39.80783 ], [ -0.3592, 39.80766 ], [ -0.35861, 39.80794 ], [ -0.3579, 39.80851 ], [ -0.35787, 39.80857 ], [ -0.35812, 39.8087 ], [ -0.35817, 39.80884 ], [ -0.3581, 39.80907 ], [ -0.35756, 39.80906 ], [ -0.35767, 39.80937 ], [ -0.35798, 39.8094 ], [ -0.35758, 39.80979 ], [ -0.35764, 39.8101 ], [ -0.35779, 39.81024 ], [ -0.35875, 39.81045 ], [ -0.35871, 39.8106 ], [ -0.3589, 39.81055 ], [ -0.35926, 39.81071 ], [ -0.3591, 39.81116 ], [ -0.36132, 39.8116 ], [ -0.36125, 39.81144 ], [ -0.36165, 39.81121 ], [ -0.36188, 39.81117 ], [ -0.36222, 39.81124 ], [ -0.36239, 39.81117 ], [ -0.36276, 39.8112 ], [ -0.36284, 39.8111 ], [ -0.36311, 39.81102 ], [ -0.36384, 39.81111 ], [ -0.36422, 39.81106 ], [ -0.36441, 39.81117 ], [ -0.36429, 39.81122 ], [ -0.36416, 39.81143 ], [ -0.36319, 39.81132 ], [ -0.36303, 39.81148 ], [ -0.3628, 39.81154 ], [ -0.36292, 39.81164 ], [ -0.36254, 39.81199 ], [ -0.36247, 39.81227 ], [ -0.36253, 39.81243 ], [ -0.36323, 39.81224 ], [ -0.36327, 39.81234 ], [ -0.36305, 39.81249 ], [ -0.36327, 39.81325 ], [ -0.3629, 39.81335 ], [ -0.36319, 39.81339 ], [ -0.36283, 39.81367 ], [ -0.36279, 39.81381 ], [ -0.36269, 39.8138 ], [ -0.36266, 39.81353 ], [ -0.36238, 39.81339 ], [ -0.36205, 39.81374 ], [ -0.36198, 39.814 ], [ -0.36248, 39.81421 ], [ -0.36261, 39.81434 ], [ -0.3627, 39.81515 ], [ -0.36259, 39.81536 ], [ -0.36244, 39.81538 ], [ -0.3624, 39.81548 ], [ -0.3625, 39.81593 ], [ -0.36169, 39.81594 ], [ -0.3615, 39.81601 ], [ -0.36134, 39.81559 ], [ -0.36143, 39.81521 ], [ -0.36131, 39.81533 ], [ -0.36103, 39.81535 ], [ -0.36075, 39.8155 ], [ -0.36054, 39.81572 ], [ -0.36041, 39.81565 ], [ -0.36039, 39.81546 ], [ -0.36013, 39.81548 ], [ -0.36011, 39.8148 ], [ -0.36038, 39.81435 ], [ -0.36063, 39.8142 ], [ -0.36061, 39.81376 ], [ -0.36018, 39.81377 ], [ -0.35934, 39.81361 ], [ -0.35906, 39.81368 ], [ -0.35876, 39.81344 ], [ -0.3588, 39.81333 ], [ -0.35904, 39.81325 ], [ -0.35984, 39.81327 ], [ -0.36016, 39.81315 ], [ -0.35973, 39.81284 ], [ -0.35972, 39.81273 ], [ -0.36044, 39.81254 ], [ -0.36036, 39.8125 ], [ -0.36017, 39.81193 ], [ -0.35994, 39.81166 ], [ -0.35924, 39.81229 ], [ -0.35901, 39.81231 ], [ -0.35857, 39.81213 ], [ -0.35793, 39.81166 ], [ -0.35713, 39.8113 ], [ -0.35706, 39.81164 ], [ -0.35721, 39.81188 ], [ -0.35676, 39.81314 ], [ -0.3569, 39.81331 ], [ -0.35702, 39.81386 ], [ -0.35669, 39.81434 ], [ -0.35661, 39.81499 ], [ -0.35649, 39.81513 ], [ -0.35661, 39.81531 ], [ -0.35663, 39.8156 ], [ -0.35676, 39.81573 ], [ -0.35672, 39.81607 ], [ -0.35654, 39.81629 ], [ -0.35665, 39.81679 ], [ -0.35657, 39.81705 ], [ -0.35619, 39.81729 ], [ -0.35626, 39.8174 ], [ -0.35618, 39.81771 ], [ -0.35676, 39.8183 ], [ -0.35693, 39.81864 ], [ -0.35545, 39.81883 ], [ -0.35474, 39.8185 ], [ -0.35458, 39.81803 ], [ -0.35498, 39.81769 ], [ -0.35491, 39.81741 ], [ -0.35452, 39.81691 ], [ -0.35399, 39.81703 ], [ -0.35425, 39.81738 ], [ -0.35407, 39.81755 ], [ -0.35339, 39.8178 ], [ -0.35319, 39.81752 ], [ -0.35293, 39.81778 ], [ -0.35252, 39.81799 ], [ -0.35183, 39.81819 ], [ -0.35173, 39.81841 ], [ -0.35138, 39.81839 ], [ -0.35118, 39.81849 ], [ -0.35061, 39.8185 ], [ -0.35034, 39.81866 ], [ -0.34985, 39.81865 ], [ -0.34952, 39.81894 ], [ -0.34927, 39.81873 ], [ -0.34914, 39.81885 ], [ -0.34944, 39.8193 ], [ -0.3497, 39.82004 ], [ -0.34918, 39.82024 ], [ -0.34889, 39.8203 ], [ -0.3486, 39.81956 ], [ -0.34839, 39.81927 ], [ -0.34821, 39.81909 ], [ -0.34796, 39.81919 ], [ -0.34762, 39.81877 ], [ -0.34722, 39.81912 ], [ -0.347, 39.81913 ], [ -0.34706, 39.81926 ], [ -0.34651, 39.81968 ], [ -0.34601, 39.81973 ], [ -0.34587, 39.81955 ], [ -0.34575, 39.81968 ], [ -0.34481, 39.81953 ], [ -0.34485, 39.81929 ], [ -0.3453, 39.81904 ], [ -0.34572, 39.81899 ], [ -0.34637, 39.81911 ], [ -0.34627, 39.81888 ], [ -0.34689, 39.81846 ], [ -0.34686, 39.81827 ], [ -0.34723, 39.81849 ], [ -0.34752, 39.81803 ], [ -0.34765, 39.81757 ], [ -0.34773, 39.81754 ], [ -0.34772, 39.81729 ], [ -0.34761, 39.81708 ], [ -0.34775, 39.81704 ], [ -0.34762, 39.81681 ], [ -0.34744, 39.81686 ], [ -0.34739, 39.8168 ], [ -0.34746, 39.81658 ], [ -0.34724, 39.81689 ], [ -0.34705, 39.81692 ], [ -0.34695, 39.81683 ], [ -0.34662, 39.81692 ], [ -0.34641, 39.81719 ], [ -0.34629, 39.81715 ], [ -0.34601, 39.81728 ], [ -0.34539, 39.81769 ], [ -0.34467, 39.81777 ], [ -0.34443, 39.81772 ], [ -0.34395, 39.81827 ], [ -0.3437, 39.81828 ], [ -0.3436, 39.81863 ], [ -0.34329, 39.819 ], [ -0.34327, 39.81918 ], [ -0.3434, 39.81966 ], [ -0.34326, 39.81977 ], [ -0.3433, 39.81991 ], [ -0.34349, 39.82014 ], [ -0.3445, 39.82064 ], [ -0.34451, 39.82078 ], [ -0.3441, 39.82081 ], [ -0.34419, 39.82109 ], [ -0.34381, 39.82127 ], [ -0.34338, 39.8219 ], [ -0.35161, 39.82374 ] ], [ [ -0.34829, 39.82183 ], [ -0.34833, 39.82208 ], [ -0.34756, 39.82216 ], [ -0.34717, 39.82232 ], [ -0.34695, 39.82216 ], [ -0.34567, 39.82175 ], [ -0.34537, 39.82153 ], [ -0.34446, 39.82138 ], [ -0.34459, 39.82092 ], [ -0.34524, 39.82089 ], [ -0.34521, 39.82064 ], [ -0.34559, 39.82059 ], [ -0.3459, 39.82066 ], [ -0.34604, 39.82079 ], [ -0.34594, 39.82095 ], [ -0.34621, 39.82088 ], [ -0.34653, 39.82107 ], [ -0.34696, 39.82099 ], [ -0.34778, 39.82127 ], [ -0.34777, 39.82136 ], [ -0.34844, 39.82136 ], [ -0.34829, 39.82183 ] ], [ [ -0.36931, 39.81827 ], [ -0.36911, 39.81868 ], [ -0.36883, 39.8189 ], [ -0.36812, 39.81857 ], [ -0.36849, 39.81824 ], [ -0.36829, 39.81794 ], [ -0.36804, 39.81786 ], [ -0.36813, 39.81754 ], [ -0.36851, 39.8176 ], [ -0.36898, 39.81807 ], [ -0.36931, 39.81827 ] ], [ [ -0.36917, 39.81493 ], [ -0.36868, 39.81702 ], [ -0.36753, 39.81697 ], [ -0.36795, 39.81472 ], [ -0.36917, 39.81493 ] ], [ [ -0.36995, 39.81137 ], [ -0.36972, 39.81158 ], [ -0.36976, 39.81172 ], [ -0.36966, 39.81223 ], [ -0.36922, 39.81238 ], [ -0.3685, 39.81246 ], [ -0.36839, 39.81176 ], [ -0.36853, 39.81164 ], [ -0.36865, 39.81176 ], [ -0.36916, 39.81177 ], [ -0.36937, 39.81148 ], [ -0.36958, 39.81145 ], [ -0.36982, 39.81126 ], [ -0.36995, 39.81137 ] ], [ [ -0.35832, 39.81567 ], [ -0.35808, 39.81559 ], [ -0.35798, 39.81538 ], [ -0.35801, 39.81508 ], [ -0.3578, 39.81486 ], [ -0.35803, 39.8147 ], [ -0.35838, 39.81405 ], [ -0.3587, 39.81394 ], [ -0.35945, 39.81412 ], [ -0.35957, 39.81431 ], [ -0.35958, 39.81453 ], [ -0.35947, 39.81471 ], [ -0.3588, 39.81528 ], [ -0.3587, 39.81549 ], [ -0.35832, 39.81567 ] ] ] } },
{ "type": "Feature", "properties": { "denominacion": "DEHESA Y CENTELLA", "num_up": "CS129", "municipio": "SONEJA", "owner": 1, "owner_label": "Utilidad pública · Ayuntamiento", "hectareas": 5.45437047 }, "geometry": { "type": "Polygon", "coordinates": [ [ [ -0.38993, 39.82436 ], [ -0.39013, 39.82472 ], [ -0.39005, 39.82485 ], [ -0.39029, 39.82514 ], [ -0.3908, 39.82462 ], [ -0.39093, 39.8242 ], [ -0.39129, 39.824 ], [ -0.39151, 39.82408 ], [ -0.39203, 39.82318 ], [ -0.39177, 39.82323 ], [ -0.39117, 39.82368 ], [ -0.39095, 39.82338 ], [ -0.39073, 39.82328 ], [ -0.39078, 39.82315 ], [ -0.39094, 39.82314 ], [ -0.39105, 39.82281 ], [ -0.39117, 39.82271 ], [ -0.39112, 39.82249 ], [ -0.39127, 39.82245 ], [ -0.39135, 39.82223 ], [ -0.39194, 39.82211 ], [ -0.39185, 39.82177 ], [ -0.39162, 39.82164 ], [ -0.3913, 39.82164 ], [ -0.39048, 39.82188 ], [ -0.39026, 39.82236 ], [ -0.39005, 39.82243 ], [ -0.39009, 39.82259 ], [ -0.38949, 39.82275 ], [ -0.38896, 39.82301 ], [ -0.38893, 39.82294 ], [ -0.38956, 39.82263 ], [ -0.38953, 39.82255 ], [ -0.38888, 39.82286 ], [ -0.38808, 39.82255 ], [ -0.38801, 39.82283 ], [ -0.3882, 39.82331 ], [ -0.38865, 39.82331 ], [ -0.38908, 39.82347 ], [ -0.38918, 39.82391 ], [ -0.3894, 39.82424 ], [ -0.38993, 39.82436 ] ] ] } },
{ "type": "Feature", "properties": { "denominacion": "DEHESA Y CENTELLA", "num_up": "CS129", "municipio": "SONEJA", "owner": 1, "owner_label": "Utilidad pública · Ayuntamiento", "hectareas": 349.06979555000004 }, "geometry": { "type": "Polygon", "coordinates": [ [ [ -0.31269, 39.81201 ], [ -0.31243, 39.81302 ], [ -0.31285, 39.81298 ], [ -0.31267, 39.81336 ], [ -0.31317, 39.81348 ], [ -0.31346, 39.81345 ], [ -0.3144, 39.81383 ], [ -0.31528, 39.81387 ], [ -0.3154, 39.8137 ], [ -0.31596, 39.81352 ], [ -0.3162, 39.81334 ], [ -0.31628, 39.81352 ], [ -0.31682, 39.81354 ], [ -0.31722, 39.81332 ], [ -0.31718, 39.81318 ], [ -0.31729, 39.8129 ], [ -0.31828, 39.8123 ], [ -0.31811, 39.81197 ], [ -0.31836, 39.81185 ], [ -0.31836, 39.81175 ], [ -0.31775, 39.81088 ], [ -0.3181, 39.81089 ], [ -0.31824, 39.81075 ], [ -0.31828, 39.81101 ], [ -0.31853, 39.81084 ], [ -0.31864, 39.81066 ], [ -0.31937, 39.81122 ], [ -0.31984, 39.8114 ], [ -0.32019, 39.81114 ], [ -0.32001, 39.81074 ], [ -0.31956, 39.81071 ], [ -0.31943, 39.81053 ], [ -0.31949, 39.81038 ], [ -0.31914, 39.81028 ], [ -0.31907, 39.81011 ], [ -0.31876, 39.80992 ], [ -0.31917, 39.80973 ], [ -0.31922, 39.80934 ], [ -0.31895, 39.809 ], [ -0.31857, 39.809 ], [ -0.31799, 39.81018 ], [ -0.31726, 39.81012 ], [ -0.31738, 39.80982 ], [ -0.31791, 39.80943 ], [ -0.31801, 39.80924 ], [ -0.31755, 39.80896 ], [ -0.3172, 39.80912 ], [ -0.31744, 39.80864 ], [ -0.31782, 39.80841 ], [ -0.31806, 39.80811 ], [ -0.31788, 39.80786 ], [ -0.31793, 39.8077 ], [ -0.31851, 39.80724 ], [ -0.31887, 39.80668 ], [ -0.31901, 39.80758 ], [ -0.31839, 39.80794 ], [ -0.31843, 39.80851 ], [ -0.31796, 39.80868 ], [ -0.31794, 39.80878 ], [ -0.31818, 39.80889 ], [ -0.31904, 39.80857 ], [ -0.31936, 39.80866 ], [ -0.31969, 39.80911 ], [ -0.3197, 39.80921 ], [ -0.32011, 39.80949 ], [ -0.32046, 39.80905 ], [ -0.32082, 39.80881 ], [ -0.32079, 39.8085 ], [ -0.32057, 39.80845 ], [ -0.32141, 39.808 ], [ -0.32188, 39.80785 ], [ -0.32162, 39.8074 ], [ -0.3238, 39.80702 ], [ -0.32345, 39.80659 ], [ -0.32371, 39.80645 ], [ -0.32449, 39.80628 ], [ -0.32465, 39.8059 ], [ -0.32456, 39.80557 ], [ -0.32474, 39.80571 ], [ -0.32483, 39.80595 ], [ -0.32494, 39.80593 ], [ -0.32525, 39.80643 ], [ -0.32493, 39.80729 ], [ -0.32517, 39.80735 ], [ -0.3263, 39.80725 ], [ -0.32712, 39.8073 ], [ -0.32753, 39.80719 ], [ -0.32762, 39.80706 ], [ -0.32799, 39.80719 ], [ -0.3292, 39.8064 ], [ -0.32951, 39.80649 ], [ -0.32967, 39.80642 ], [ -0.32967, 39.80623 ], [ -0.33018, 39.8064 ], [ -0.33075, 39.8061 ], [ -0.33141, 39.80653 ], [ -0.33199, 39.80652 ], [ -0.33257, 39.80675 ], [ -0.3321, 39.8068 ], [ -0.33246, 39.80763 ], [ -0.33291, 39.80807 ], [ -0.33311, 39.80801 ], [ -0.33342, 39.80828 ], [ -0.33398, 39.80799 ], [ -0.33501, 39.80769 ], [ -0.33532, 39.80774 ], [ -0.33564, 39.80789 ], [ -0.33596, 39.80787 ], [ -0.33628, 39.80805 ], [ -0.33646, 39.80825 ], [ -0.33667, 39.80831 ], [ -0.33751, 39.8076 ], [ -0.33748, 39.80738 ], [ -0.33797, 39.80711 ], [ -0.33811, 39.80691 ], [ -0.338, 39.80675 ], [ -0.33804, 39.80643 ], [ -0.34058, 39.80635 ], [ -0.34077, 39.8062 ], [ -0.34163, 39.80635 ], [ -0.34126, 39.80656 ], [ -0.34039, 39.80648 ], [ -0.34004, 39.8067 ], [ -0.34, 39.8068 ], [ -0.34038, 39.80687 ], [ -0.34049, 39.80718 ], [ -0.3403, 39.80768 ], [ -0.34031, 39.80792 ], [ -0.34054, 39.80776 ], [ -0.34065, 39.80781 ], [ -0.34099, 39.80768 ], [ -0.34172, 39.80782 ], [ -0.34167, 39.80744 ], [ -0.34224, 39.80744 ], [ -0.34241, 39.8069 ], [ -0.34331, 39.80709 ], [ -0.34301, 39.80713 ], [ -0.34284, 39.80765 ], [ -0.34248, 39.80809 ], [ -0.34164, 39.80805 ], [ -0.34034, 39.8082 ], [ -0.34002, 39.80798 ], [ -0.34011, 39.80795 ], [ -0.33993, 39.80777 ], [ -0.33952, 39.80769 ], [ -0.33854, 39.80788 ], [ -0.33798, 39.80816 ], [ -0.33758, 39.8086 ], [ -0.33772, 39.80893 ], [ -0.3377, 39.80916 ], [ -0.33784, 39.80927 ], [ -0.33853, 39.8093 ], [ -0.33842, 39.80947 ], [ -0.33868, 39.80966 ], [ -0.33903, 39.80961 ], [ -0.33889, 39.80935 ], [ -0.33939, 39.80928 ], [ -0.33959, 39.80915 ], [ -0.33977, 39.80931 ], [ -0.34033, 39.80929 ], [ -0.34077, 39.80948 ], [ -0.34106, 39.80991 ], [ -0.34069, 39.81013 ], [ -0.3407, 39.81008 ], [ -0.34045, 39.81016 ], [ -0.34041, 39.81034 ], [ -0.34015, 39.8104 ], [ -0.34025, 39.81069 ], [ -0.34, 39.81072 ], [ -0.33981, 39.81071 ], [ -0.33974, 39.81042 ], [ -0.34018, 39.8103 ], [ -0.34004, 39.81011 ], [ -0.34023, 39.81004 ], [ -0.34018, 39.80997 ], [ -0.33923, 39.8102 ], [ -0.33908, 39.80998 ], [ -0.33847, 39.80973 ], [ -0.33777, 39.81008 ], [ -0.33815, 39.81044 ], [ -0.33771, 39.81047 ], [ -0.33698, 39.81025 ], [ -0.33696, 39.81066 ], [ -0.33765, 39.81081 ], [ -0.33852, 39.81083 ], [ -0.33876, 39.81096 ], [ -0.33909, 39.81088 ], [ -0.33915, 39.81118 ], [ -0.33888, 39.81147 ], [ -0.3383, 39.81173 ], [ -0.33803, 39.81203 ], [ -0.33811, 39.81231 ], [ -0.3387, 39.81242 ], [ -0.33949, 39.81235 ], [ -0.33944, 39.81206 ], [ -0.33996, 39.81208 ], [ -0.33972, 39.81234 ], [ -0.33952, 39.81334 ], [ -0.33912, 39.81329 ], [ -0.33861, 39.81296 ], [ -0.33844, 39.81334 ], [ -0.33819, 39.81322 ], [ -0.33816, 39.81335 ], [ -0.33795, 39.81332 ], [ -0.33789, 39.81365 ], [ -0.33735, 39.81384 ], [ -0.3372, 39.8142 ], [ -0.33742, 39.81436 ], [ -0.33763, 39.81474 ], [ -0.33797, 39.81471 ], [ -0.33792, 39.81494 ], [ -0.33695, 39.81483 ], [ -0.3365, 39.8149 ], [ -0.3365, 39.81503 ], [ -0.33634, 39.81516 ], [ -0.33563, 39.81507 ], [ -0.33543, 39.81544 ], [ -0.33589, 39.81568 ], [ -0.33568, 39.81589 ], [ -0.33368, 39.81504 ], [ -0.33354, 39.8152 ], [ -0.3357, 39.81612 ], [ -0.33606, 39.81615 ], [ -0.336, 39.81635 ], [ -0.33577, 39.81634 ], [ -0.33524, 39.81692 ], [ -0.33523, 39.81719 ], [ -0.33495, 39.81737 ], [ -0.33544, 39.81786 ], [ -0.33491, 39.81819 ], [ -0.33471, 39.8182 ], [ -0.33427, 39.81886 ], [ -0.33332, 39.81934 ], [ -0.33341, 39.81945 ], [ -0.33408, 39.81969 ], [ -0.33381, 39.81987 ], [ -0.33369, 39.82004 ], [ -0.33298, 39.81979 ], [ -0.33299, 39.82029 ], [ -0.33285, 39.8203 ], [ -0.33306, 39.82055 ], [ -0.33302, 39.82069 ], [ -0.3333, 39.82079 ], [ -0.33347, 39.82077 ], [ -0.33332, 39.82095 ], [ -0.33329, 39.82132 ], [ -0.33352, 39.82146 ], [ -0.33344, 39.82161 ], [ -0.33358, 39.82159 ], [ -0.33374, 39.82142 ], [ -0.33442, 39.82136 ], [ -0.33449, 39.82147 ], [ -0.33388, 39.82191 ], [ -0.334, 39.8222 ], [ -0.33459, 39.82249 ], [ -0.33498, 39.82216 ], [ -0.33489, 39.82194 ], [ -0.33505, 39.82157 ], [ -0.33548, 39.82131 ], [ -0.33574, 39.82147 ], [ -0.33593, 39.82172 ], [ -0.33674, 39.82195 ], [ -0.33729, 39.82227 ], [ -0.33562, 39.82287 ], [ -0.33401, 39.82322 ], [ -0.33124, 39.82359 ], [ -0.33051, 39.82385 ], [ -0.32868, 39.8238 ], [ -0.32781, 39.82436 ], [ -0.32675, 39.82468 ], [ -0.32523, 39.82454 ], [ -0.32466, 39.82434 ], [ -0.32418, 39.8239 ], [ -0.32312, 39.82376 ], [ -0.32298, 39.82386 ], [ -0.32236, 39.82359 ], [ -0.32174, 39.82363 ], [ -0.32149, 39.82351 ], [ -0.32149, 39.8238 ], [ -0.32119, 39.8237 ], [ -0.3211, 39.8235 ], [ -0.32098, 39.82343 ], [ -0.32027, 39.82332 ], [ -0.31989, 39.82338 ], [ -0.31933, 39.82331 ], [ -0.31849, 39.8235 ], [ -0.31766, 39.82333 ], [ -0.31728, 39.82338 ], [ -0.31617, 39.82331 ], [ -0.31629, 39.82305 ], [ -0.31341, 39.82287 ], [ -0.31285, 39.82105 ], [ -0.31419, 39.82093 ], [ -0.31516, 39.82063 ], [ -0.31535, 39.82037 ], [ -0.31495, 39.81977 ], [ -0.31386, 39.81994 ], [ -0.31252, 39.81997 ], [ -0.311, 39.81508 ], [ -0.31133, 39.81499 ], [ -0.31092, 39.81451 ], [ -0.31081, 39.81407 ], [ -0.31066, 39.81402 ], [ -0.31055, 39.81367 ], [ -0.31279, 39.80942 ], [ -0.31464, 39.80446 ], [ -0.31549, 39.80177 ], [ -0.31602, 39.80143 ], [ -0.31559, 39.80108 ], [ -0.31602, 39.79983 ], [ -0.31894, 39.80023 ], [ -0.31911, 39.80042 ], [ -0.31938, 39.80028 ], [ -0.32109, 39.80052 ], [ -0.32127, 39.80073 ], [ -0.32171, 39.8006 ], [ -0.32533, 39.80108 ], [ -0.32531, 39.80118 ], [ -0.32563, 39.80122 ], [ -0.32584, 39.80116 ], [ -0.32627, 39.80127 ], [ -0.32567, 39.80132 ], [ -0.3255, 39.80141 ], [ -0.32577, 39.80176 ], [ -0.326, 39.8019 ], [ -0.3256, 39.80243 ], [ -0.32444, 39.80306 ], [ -0.32293, 39.80321 ], [ -0.3218, 39.80306 ], [ -0.32182, 39.80295 ], [ -0.32122, 39.80273 ], [ -0.32058, 39.8027 ], [ -0.3206, 39.80281 ], [ -0.32019, 39.80307 ], [ -0.31966, 39.80326 ], [ -0.31855, 39.80263 ], [ -0.31803, 39.80243 ], [ -0.31823, 39.80265 ], [ -0.31803, 39.80288 ], [ -0.31824, 39.80316 ], [ -0.31865, 39.80323 ], [ -0.31921, 39.80374 ], [ -0.31867, 39.80377 ], [ -0.31885, 39.80402 ], [ -0.31848, 39.80427 ], [ -0.31856, 39.80469 ], [ -0.31901, 39.80495 ], [ -0.31899, 39.80518 ], [ -0.31841, 39.80566 ], [ -0.31775, 39.80641 ], [ -0.31633, 39.8075 ], [ -0.31619, 39.80775 ], [ -0.31622, 39.80804 ], [ -0.31668, 39.80824 ], [ -0.31609, 39.80867 ], [ -0.31561, 39.80853 ], [ -0.31541, 39.80867 ], [ -0.31505, 39.80859 ], [ -0.31469, 39.809 ], [ -0.31487, 39.80922 ], [ -0.31435, 39.8096 ], [ -0.31412, 39.80961 ], [ -0.31372, 39.81006 ], [ -0.31346, 39.81004 ], [ -0.31297, 39.81051 ], [ -0.31263, 39.81117 ], [ -0.31267, 39.81132 ], [ -0.31318, 39.81122 ], [ -0.3136, 39.81153 ], [ -0.31393, 39.81151 ], [ -0.31403, 39.81141 ], [ -0.31408, 39.81185 ], [ -0.31363, 39.81219 ], [ -0.31302, 39.81195 ], [ -0.3127, 39.81197 ], [ -0.31269, 39.81201 ] ], [ [ -0.3247, 39.82313 ], [ -0.32521, 39.82315 ], [ -0.32494, 39.82251 ], [ -0.32391, 39.82252 ], [ -0.32301, 39.82238 ], [ -0.32319, 39.8229 ], [ -0.32334, 39.82311 ], [ -0.32383, 39.82328 ], [ -0.3247, 39.82313 ] ], [ [ -0.31474, 39.82191 ], [ -0.31433, 39.82202 ], [ -0.31343, 39.82246 ], [ -0.31363, 39.82255 ], [ -0.31427, 39.82238 ], [ -0.31451, 39.82224 ], [ -0.31474, 39.82191 ] ], [ [ -0.3273, 39.82107 ], [ -0.32719, 39.82088 ], [ -0.32748, 39.8204 ], [ -0.32751, 39.81994 ], [ -0.3272, 39.81999 ], [ -0.32684, 39.81994 ], [ -0.32643, 39.82144 ], [ -0.32696, 39.82183 ], [ -0.32716, 39.82173 ], [ -0.3273, 39.82107 ] ], [ [ -0.32187, 39.82048 ], [ -0.32252, 39.82048 ], [ -0.3234, 39.82072 ], [ -0.32415, 39.82065 ], [ -0.32449, 39.82051 ], [ -0.32495, 39.82029 ], [ -0.32511, 39.81994 ], [ -0.32438, 39.81992 ], [ -0.32433, 39.81976 ], [ -0.32526, 39.81985 ], [ -0.32547, 39.81914 ], [ -0.32481, 39.81905 ], [ -0.32474, 39.81879 ], [ -0.32423, 39.81882 ], [ -0.32341, 39.81918 ], [ -0.32334, 39.81948 ], [ -0.32317, 39.81962 ], [ -0.3217, 39.81965 ], [ -0.32159, 39.81951 ], [ -0.3216, 39.81934 ], [ -0.32133, 39.81904 ], [ -0.32094, 39.81911 ], [ -0.32057, 39.81884 ], [ -0.32062, 39.81862 ], [ -0.32104, 39.81877 ], [ -0.32125, 39.81866 ], [ -0.32131, 39.81838 ], [ -0.32159, 39.81828 ], [ -0.32181, 39.81851 ], [ -0.32242, 39.81872 ], [ -0.32317, 39.8185 ], [ -0.32387, 39.81877 ], [ -0.3245, 39.81842 ], [ -0.32522, 39.81874 ], [ -0.32555, 39.81862 ], [ -0.32567, 39.8188 ], [ -0.3262, 39.81869 ], [ -0.32706, 39.8183 ], [ -0.32714, 39.81877 ], [ -0.3277, 39.8185 ], [ -0.32761, 39.81816 ], [ -0.32735, 39.81776 ], [ -0.32721, 39.81784 ], [ -0.32672, 39.81773 ], [ -0.32467, 39.81698 ], [ -0.32384, 39.81676 ], [ -0.32267, 39.81682 ], [ -0.32257, 39.81696 ], [ -0.32141, 39.81691 ], [ -0.32046, 39.81665 ], [ -0.32047, 39.81638 ], [ -0.32064, 39.81636 ], [ -0.32062, 39.81611 ], [ -0.32057, 39.81586 ], [ -0.32037, 39.81584 ], [ -0.31991, 39.81631 ], [ -0.31942, 39.81655 ], [ -0.31916, 39.81658 ], [ -0.31933, 39.81721 ], [ -0.31926, 39.81734 ], [ -0.3185, 39.8168 ], [ -0.3186, 39.81668 ], [ -0.31844, 39.81654 ], [ -0.3181, 39.81649 ], [ -0.31798, 39.81659 ], [ -0.3181, 39.81669 ], [ -0.31804, 39.81687 ], [ -0.31818, 39.81692 ], [ -0.31819, 39.81727 ], [ -0.3179, 39.81765 ], [ -0.31796, 39.81767 ], [ -0.31777, 39.81797 ], [ -0.31796, 39.81803 ], [ -0.31783, 39.81818 ], [ -0.31762, 39.81812 ], [ -0.31753, 39.81818 ], [ -0.3175, 39.81848 ], [ -0.31732, 39.81835 ], [ -0.31681, 39.81858 ], [ -0.31653, 39.81778 ], [ -0.31549, 39.81851 ], [ -0.3162, 39.81856 ], [ -0.31607, 39.81889 ], [ -0.31598, 39.81893 ], [ -0.31609, 39.81907 ], [ -0.31642, 39.81916 ], [ -0.31679, 39.8194 ], [ -0.31715, 39.81927 ], [ -0.31725, 39.81929 ], [ -0.31719, 39.81942 ], [ -0.31749, 39.81942 ], [ -0.31786, 39.81917 ], [ -0.3179, 39.81955 ], [ -0.31855, 39.81968 ], [ -0.31967, 39.82025 ], [ -0.32024, 39.82026 ], [ -0.3202, 39.82069 ], [ -0.32077, 39.82077 ], [ -0.32096, 39.82069 ], [ -0.32114, 39.82113 ], [ -0.32182, 39.82121 ], [ -0.32176, 39.82081 ], [ -0.32187, 39.82048 ] ], [ [ -0.31579, 39.81759 ], [ -0.31627, 39.81747 ], [ -0.31581, 39.81732 ], [ -0.31548, 39.81695 ], [ -0.31512, 39.81677 ], [ -0.31476, 39.81694 ], [ -0.31441, 39.81678 ], [ -0.31411, 39.81681 ], [ -0.3139, 39.81697 ], [ -0.314, 39.81721 ], [ -0.31421, 39.81735 ], [ -0.31441, 39.81762 ], [ -0.31462, 39.81773 ], [ -0.31469, 39.81726 ], [ -0.31501, 39.81753 ], [ -0.31515, 39.8182 ], [ -0.31555, 39.8183 ], [ -0.31583, 39.81786 ], [ -0.31579, 39.81759 ] ], [ [ -0.3163, 39.81706 ], [ -0.31683, 39.81678 ], [ -0.31724, 39.81677 ], [ -0.31702, 39.81612 ], [ -0.31685, 39.81575 ], [ -0.31661, 39.81547 ], [ -0.31656, 39.81522 ], [ -0.31629, 39.81516 ], [ -0.31607, 39.8153 ], [ -0.31588, 39.81529 ], [ -0.31585, 39.81507 ], [ -0.3157, 39.81493 ], [ -0.31547, 39.81528 ], [ -0.31495, 39.81577 ], [ -0.31486, 39.81541 ], [ -0.31506, 39.81479 ], [ -0.31494, 39.81479 ], [ -0.31383, 39.81372 ], [ -0.31373, 39.81379 ], [ -0.31311, 39.81373 ], [ -0.31293, 39.81423 ], [ -0.31284, 39.81509 ], [ -0.31324, 39.81559 ], [ -0.31275, 39.81579 ], [ -0.31271, 39.8159 ], [ -0.31301, 39.8165 ], [ -0.31352, 39.81649 ], [ -0.31367, 39.81662 ], [ -0.31405, 39.81667 ], [ -0.31516, 39.81659 ], [ -0.31599, 39.81704 ], [ -0.3163, 39.81706 ] ], [ [ -0.31669, 39.81751 ], [ -0.31702, 39.81743 ], [ -0.31739, 39.81771 ], [ -0.3176, 39.81775 ], [ -0.31757, 39.81756 ], [ -0.31704, 39.81718 ], [ -0.31682, 39.81711 ], [ -0.31661, 39.81724 ], [ -0.31656, 39.81739 ], [ -0.31669, 39.81751 ] ], [ [ -0.32097, 39.81671 ], [ -0.32105, 39.81661 ], [ -0.32086, 39.8165 ], [ -0.32077, 39.81662 ], [ -0.32097, 39.81671 ] ], [ [ -0.33238, 39.81975 ], [ -0.33249, 39.82025 ], [ -0.33269, 39.82009 ], [ -0.33273, 39.81945 ], [ -0.33262, 39.81944 ], [ -0.33238, 39.81975 ] ], [ [ -0.33151, 39.81971 ], [ -0.33124, 39.81972 ], [ -0.33102, 39.82039 ], [ -0.33138, 39.82048 ], [ -0.33205, 39.8205 ], [ -0.33209, 39.82006 ], [ -0.33151, 39.81971 ] ], [ [ -0.33093, 39.8195 ], [ -0.3301, 39.81945 ], [ -0.32991, 39.81983 ], [ -0.32939, 39.82038 ], [ -0.33047, 39.82036 ], [ -0.33082, 39.81997 ], [ -0.3306, 39.81991 ], [ -0.33102, 39.81969 ], [ -0.33093, 39.8195 ] ], [ [ -0.3283, 39.81989 ], [ -0.32803, 39.81997 ], [ -0.328, 39.82009 ], [ -0.32864, 39.82003 ], [ -0.32911, 39.82014 ], [ -0.32919, 39.82 ], [ -0.32912, 39.81994 ], [ -0.3283, 39.81989 ] ], [ [ -0.32424, 39.81309 ], [ -0.32391, 39.81332 ], [ -0.32444, 39.81386 ], [ -0.32482, 39.81373 ], [ -0.32516, 39.8135 ], [ -0.32501, 39.81336 ], [ -0.32441, 39.81321 ], [ -0.32424, 39.81309 ] ], [ [ -0.31902, 39.81182 ], [ -0.31877, 39.81184 ], [ -0.3185, 39.81175 ], [ -0.31859, 39.81214 ], [ -0.31839, 39.81231 ], [ -0.31883, 39.81249 ], [ -0.31914, 39.81237 ], [ -0.31929, 39.81214 ], [ -0.31902, 39.81182 ] ], [ [ -0.33686, 39.8106 ], [ -0.33587, 39.80993 ], [ -0.33526, 39.81039 ], [ -0.33618, 39.81109 ], [ -0.33678, 39.8111 ], [ -0.33686, 39.8106 ] ], [ [ -0.3348, 39.80949 ], [ -0.33489, 39.80909 ], [ -0.33437, 39.80899 ], [ -0.33391, 39.80928 ], [ -0.33356, 39.80911 ], [ -0.33343, 39.80926 ], [ -0.33364, 39.80954 ], [ -0.33337, 39.80981 ], [ -0.33435, 39.81015 ], [ -0.33494, 39.80998 ], [ -0.3348, 39.80949 ] ], [ [ -0.31982, 39.80263 ], [ -0.31991, 39.80249 ], [ -0.31964, 39.8023 ], [ -0.31926, 39.80244 ], [ -0.31885, 39.80243 ], [ -0.31879, 39.80265 ], [ -0.3193, 39.80278 ], [ -0.31982, 39.80263 ] ] ] } },
{ "type": "Feature", "properties": { "denominacion": "DEHESA Y CENTELLA", "num_up": "CS129", "municipio": "SONEJA", "owner": 1, "owner_label": "Utilidad pública · Ayuntamiento", "hectareas": 46.43620824 }, "geometry": { "type": "Polygon", "coordinates": [ [ [ -0.38688, 39.82656 ], [ -0.38676, 39.82628 ], [ -0.38758, 39.82589 ], [ -0.38775, 39.826 ], [ -0.38766, 39.8262 ], [ -0.38778, 39.8262 ], [ -0.38781, 39.82634 ], [ -0.38838, 39.82635 ], [ -0.38879, 39.82592 ], [ -0.38863, 39.82582 ], [ -0.38864, 39.82551 ], [ -0.38846, 39.8256 ], [ -0.38764, 39.82457 ], [ -0.38721, 39.82487 ], [ -0.38703, 39.8249 ], [ -0.38686, 39.82471 ], [ -0.3867, 39.82423 ], [ -0.3864, 39.82377 ], [ -0.38608, 39.82364 ], [ -0.38564, 39.82357 ], [ -0.38521, 39.8236 ], [ -0.38491, 39.82369 ], [ -0.38445, 39.82403 ], [ -0.38431, 39.82406 ], [ -0.38435, 39.8246 ], [ -0.38356, 39.82505 ], [ -0.38366, 39.82528 ], [ -0.38336, 39.82602 ], [ -0.38287, 39.82643 ], [ -0.38269, 39.8264 ], [ -0.38255, 39.82624 ], [ -0.38253, 39.82605 ], [ -0.38237, 39.82583 ], [ -0.38277, 39.82518 ], [ -0.38334, 39.82472 ], [ -0.38372, 39.82398 ], [ -0.38361, 39.82321 ], [ -0.38343, 39.82297 ], [ -0.38322, 39.82289 ], [ -0.38117, 39.82371 ], [ -0.38082, 39.82408 ], [ -0.3814, 39.82461 ], [ -0.38143, 39.8248 ], [ -0.38099, 39.82491 ], [ -0.38007, 39.82468 ], [ -0.37997, 39.82458 ], [ -0.38021, 39.82397 ], [ -0.38058, 39.82351 ], [ -0.3807, 39.82249 ], [ -0.38302, 39.82173 ], [ -0.38318, 39.82152 ], [ -0.38305, 39.8214 ], [ -0.38309, 39.82116 ], [ -0.38364, 39.82073 ], [ -0.38345, 39.82078 ], [ -0.38256, 39.8202 ], [ -0.3825, 39.82014 ], [ -0.38269, 39.82009 ], [ -0.38267, 39.81994 ], [ -0.38229, 39.81976 ], [ -0.38246, 39.81949 ], [ -0.38205, 39.81931 ], [ -0.3817, 39.81925 ], [ -0.38198, 39.81881 ], [ -0.38189, 39.8186 ], [ -0.38165, 39.81848 ], [ -0.38162, 39.81838 ], [ -0.38181, 39.81842 ], [ -0.38223, 39.81832 ], [ -0.38219, 39.81799 ], [ -0.38211, 39.81794 ], [ -0.38161, 39.81803 ], [ -0.38138, 39.81819 ], [ -0.38125, 39.81856 ], [ -0.38102, 39.81867 ], [ -0.38071, 39.81856 ], [ -0.38014, 39.81782 ], [ -0.37992, 39.81796 ], [ -0.37982, 39.81831 ], [ -0.38032, 39.81844 ], [ -0.38069, 39.81868 ], [ -0.38067, 39.81902 ], [ -0.38006, 39.81901 ], [ -0.37985, 39.81874 ], [ -0.37939, 39.81856 ], [ -0.37914, 39.81859 ], [ -0.37876, 39.81845 ], [ -0.37839, 39.81846 ], [ -0.3782, 39.81896 ], [ -0.37838, 39.81924 ], [ -0.37815, 39.81949 ], [ -0.37799, 39.81948 ], [ -0.37786, 39.81997 ], [ -0.37768, 39.82014 ], [ -0.37805, 39.82018 ], [ -0.37848, 39.82066 ], [ -0.37853, 39.82088 ], [ -0.37877, 39.8209 ], [ -0.37894, 39.82121 ], [ -0.3793, 39.82124 ], [ -0.37925, 39.82235 ], [ -0.37916, 39.82247 ], [ -0.37955, 39.82265 ], [ -0.3789, 39.82319 ], [ -0.37871, 39.82352 ], [ -0.37869, 39.82383 ], [ -0.37854, 39.82399 ], [ -0.37833, 39.824 ], [ -0.37916, 39.82952 ], [ -0.38036, 39.8295 ], [ -0.38093, 39.82938 ], [ -0.38044, 39.82891 ], [ -0.3801, 39.82894 ], [ -0.38001, 39.82885 ], [ -0.38011, 39.82876 ], [ -0.38069, 39.82871 ], [ -0.38131, 39.82883 ], [ -0.38141, 39.82876 ], [ -0.38147, 39.82835 ], [ -0.3816, 39.82829 ], [ -0.38204, 39.8283 ], [ -0.38191, 39.82803 ], [ -0.38269, 39.82761 ], [ -0.38233, 39.82673 ], [ -0.38244, 39.82667 ], [ -0.38321, 39.82658 ], [ -0.38337, 39.82683 ], [ -0.38432, 39.82666 ], [ -0.38425, 39.82707 ], [ -0.38434, 39.82709 ], [ -0.38445, 39.82773 ], [ -0.38514, 39.82752 ], [ -0.3852, 39.82737 ], [ -0.38501, 39.8273 ], [ -0.38496, 39.8272 ], [ -0.38507, 39.82709 ], [ -0.38526, 39.82707 ], [ -0.38617, 39.8266 ], [ -0.38688, 39.82656 ] ], [ [ -0.38617, 39.8266 ], [ -0.38552, 39.82677 ], [ -0.38542, 39.8267 ], [ -0.38544, 39.82651 ], [ -0.38531, 39.82643 ], [ -0.38534, 39.82629 ], [ -0.3856, 39.82612 ], [ -0.38597, 39.82604 ], [ -0.38607, 39.82613 ], [ -0.38602, 39.82638 ], [ -0.3862, 39.82646 ], [ -0.38617, 39.8266 ] ], [ [ -0.38504, 39.82572 ], [ -0.38502, 39.82603 ], [ -0.38512, 39.82611 ], [ -0.38491, 39.82623 ], [ -0.3851, 39.82636 ], [ -0.38499, 39.82639 ], [ -0.38454, 39.82627 ], [ -0.38416, 39.82593 ], [ -0.3842, 39.82582 ], [ -0.38435, 39.82578 ], [ -0.38504, 39.82572 ] ], [ [ -0.38619, 39.8259 ], [ -0.38577, 39.82601 ], [ -0.38526, 39.82606 ], [ -0.38527, 39.82576 ], [ -0.38535, 39.82567 ], [ -0.38626, 39.82539 ], [ -0.38619, 39.8259 ] ], [ [ -0.37971, 39.82372 ], [ -0.37923, 39.8234 ], [ -0.37921, 39.82325 ], [ -0.37957, 39.82296 ], [ -0.37975, 39.82291 ], [ -0.38055, 39.82324 ], [ -0.38057, 39.82335 ], [ -0.38044, 39.82344 ], [ -0.38041, 39.82356 ], [ -0.37971, 39.82372 ] ] ] } },
{ "type": "Feature", "properties": { "denominacion": "DEHESA Y CENTELLA", "num_up": "CS129", "municipio": "SONEJA", "owner": 1, "owner_label": "Utilidad pública · Ayuntamiento", "hectareas": 0.55276826 }, "geometry": { "type": "Polygon", "coordinates": [ [ [ -0.34421, 39.80157 ], [ -0.34481, 39.80146 ], [ -0.34593, 39.80127 ], [ -0.34533, 39.80107 ], [ -0.34441, 39.80096 ], [ -0.34412, 39.80135 ], [ -0.34426, 39.80146 ], [ -0.34421, 39.80157 ] ] ] } },
{ "type": "Feature", "properties": { "denominacion": "RIBERAS DEL RÍO PALANCIA EN TÉRMINO DE SONEJA", "num_up": "CS080", "municipio": "SONEJA", "owner": 2, "owner_label": "Utilidad pública · Generalitat", "hectareas": 1.26989011 }, "geometry": { "type": "Polygon", "coordinates": [ [ [ -0.41549, 39.814 ], [ -0.41728, 39.81487 ], [ -0.41747, 39.815 ], [ -0.41749, 39.8151 ], [ -0.41855, 39.81575 ], [ -0.4191, 39.81627 ], [ -0.41958, 39.81638 ], [ -0.41985, 39.81664 ], [ -0.41996, 39.81657 ], [ -0.41873, 39.81547 ], [ -0.41816, 39.81519 ], [ -0.41719, 39.8145 ], [ -0.41683, 39.81429 ], [ -0.41583, 39.81395 ], [ -0.41549, 39.814 ] ] ] } },
{ "type": "Feature", "properties": { "denominacion": "RIBERAS DEL RÍO PALANCIA EN TÉRMINO DE SONEJA", "num_up": "CS080", "municipio": "SONEJA", "owner": 2, "owner_label": "Utilidad pública · Generalitat", "hectareas": 4.02281376 }, "geometry": { "type": "Polygon", "coordinates": [ [ [ -0.42383, 39.82068 ], [ -0.42619, 39.82159 ], [ -0.42612, 39.82142 ], [ -0.42655, 39.82149 ], [ -0.42565, 39.82118 ], [ -0.42443, 39.8205 ], [ -0.42346, 39.82026 ], [ -0.42173, 39.81947 ], [ -0.42141, 39.81894 ], [ -0.42024, 39.8175 ], [ -0.42032, 39.81721 ], [ -0.42008, 39.81729 ], [ -0.4202, 39.81722 ], [ -0.42005, 39.81695 ], [ -0.41954, 39.81682 ], [ -0.41946, 39.81651 ], [ -0.41914, 39.81643 ], [ -0.41779, 39.81538 ], [ -0.4163, 39.81453 ], [ -0.41533, 39.8142 ], [ -0.41517, 39.81442 ], [ -0.41631, 39.81476 ], [ -0.41709, 39.81523 ], [ -0.41845, 39.8164 ], [ -0.41868, 39.81669 ], [ -0.41909, 39.81685 ], [ -0.41975, 39.81733 ], [ -0.42082, 39.81832 ], [ -0.42069, 39.81826 ], [ -0.42066, 39.81832 ], [ -0.42109, 39.81861 ], [ -0.42112, 39.81881 ], [ -0.42129, 39.81892 ], [ -0.42149, 39.81926 ], [ -0.42163, 39.81995 ], [ -0.42249, 39.8206 ], [ -0.423, 39.82074 ], [ -0.42308, 39.82062 ], [ -0.42323, 39.82057 ], [ -0.42383, 39.82068 ] ] ] } },
{ "type": "Feature", "properties": { "denominacion": "RIBERAS DEL RÍO PALANCIA EN TÉRMINO DE SONEJA", "num_up": "CS080", "municipio": "SONEJA", "owner": 2, "owner_label": "Utilidad pública · Generalitat", "hectareas": 5.34091484 }, "geometry": { "type": "Polygon", "coordinates": [ [ [ -0.4275, 39.82165 ], [ -0.42845, 39.82186 ], [ -0.42869, 39.82182 ], [ -0.42929, 39.82167 ], [ -0.42918, 39.82152 ], [ -0.42987, 39.82149 ], [ -0.43049, 39.82117 ], [ -0.43251, 39.8211 ], [ -0.43354, 39.82084 ], [ -0.43426, 39.82077 ], [ -0.4342, 39.82072 ], [ -0.43427, 39.8207 ], [ -0.4349, 39.82067 ], [ -0.43691, 39.82028 ], [ -0.43587, 39.82019 ], [ -0.43498, 39.82038 ], [ -0.43437, 39.82036 ], [ -0.43341, 39.82062 ], [ -0.43342, 39.82083 ], [ -0.43307, 39.82087 ], [ -0.43307, 39.8207 ], [ -0.43277, 39.82074 ], [ -0.43281, 39.82085 ], [ -0.43251, 39.82083 ], [ -0.43249, 39.8207 ], [ -0.43224, 39.82064 ], [ -0.43211, 39.82074 ], [ -0.43174, 39.82053 ], [ -0.43163, 39.82065 ], [ -0.43149, 39.82062 ], [ -0.43123, 39.82074 ], [ -0.43065, 39.82082 ], [ -0.43029, 39.82105 ], [ -0.42988, 39.82102 ], [ -0.42996, 39.8212 ], [ -0.43011, 39.82124 ], [ -0.42962, 39.82138 ], [ -0.42812, 39.82141 ], [ -0.42732, 39.82114 ], [ -0.42716, 39.82127 ], [ -0.42705, 39.82127 ], [ -0.42585, 39.82095 ], [ -0.42528, 39.82058 ], [ -0.42463, 39.8203 ], [ -0.42356, 39.81999 ], [ -0.4234, 39.81956 ], [ -0.42361, 39.81941 ], [ -0.42384, 39.81941 ], [ -0.4236, 39.81936 ], [ -0.42341, 39.81946 ], [ -0.42335, 39.81939 ], [ -0.42369, 39.81925 ], [ -0.42362, 39.81918 ], [ -0.42208, 39.81866 ], [ -0.42149, 39.81802 ], [ -0.42131, 39.81801 ], [ -0.4211, 39.81763 ], [ -0.42094, 39.81752 ], [ -0.42074, 39.81754 ], [ -0.42093, 39.81795 ], [ -0.4215, 39.81871 ], [ -0.42173, 39.81927 ], [ -0.42187, 39.81941 ], [ -0.42288, 39.81984 ], [ -0.42306, 39.81998 ], [ -0.42507, 39.82059 ], [ -0.42549, 39.82085 ], [ -0.42569, 39.82107 ], [ -0.4275, 39.82165 ] ] ] } },
{ "type": "Feature", "properties": { "denominacion": " ", "num_up": " ", "municipio": "ONDA", "owner": 4, "owner_label": "Enclavado privado en monte público", "hectareas": 3.06009081 }, "geometry": { "type": "Polygon", "coordinates": [ [ [ -0.23448, 40.00895 ], [ -0.23494, 40.00887 ], [ -0.235, 40.00878 ], [ -0.23554, 40.00864 ], [ -0.23679, 40.00888 ], [ -0.23828, 40.00902 ], [ -0.23847, 40.00874 ], [ -0.23825, 40.00811 ], [ -0.23751, 40.008 ], [ -0.23738, 40.00858 ], [ -0.2361, 40.00842 ], [ -0.23565, 40.0075 ], [ -0.23449, 40.00774 ], [ -0.23414, 40.00815 ], [ -0.23448, 40.00895 ] ] ] } },
{ "type": "Feature", "properties": { "denominacion": " ", "num_up": " ", "municipio": "RIBESALBES", "owner": 4, "owner_label": "Enclavado privado en monte público", "hectareas": 0.16240078 }, "geometry": { "type": "Polygon", "coordinates": [ [ [ -0.25332, 40.01715 ], [ -0.25291, 40.01713 ], [ -0.25277, 40.0172 ], [ -0.25278, 40.01746 ], [ -0.25333, 40.01747 ], [ -0.25332, 40.01715 ] ] ] } },
{ "type": "Feature", "properties": { "denominacion": "EMBALSE DE SICHAR", "num_up": "CS091", "municipio": "ONDA", "owner": 3, "owner_label": "Utilidad pública · Conf. Hidrográfica del Júcar", "hectareas": 0.27342205 }, "geometry": { "type": "Polygon", "coordinates": [ [ [ -0.28042, 40.02223 ], [ -0.27991, 40.02245 ], [ -0.28001, 40.02256 ], [ -0.28047, 40.02245 ], [ -0.28144, 40.02208 ], [ -0.28181, 40.02187 ], [ -0.28179, 40.02177 ], [ -0.28135, 40.02199 ], [ -0.28131, 40.02195 ], [ -0.28045, 40.02228 ], [ -0.28042, 40.02223 ] ] ] } },
{ "type": "Feature", "properties": { "denominacion": "EMBALSE DE SICHAR", "num_up": "CS091", "municipio": "ONDA", "owner": 3, "owner_label": "Utilidad pública · Conf. Hidrográfica del Júcar", "hectareas": 0.01908873 }, "geometry": { "type": "Polygon", "coordinates": [ [ [ -0.28184, 40.02176 ], [ -0.28192, 40.02179 ], [ -0.28213, 40.02165 ], [ -0.28208, 40.02161 ], [ -0.28184, 40.02176 ] ] ] } },
{ "type": "Feature", "properties": { "denominacion": "EMBALSE DE SICHAR", "num_up": "CS091", "municipio": "ONDA", "owner": 3, "owner_label": "Utilidad pública · Conf. Hidrográfica del Júcar", "hectareas": 0.00940374 }, "geometry": { "type": "Polygon", "coordinates": [ [ [ -0.28154, 40.02181 ], [ -0.28181, 40.02175 ], [ -0.28187, 40.02169 ], [ -0.28154, 40.02181 ] ] ] } },
{ "type": "Feature", "properties": { "denominacion": "EMBALSE DE SICHAR", "num_up": "CS091", "municipio": "ONDA", "owner": 3, "owner_label": "Utilidad pública · Conf. Hidrográfica del Júcar", "hectareas": 147.04491532 }, "geometry": { "type": "MultiPolygon", "coordinates": [ [ [ [ -0.2423, 40.02834 ], [ -0.24249, 40.02902 ], [ -0.24275, 40.02945 ], [ -0.24253, 40.02957 ], [ -0.24225, 40.02915 ], [ -0.24203, 40.02861 ], [ -0.24172, 40.02825 ], [ -0.24154, 40.02815 ], [ -0.24128, 40.02819 ], [ -0.24039, 40.02797 ], [ -0.23976, 40.02758 ], [ -0.239, 40.02785 ], [ -0.23861, 40.02772 ], [ -0.23831, 40.02726 ], [ -0.23811, 40.02711 ], [ -0.23796, 40.02665 ], [ -0.23793, 40.02623 ], [ -0.23769, 40.02637 ], [ -0.23769, 40.02625 ], [ -0.23752, 40.02604 ], [ -0.23569, 40.02546 ], [ -0.23548, 40.02554 ], [ -0.23564, 40.02609 ], [ -0.23597, 40.02679 ], [ -0.23534, 40.02684 ], [ -0.23515, 40.02774 ], [ -0.2333, 40.02776 ], [ -0.23325, 40.02814 ], [ -0.23262, 40.02802 ], [ -0.2322, 40.02768 ], [ -0.23228, 40.02784 ], [ -0.23208, 40.02785 ], [ -0.23197, 40.0281 ], [ -0.23169, 40.02832 ], [ -0.23121, 40.02804 ], [ -0.23013, 40.02873 ], [ -0.22956, 40.02869 ], [ -0.22914, 40.02886 ], [ -0.22918, 40.02902 ], [ -0.22912, 40.02906 ], [ -0.22903, 40.02884 ], [ -0.22885, 40.02898 ], [ -0.2288, 40.02894 ], [ -0.22885, 40.02879 ], [ -0.2292, 40.02855 ], [ -0.22872, 40.02866 ], [ -0.22887, 40.02821 ], [ -0.22919, 40.02811 ], [ -0.22986, 40.02633 ], [ -0.22984, 40.02574 ], [ -0.23025, 40.02497 ], [ -0.23009, 40.02487 ], [ -0.23008, 40.02446 ], [ -0.22966, 40.02392 ], [ -0.22958, 40.02273 ], [ -0.22985, 40.02205 ], [ -0.23111, 40.02065 ], [ -0.23074, 40.02054 ], [ -0.23113, 40.01996 ], [ -0.23082, 40.01959 ], [ -0.23046, 40.01949 ], [ -0.23024, 40.01954 ], [ -0.22999, 40.02014 ], [ -0.22948, 40.02015 ], [ -0.22882, 40.02059 ], [ -0.22824, 40.02082 ], [ -0.22824, 40.02094 ], [ -0.22855, 40.02121 ], [ -0.2282, 40.02129 ], [ -0.22694, 40.02083 ], [ -0.22701, 40.02068 ], [ -0.22673, 40.02064 ], [ -0.22661, 40.02053 ], [ -0.2261, 40.02063 ], [ -0.22551, 40.0204 ], [ -0.22539, 40.02017 ], [ -0.22563, 40.01935 ], [ -0.22675, 40.01772 ], [ -0.22688, 40.01778 ], [ -0.22714, 40.01737 ], [ -0.22727, 40.01684 ], [ -0.22706, 40.01688 ], [ -0.2273, 40.01652 ], [ -0.22708, 40.0164 ], [ -0.22706, 40.01625 ], [ -0.22664, 40.01619 ], [ -0.22425, 40.01671 ], [ -0.22404, 40.01639 ], [ -0.22398, 40.01609 ], [ -0.2254, 40.01578 ], [ -0.22611, 40.01526 ], [ -0.22479, 40.01512 ], [ -0.22459, 40.01502 ], [ -0.22589, 40.0146 ], [ -0.22559, 40.01449 ], [ -0.2255, 40.01437 ], [ -0.22512, 40.01448 ], [ -0.2246, 40.01438 ], [ -0.22428, 40.01415 ], [ -0.22357, 40.01413 ], [ -0.22349, 40.01363 ], [ -0.22317, 40.0134 ], [ -0.22331, 40.01289 ], [ -0.22323, 40.01245 ], [ -0.22297, 40.01217 ], [ -0.2224, 40.01184 ], [ -0.22213, 40.01204 ], [ -0.22056, 40.01264 ], [ -0.21964, 40.01378 ], [ -0.21942, 40.01394 ], [ -0.21906, 40.01399 ], [ -0.21899, 40.01318 ], [ -0.21827, 40.01327 ], [ -0.21793, 40.01322 ], [ -0.21775, 40.01294 ], [ -0.21801, 40.01283 ], [ -0.21834, 40.01282 ], [ -0.21869, 40.01255 ], [ -0.2192, 40.01252 ], [ -0.21915, 40.0122 ], [ -0.21955, 40.01211 ], [ -0.22056, 40.01149 ], [ -0.22095, 40.01094 ], [ -0.22087, 40.01029 ], [ -0.22097, 40.0102 ], [ -0.22155, 40.00997 ], [ -0.22207, 40.00985 ], [ -0.22224, 40.00982 ], [ -0.22236, 40.01007 ], [ -0.22294, 40.01055 ], [ -0.22344, 40.01064 ], [ -0.22365, 40.01044 ], [ -0.22367, 40.01029 ], [ -0.22342, 40.01022 ], [ -0.22363, 40.00999 ], [ -0.22389, 40.0099 ], [ -0.22434, 40.01003 ], [ -0.22505, 40.0099 ], [ -0.22518, 40.00989 ], [ -0.22466, 40.0101 ], [ -0.22427, 40.01012 ], [ -0.22399, 40.00995 ], [ -0.22384, 40.01009 ], [ -0.22358, 40.01066 ], [ -0.22335, 40.0107 ], [ -0.22285, 40.0106 ], [ -0.2223, 40.01018 ], [ -0.2221, 40.00989 ], [ -0.22189, 40.01004 ], [ -0.22167, 40.00998 ], [ -0.22156, 40.01012 ], [ -0.22108, 40.01017 ], [ -0.22136, 40.01045 ], [ -0.22101, 40.01033 ], [ -0.22102, 40.01065 ], [ -0.22114, 40.01085 ], [ -0.22076, 40.01154 ], [ -0.21939, 40.0123 ], [ -0.2194, 40.01253 ], [ -0.21887, 40.01262 ], [ -0.21851, 40.01288 ], [ -0.21866, 40.01305 ], [ -0.21911, 40.01293 ], [ -0.21925, 40.01296 ], [ -0.21931, 40.01322 ], [ -0.21925, 40.01379 ], [ -0.21948, 40.01379 ], [ -0.22, 40.01302 ], [ -0.22044, 40.01262 ], [ -0.22165, 40.01203 ], [ -0.22247, 40.01179 ], [ -0.22278, 40.01184 ], [ -0.22336, 40.01235 ], [ -0.22346, 40.01322 ], [ -0.22377, 40.0133 ], [ -0.2239, 40.01355 ], [ -0.22408, 40.01364 ], [ -0.22379, 40.01389 ], [ -0.22384, 40.01407 ], [ -0.22437, 40.01405 ], [ -0.22462, 40.01436 ], [ -0.22558, 40.01433 ], [ -0.22601, 40.01455 ], [ -0.22559, 40.01482 ], [ -0.22479, 40.01497 ], [ -0.22482, 40.01504 ], [ -0.22618, 40.0152 ], [ -0.22626, 40.01527 ], [ -0.22591, 40.01556 ], [ -0.22505, 40.01601 ], [ -0.22509, 40.01619 ], [ -0.22525, 40.01619 ], [ -0.22532, 40.0163 ], [ -0.22585, 40.01626 ], [ -0.22691, 40.01591 ], [ -0.22725, 40.01599 ], [ -0.22748, 40.01627 ], [ -0.22762, 40.01682 ], [ -0.22757, 40.01743 ], [ -0.22717, 40.01781 ], [ -0.22721, 40.01812 ], [ -0.22714, 40.01827 ], [ -0.22676, 40.01852 ], [ -0.22685, 40.01858 ], [ -0.22661, 40.01904 ], [ -0.22667, 40.01921 ], [ -0.22705, 40.01938 ], [ -0.22769, 40.01915 ], [ -0.22822, 40.01834 ], [ -0.22849, 40.01813 ], [ -0.22951, 40.01807 ], [ -0.23021, 40.01775 ], [ -0.23028, 40.01754 ], [ -0.23003, 40.01718 ], [ -0.23011, 40.01639 ], [ -0.23142, 40.01636 ], [ -0.23194, 40.01626 ], [ -0.23238, 40.01646 ], [ -0.23295, 40.01597 ], [ -0.23342, 40.01587 ], [ -0.23352, 40.01604 ], [ -0.2335, 40.01622 ], [ -0.23336, 40.01639 ], [ -0.23332, 40.01682 ], [ -0.2334, 40.0171 ], [ -0.23317, 40.01734 ], [ -0.23257, 40.01732 ], [ -0.2333, 40.01764 ], [ -0.23377, 40.01765 ], [ -0.23389, 40.01751 ], [ -0.23405, 40.01702 ], [ -0.23427, 40.01678 ], [ -0.23443, 40.01681 ], [ -0.23438, 40.01725 ], [ -0.23423, 40.01745 ], [ -0.23425, 40.01763 ], [ -0.23372, 40.01782 ], [ -0.23381, 40.01791 ], [ -0.23441, 40.01808 ], [ -0.23459, 40.01825 ], [ -0.23466, 40.01845 ], [ -0.2346, 40.019 ], [ -0.23521, 40.01894 ], [ -0.23523, 40.01885 ], [ -0.23533, 40.01884 ], [ -0.23537, 40.01893 ], [ -0.2353, 40.01897 ], [ -0.23534, 40.01908 ], [ -0.23543, 40.01908 ], [ -0.23554, 40.01951 ], [ -0.23537, 40.01965 ], [ -0.235, 40.0195 ], [ -0.23463, 40.01958 ], [ -0.23427, 40.01931 ], [ -0.23415, 40.01934 ], [ -0.23405, 40.01949 ], [ -0.23372, 40.01959 ], [ -0.23395, 40.01967 ], [ -0.2338, 40.01984 ], [ -0.23385, 40.01996 ], [ -0.23329, 40.02024 ], [ -0.23329, 40.02034 ], [ -0.23349, 40.02057 ], [ -0.23326, 40.02074 ], [ -0.23327, 40.02091 ], [ -0.23299, 40.02124 ], [ -0.23292, 40.02165 ], [ -0.23208, 40.02197 ], [ -0.23177, 40.02189 ], [ -0.2316, 40.02195 ], [ -0.2317, 40.02225 ], [ -0.23164, 40.02244 ], [ -0.23131, 40.02263 ], [ -0.23119, 40.02281 ], [ -0.23168, 40.02303 ], [ -0.23171, 40.02321 ], [ -0.23123, 40.02343 ], [ -0.23169, 40.02354 ], [ -0.23182, 40.02419 ], [ -0.2318, 40.02449 ], [ -0.23148, 40.02512 ], [ -0.23149, 40.02535 ], [ -0.23078, 40.02574 ], [ -0.23067, 40.02595 ], [ -0.23068, 40.02622 ], [ -0.23044, 40.02669 ], [ -0.23051, 40.02687 ], [ -0.23056, 40.02692 ], [ -0.23068, 40.02678 ], [ -0.23115, 40.02604 ], [ -0.23124, 40.02609 ], [ -0.23184, 40.02588 ], [ -0.23232, 40.0253 ], [ -0.23232, 40.02504 ], [ -0.23246, 40.02481 ], [ -0.23245, 40.02456 ], [ -0.23259, 40.02437 ], [ -0.23242, 40.02419 ], [ -0.23236, 40.02397 ], [ -0.23251, 40.02352 ], [ -0.23255, 40.02302 ], [ -0.23267, 40.02289 ], [ -0.23263, 40.02267 ], [ -0.23307, 40.02254 ], [ -0.23313, 40.02276 ], [ -0.23286, 40.02332 ], [ -0.23281, 40.02372 ], [ -0.233, 40.02406 ], [ -0.2336, 40.02454 ], [ -0.23356, 40.02478 ], [ -0.23375, 40.02519 ], [ -0.23374, 40.02546 ], [ -0.23397, 40.02577 ], [ -0.23398, 40.02566 ], [ -0.23428, 40.02556 ], [ -0.23411, 40.02507 ], [ -0.23421, 40.02491 ], [ -0.2344, 40.02479 ], [ -0.23497, 40.025 ], [ -0.23531, 40.02501 ], [ -0.2359, 40.02525 ], [ -0.23701, 40.02534 ], [ -0.23737, 40.02547 ], [ -0.23772, 40.02561 ], [ -0.23794, 40.02584 ], [ -0.23801, 40.02602 ], [ -0.23799, 40.0266 ], [ -0.2381, 40.02696 ], [ -0.23831, 40.02721 ], [ -0.23858, 40.02736 ], [ -0.23924, 40.0275 ], [ -0.23935, 40.02763 ], [ -0.23944, 40.02751 ], [ -0.2397, 40.02745 ], [ -0.23992, 40.0275 ], [ -0.24032, 40.02776 ], [ -0.24176, 40.02811 ], [ -0.2421, 40.02854 ], [ -0.24218, 40.0289 ], [ -0.24226, 40.02898 ], [ -0.24228, 40.02846 ], [ -0.24209, 40.0281 ], [ -0.2423, 40.02834 ] ] ], [ [ [ -0.27099, 40.0187 ], [ -0.271, 40.01844 ], [ -0.27111, 40.01831 ], [ -0.27098, 40.01813 ], [ -0.26992, 40.01757 ], [ -0.26941, 40.01705 ], [ -0.26912, 40.01705 ], [ -0.26884, 40.01723 ], [ -0.26896, 40.01691 ], [ -0.26882, 40.01667 ], [ -0.26815, 40.01614 ], [ -0.26799, 40.01613 ], [ -0.26776, 40.01582 ], [ -0.26735, 40.01561 ], [ -0.26733, 40.01551 ], [ -0.26707, 40.01541 ], [ -0.26703, 40.01503 ], [ -0.26649, 40.01442 ], [ -0.26628, 40.0143 ], [ -0.26612, 40.01424 ], [ -0.26585, 40.01432 ], [ -0.26581, 40.01462 ], [ -0.26559, 40.01461 ], [ -0.26546, 40.0142 ], [ -0.26552, 40.0141 ], [ -0.2652, 40.01403 ], [ -0.26449, 40.01412 ], [ -0.26399, 40.01493 ], [ -0.26398, 40.01522 ], [ -0.26341, 40.01507 ], [ -0.26264, 40.01584 ], [ -0.26213, 40.01616 ], [ -0.26158, 40.01634 ], [ -0.26139, 40.01658 ], [ -0.26073, 40.01667 ], [ -0.2602, 40.01705 ], [ -0.25975, 40.01715 ], [ -0.25954, 40.01669 ], [ -0.25935, 40.01651 ], [ -0.25911, 40.0161 ], [ -0.2591, 40.01571 ], [ -0.25875, 40.01534 ], [ -0.25808, 40.01516 ], [ -0.25778, 40.01469 ], [ -0.25733, 40.01451 ], [ -0.25719, 40.01464 ], [ -0.25698, 40.01463 ], [ -0.25667, 40.01433 ], [ -0.2568, 40.01422 ], [ -0.25639, 40.01383 ], [ -0.25595, 40.0137 ], [ -0.25558, 40.01347 ], [ -0.25461, 40.01314 ], [ -0.253, 40.01284 ], [ -0.25219, 40.01367 ], [ -0.25236, 40.01362 ], [ -0.25235, 40.0138 ], [ -0.25265, 40.01408 ], [ -0.25282, 40.0141 ], [ -0.25276, 40.01388 ], [ -0.25288, 40.01386 ], [ -0.25342, 40.01444 ], [ -0.25434, 40.01524 ], [ -0.2546, 40.01566 ], [ -0.25417, 40.01563 ], [ -0.25373, 40.01604 ], [ -0.25327, 40.01606 ], [ -0.25301, 40.01598 ], [ -0.25327, 40.01656 ], [ -0.25326, 40.01693 ], [ -0.25318, 40.01715 ], [ -0.25291, 40.01713 ], [ -0.25277, 40.0172 ], [ -0.25278, 40.01746 ], [ -0.25333, 40.01747 ], [ -0.25331, 40.01725 ], [ -0.25383, 40.01724 ], [ -0.25402, 40.0178 ], [ -0.2543, 40.01782 ], [ -0.25435, 40.01818 ], [ -0.25429, 40.01875 ], [ -0.25412, 40.01894 ], [ -0.2536, 40.01905 ], [ -0.25337, 40.01947 ], [ -0.25185, 40.01926 ], [ -0.25123, 40.01902 ], [ -0.25083, 40.01905 ], [ -0.25107, 40.01913 ], [ -0.25104, 40.0192 ], [ -0.24911, 40.01918 ], [ -0.24896, 40.01936 ], [ -0.24813, 40.01948 ], [ -0.24815, 40.01923 ], [ -0.24716, 40.0196 ], [ -0.24745, 40.01985 ], [ -0.24711, 40.02013 ], [ -0.24692, 40.02018 ], [ -0.24657, 40.01999 ], [ -0.24629, 40.02023 ], [ -0.24741, 40.02081 ], [ -0.24724, 40.0211 ], [ -0.24625, 40.02082 ], [ -0.24587, 40.0216 ], [ -0.24541, 40.02225 ], [ -0.24545, 40.02238 ], [ -0.24493, 40.0223 ], [ -0.24488, 40.02402 ], [ -0.24534, 40.02446 ], [ -0.24536, 40.02461 ], [ -0.24555, 40.02478 ], [ -0.24557, 40.025 ], [ -0.24574, 40.02529 ], [ -0.24588, 40.02539 ], [ -0.24674, 40.02557 ], [ -0.24672, 40.02564 ], [ -0.24598, 40.02564 ], [ -0.24585, 40.02588 ], [ -0.24566, 40.02601 ], [ -0.24528, 40.02609 ], [ -0.24476, 40.026 ], [ -0.24469, 40.02617 ], [ -0.2441, 40.02594 ], [ -0.2439, 40.02549 ], [ -0.24236, 40.0248 ], [ -0.24248, 40.02383 ], [ -0.24223, 40.02341 ], [ -0.24211, 40.02352 ], [ -0.24158, 40.02332 ], [ -0.24153, 40.02282 ], [ -0.24163, 40.02245 ], [ -0.24105, 40.02277 ], [ -0.24063, 40.02245 ], [ -0.24037, 40.02215 ], [ -0.24057, 40.02196 ], [ -0.23988, 40.02194 ], [ -0.23934, 40.02223 ], [ -0.23906, 40.02224 ], [ -0.23916, 40.02236 ], [ -0.23733, 40.0235 ], [ -0.23763, 40.02365 ], [ -0.23811, 40.02407 ], [ -0.238, 40.02409 ], [ -0.23859, 40.0245 ], [ -0.23875, 40.02556 ], [ -0.23874, 40.02602 ], [ -0.23909, 40.0271 ], [ -0.23981, 40.02707 ], [ -0.24029, 40.02721 ], [ -0.24161, 40.02783 ], [ -0.24209, 40.0281 ], [ -0.24074, 40.02748 ], [ -0.23958, 40.02716 ], [ -0.23893, 40.02709 ], [ -0.23876, 40.02697 ], [ -0.23856, 40.02644 ], [ -0.23848, 40.02579 ], [ -0.23826, 40.02506 ], [ -0.23752, 40.02457 ], [ -0.23708, 40.02452 ], [ -0.23685, 40.02429 ], [ -0.23662, 40.0239 ], [ -0.23678, 40.02338 ], [ -0.23734, 40.02274 ], [ -0.23853, 40.02206 ], [ -0.23905, 40.02185 ], [ -0.23905, 40.02175 ], [ -0.23957, 40.02149 ], [ -0.23954, 40.02122 ], [ -0.23996, 40.02057 ], [ -0.23985, 40.02027 ], [ -0.24026, 40.01983 ], [ -0.24038, 40.01992 ], [ -0.24037, 40.02024 ], [ -0.24057, 40.02065 ], [ -0.24039, 40.02105 ], [ -0.24025, 40.02118 ], [ -0.24019, 40.02144 ], [ -0.24031, 40.0216 ], [ -0.24066, 40.02164 ], [ -0.2408, 40.02181 ], [ -0.24165, 40.02181 ], [ -0.24191, 40.02196 ], [ -0.24207, 40.02241 ], [ -0.24201, 40.02297 ], [ -0.2425, 40.02317 ], [ -0.24269, 40.02334 ], [ -0.24294, 40.02387 ], [ -0.24274, 40.0244 ], [ -0.24281, 40.02458 ], [ -0.24352, 40.02503 ], [ -0.24448, 40.02537 ], [ -0.24487, 40.02554 ], [ -0.24492, 40.02565 ], [ -0.24528, 40.02573 ], [ -0.2456, 40.02567 ], [ -0.24562, 40.02558 ], [ -0.24531, 40.02547 ], [ -0.24496, 40.02508 ], [ -0.24509, 40.02481 ], [ -0.24491, 40.0247 ], [ -0.24448, 40.02468 ], [ -0.24429, 40.02457 ], [ -0.24436, 40.02417 ], [ -0.24395, 40.02375 ], [ -0.24421, 40.02354 ], [ -0.24421, 40.02343 ], [ -0.24398, 40.02338 ], [ -0.24413, 40.02324 ], [ -0.2443, 40.02289 ], [ -0.24427, 40.02262 ], [ -0.24389, 40.02278 ], [ -0.24366, 40.02275 ], [ -0.24353, 40.02261 ], [ -0.24377, 40.02199 ], [ -0.24463, 40.02177 ], [ -0.24476, 40.02162 ], [ -0.24456, 40.0214 ], [ -0.24484, 40.02117 ], [ -0.24503, 40.02117 ], [ -0.24484, 40.02087 ], [ -0.24423, 40.02084 ], [ -0.24416, 40.021 ], [ -0.2439, 40.02103 ], [ -0.24367, 40.02126 ], [ -0.24336, 40.02136 ], [ -0.24285, 40.02125 ], [ -0.24264, 40.02086 ], [ -0.24289, 40.02063 ], [ -0.2423, 40.02031 ], [ -0.24229, 40.02016 ], [ -0.24209, 40.01995 ], [ -0.24232, 40.0198 ], [ -0.24202, 40.01938 ], [ -0.24191, 40.01904 ], [ -0.24205, 40.01861 ], [ -0.24202, 40.01823 ], [ -0.24266, 40.01833 ], [ -0.24364, 40.01885 ], [ -0.24409, 40.01886 ], [ -0.24456, 40.01909 ], [ -0.24472, 40.01927 ], [ -0.24502, 40.01941 ], [ -0.24516, 40.01986 ], [ -0.24529, 40.01995 ], [ -0.24582, 40.01986 ], [ -0.24604, 40.01957 ], [ -0.24634, 40.01949 ], [ -0.2465, 40.0193 ], [ -0.24714, 40.01923 ], [ -0.24856, 40.01875 ], [ -0.24903, 40.01875 ], [ -0.24977, 40.01889 ], [ -0.251, 40.01887 ], [ -0.25203, 40.01922 ], [ -0.25318, 40.01927 ], [ -0.2533, 40.01903 ], [ -0.25362, 40.01892 ], [ -0.25384, 40.0187 ], [ -0.25387, 40.01853 ], [ -0.2535, 40.01839 ], [ -0.25311, 40.01857 ], [ -0.2528, 40.01859 ], [ -0.25259, 40.01848 ], [ -0.25217, 40.01804 ], [ -0.25244, 40.01716 ], [ -0.25256, 40.01713 ], [ -0.25275, 40.01674 ], [ -0.25258, 40.01647 ], [ -0.25297, 40.01584 ], [ -0.25345, 40.01583 ], [ -0.25365, 40.0156 ], [ -0.25369, 40.01508 ], [ -0.25361, 40.01488 ], [ -0.25309, 40.0144 ], [ -0.25242, 40.01412 ], [ -0.25189, 40.01369 ], [ -0.25235, 40.01328 ], [ -0.25247, 40.01306 ], [ -0.25291, 40.01262 ], [ -0.25361, 40.01258 ], [ -0.25517, 40.01287 ], [ -0.25632, 40.01349 ], [ -0.25714, 40.01407 ], [ -0.25727, 40.01427 ], [ -0.2577, 40.01444 ], [ -0.25813, 40.01503 ], [ -0.25889, 40.01538 ], [ -0.25921, 40.0158 ], [ -0.25921, 40.0161 ], [ -0.25931, 40.01636 ], [ -0.25986, 40.01704 ], [ -0.2604, 40.01683 ], [ -0.26082, 40.01651 ], [ -0.26147, 40.01636 ], [ -0.26252, 40.01569 ], [ -0.26329, 40.01494 ], [ -0.26361, 40.01491 ], [ -0.26362, 40.0148 ], [ -0.26379, 40.01472 ], [ -0.26368, 40.01453 ], [ -0.26374, 40.01435 ], [ -0.26441, 40.01374 ], [ -0.26501, 40.0136 ], [ -0.26546, 40.01364 ], [ -0.26565, 40.01376 ], [ -0.26567, 40.01395 ], [ -0.2659, 40.01408 ], [ -0.26614, 40.01392 ], [ -0.26653, 40.01411 ], [ -0.2673, 40.01501 ], [ -0.26735, 40.01524 ], [ -0.26834, 40.01611 ], [ -0.26887, 40.01645 ], [ -0.26904, 40.01675 ], [ -0.26904, 40.01692 ], [ -0.26949, 40.01693 ], [ -0.26993, 40.01741 ], [ -0.27062, 40.01786 ], [ -0.27101, 40.018 ], [ -0.27116, 40.0182 ], [ -0.27112, 40.01832 ], [ -0.27103, 40.01847 ], [ -0.27102, 40.01884 ], [ -0.27099, 40.0187 ] ] ], [ [ [ -0.27624, 40.01915 ], [ -0.27714, 40.01925 ], [ -0.27748, 40.01918 ], [ -0.27831, 40.01932 ], [ -0.27944, 40.01973 ], [ -0.2796, 40.01999 ], [ -0.27967, 40.02029 ], [ -0.27979, 40.0204 ], [ -0.27962, 40.02073 ], [ -0.27989, 40.0208 ], [ -0.27995, 40.02065 ], [ -0.27999, 40.02074 ], [ -0.2801, 40.0207 ], [ -0.27997, 40.02095 ], [ -0.2801, 40.02102 ], [ -0.28067, 40.02083 ], [ -0.28087, 40.02052 ], [ -0.28105, 40.02043 ], [ -0.28101, 40.02026 ], [ -0.28121, 40.02005 ], [ -0.28086, 40.01959 ], [ -0.28043, 40.01926 ], [ -0.27939, 40.01869 ], [ -0.27789, 40.01809 ], [ -0.27784, 40.01816 ], [ -0.27669, 40.01791 ], [ -0.27453, 40.01689 ], [ -0.27432, 40.01673 ], [ -0.2744, 40.01589 ], [ -0.2745, 40.01581 ], [ -0.2766, 40.01684 ], [ -0.27769, 40.01719 ], [ -0.27787, 40.01718 ], [ -0.27783, 40.01729 ], [ -0.27868, 40.01748 ], [ -0.27863, 40.01755 ], [ -0.27877, 40.01757 ], [ -0.27888, 40.01749 ], [ -0.28058, 40.01828 ], [ -0.2815, 40.01858 ], [ -0.28248, 40.01925 ], [ -0.2832, 40.01997 ], [ -0.28365, 40.02049 ], [ -0.2839, 40.02109 ], [ -0.28394, 40.02183 ], [ -0.28372, 40.02261 ], [ -0.28357, 40.02272 ], [ -0.28352, 40.0229 ], [ -0.28199, 40.02416 ], [ -0.28132, 40.02447 ], [ -0.28052, 40.02459 ], [ -0.27957, 40.02405 ], [ -0.27892, 40.02347 ], [ -0.27856, 40.02271 ], [ -0.27856, 40.02246 ], [ -0.27866, 40.02243 ], [ -0.27858, 40.02227 ], [ -0.27834, 40.02211 ], [ -0.27844, 40.02205 ], [ -0.27826, 40.0219 ], [ -0.27784, 40.0219 ], [ -0.27784, 40.02183 ], [ -0.27717, 40.02169 ], [ -0.27699, 40.02182 ], [ -0.27677, 40.02236 ], [ -0.27668, 40.02234 ], [ -0.27687, 40.0218 ], [ -0.27707, 40.02155 ], [ -0.27686, 40.02133 ], [ -0.27582, 40.02069 ], [ -0.27547, 40.02136 ], [ -0.27516, 40.02121 ], [ -0.27499, 40.02128 ], [ -0.27457, 40.02123 ], [ -0.27443, 40.02099 ], [ -0.27334, 40.02096 ], [ -0.27319, 40.0211 ], [ -0.2721, 40.02056 ], [ -0.27155, 40.02006 ], [ -0.27134, 40.01977 ], [ -0.27104, 40.01895 ], [ -0.27102, 40.01884 ], [ -0.27132, 40.01958 ], [ -0.27165, 40.01999 ], [ -0.27243, 40.02069 ], [ -0.27302, 40.02085 ], [ -0.27469, 40.02034 ], [ -0.27573, 40.02048 ], [ -0.2765, 40.02083 ], [ -0.27661, 40.02077 ], [ -0.27695, 40.02092 ], [ -0.27699, 40.02129 ], [ -0.27708, 40.02131 ], [ -0.2771, 40.02139 ], [ -0.27739, 40.02144 ], [ -0.27754, 40.02138 ], [ -0.27864, 40.02203 ], [ -0.27889, 40.02261 ], [ -0.27905, 40.02272 ], [ -0.27922, 40.023 ], [ -0.27927, 40.02277 ], [ -0.27986, 40.02254 ], [ -0.28023, 40.02332 ], [ -0.28128, 40.02341 ], [ -0.28171, 40.02329 ], [ -0.28221, 40.02304 ], [ -0.28224, 40.02299 ], [ -0.28214, 40.02293 ], [ -0.28224, 40.02283 ], [ -0.28234, 40.02284 ], [ -0.28272, 40.02245 ], [ -0.28285, 40.0221 ], [ -0.28282, 40.02172 ], [ -0.28237, 40.0217 ], [ -0.28193, 40.02185 ], [ -0.2824, 40.02158 ], [ -0.28294, 40.02173 ], [ -0.28324, 40.02166 ], [ -0.28359, 40.02105 ], [ -0.28359, 40.02086 ], [ -0.28335, 40.02032 ], [ -0.28278, 40.01966 ], [ -0.28158, 40.0187 ], [ -0.28021, 40.01822 ], [ -0.27906, 40.01802 ], [ -0.27913, 40.0182 ], [ -0.27906, 40.01826 ], [ -0.27771, 40.01787 ], [ -0.27767, 40.01795 ], [ -0.28079, 40.01901 ], [ -0.28177, 40.01954 ], [ -0.28209, 40.01993 ], [ -0.2821, 40.02039 ], [ -0.28205, 40.02046 ], [ -0.28193, 40.0204 ], [ -0.282, 40.02062 ], [ -0.28197, 40.02109 ], [ -0.27951, 40.02155 ], [ -0.27929, 40.02143 ], [ -0.27903, 40.02114 ], [ -0.27908, 40.02076 ], [ -0.27957, 40.02039 ], [ -0.27952, 40.02016 ], [ -0.2793, 40.01983 ], [ -0.27899, 40.01965 ], [ -0.27877, 40.01967 ], [ -0.27811, 40.01939 ], [ -0.27789, 40.01948 ], [ -0.2775, 40.01927 ], [ -0.27727, 40.01925 ], [ -0.27699, 40.01932 ], [ -0.27657, 40.01924 ], [ -0.27502, 40.01927 ], [ -0.27624, 40.01915 ] ] ], [ [ [ -0.266, 40.01175 ], [ -0.26702, 40.01178 ], [ -0.26738, 40.01202 ], [ -0.26739, 40.01219 ], [ -0.26772, 40.01243 ], [ -0.26777, 40.01269 ], [ -0.26766, 40.01287 ], [ -0.26794, 40.0129 ], [ -0.26802, 40.0132 ], [ -0.26843, 40.01309 ], [ -0.26851, 40.01313 ], [ -0.26879, 40.01375 ], [ -0.26876, 40.01401 ], [ -0.26932, 40.01477 ], [ -0.26927, 40.01505 ], [ -0.26965, 40.01541 ], [ -0.26961, 40.01563 ], [ -0.27017, 40.01607 ], [ -0.27015, 40.0162 ], [ -0.27036, 40.01651 ], [ -0.27055, 40.01667 ], [ -0.27089, 40.01665 ], [ -0.27143, 40.01686 ], [ -0.27166, 40.01734 ], [ -0.27202, 40.0175 ], [ -0.27231, 40.01775 ], [ -0.27284, 40.01795 ], [ -0.27315, 40.01833 ], [ -0.27322, 40.01868 ], [ -0.27355, 40.01908 ], [ -0.27392, 40.01937 ], [ -0.27417, 40.01922 ], [ -0.27449, 40.01932 ], [ -0.27502, 40.01927 ], [ -0.27328, 40.01949 ], [ -0.27314, 40.01933 ], [ -0.2726, 40.01914 ], [ -0.27229, 40.01888 ], [ -0.27224, 40.01875 ], [ -0.27223, 40.01858 ], [ -0.27253, 40.01849 ], [ -0.27231, 40.0178 ], [ -0.27153, 40.01731 ], [ -0.2715, 40.01705 ], [ -0.27139, 40.01691 ], [ -0.2708, 40.0167 ], [ -0.27053, 40.01671 ], [ -0.27014, 40.01641 ], [ -0.26918, 40.01514 ], [ -0.26889, 40.01435 ], [ -0.26864, 40.01406 ], [ -0.26857, 40.01407 ], [ -0.26862, 40.01376 ], [ -0.26857, 40.01368 ], [ -0.2684, 40.01352 ], [ -0.26803, 40.0134 ], [ -0.26786, 40.01313 ], [ -0.26748, 40.01313 ], [ -0.26732, 40.01303 ], [ -0.26738, 40.0129 ], [ -0.26734, 40.01243 ], [ -0.26693, 40.01211 ], [ -0.26662, 40.01206 ], [ -0.26641, 40.01187 ], [ -0.266, 40.01202 ], [ -0.26599, 40.01219 ], [ -0.26571, 40.01206 ], [ -0.26567, 40.01205 ], [ -0.266, 40.01175 ] ] ], [ [ [ -0.26465, 40.01194 ], [ -0.26438, 40.01215 ], [ -0.26418, 40.01215 ], [ -0.26455, 40.01189 ], [ -0.26567, 40.01205 ], [ -0.26465, 40.01194 ] ] ], [ [ [ -0.25365, 40.01026 ], [ -0.25316, 40.01041 ], [ -0.25206, 40.01123 ], [ -0.25111, 40.01166 ], [ -0.25051, 40.01237 ], [ -0.2498, 40.01275 ], [ -0.24947, 40.01304 ], [ -0.24873, 40.01406 ], [ -0.24825, 40.01436 ], [ -0.24823, 40.01466 ], [ -0.24813, 40.01486 ], [ -0.24794, 40.015 ], [ -0.24789, 40.01525 ], [ -0.24754, 40.01548 ], [ -0.24735, 40.01597 ], [ -0.24659, 40.01605 ], [ -0.24614, 40.01576 ], [ -0.24599, 40.01582 ], [ -0.24585, 40.01569 ], [ -0.24543, 40.01565 ], [ -0.24501, 40.01542 ], [ -0.24467, 40.01539 ], [ -0.24412, 40.01526 ], [ -0.2439, 40.01485 ], [ -0.24425, 40.01446 ], [ -0.24413, 40.01421 ], [ -0.24399, 40.0132 ], [ -0.24369, 40.01301 ], [ -0.24365, 40.01286 ], [ -0.24373, 40.01258 ], [ -0.24394, 40.01233 ], [ -0.24391, 40.01173 ], [ -0.24409, 40.01159 ], [ -0.24449, 40.01171 ], [ -0.24502, 40.01171 ], [ -0.24526, 40.012 ], [ -0.2454, 40.01146 ], [ -0.24528, 40.01107 ], [ -0.24527, 40.01074 ], [ -0.24573, 40.00981 ], [ -0.24588, 40.00977 ], [ -0.2463, 40.00986 ], [ -0.24641, 40.00949 ], [ -0.24736, 40.00917 ], [ -0.24754, 40.00902 ], [ -0.2476, 40.00886 ], [ -0.24743, 40.00858 ], [ -0.24683, 40.00878 ], [ -0.24649, 40.00876 ], [ -0.24619, 40.00856 ], [ -0.24589, 40.00819 ], [ -0.24619, 40.00777 ], [ -0.24701, 40.0073 ], [ -0.24803, 40.00708 ], [ -0.24819, 40.00716 ], [ -0.2483, 40.00738 ], [ -0.24842, 40.00738 ], [ -0.24881, 40.00699 ], [ -0.2489, 40.00678 ], [ -0.24978, 40.00665 ], [ -0.25029, 40.00634 ], [ -0.25021, 40.00607 ], [ -0.25004, 40.006 ], [ -0.2499, 40.00577 ], [ -0.25, 40.00539 ], [ -0.24985, 40.00529 ], [ -0.2501, 40.00506 ], [ -0.25006, 40.00493 ], [ -0.25033, 40.00485 ], [ -0.25036, 40.00461 ], [ -0.25077, 40.00419 ], [ -0.2506, 40.00397 ], [ -0.25099, 40.00366 ], [ -0.25105, 40.00336 ], [ -0.25084, 40.00271 ], [ -0.251, 40.00253 ], [ -0.25082, 40.00243 ], [ -0.25053, 40.00251 ], [ -0.25043, 40.00242 ], [ -0.25033, 40.00262 ], [ -0.25055, 40.00318 ], [ -0.25053, 40.00345 ], [ -0.25028, 40.00329 ], [ -0.25015, 40.00398 ], [ -0.24964, 40.00449 ], [ -0.24943, 40.00459 ], [ -0.24917, 40.00458 ], [ -0.24864, 40.00534 ], [ -0.24771, 40.00553 ], [ -0.24693, 40.00559 ], [ -0.24664, 40.00601 ], [ -0.24619, 40.00639 ], [ -0.24481, 40.00721 ], [ -0.24458, 40.00692 ], [ -0.24423, 40.00686 ], [ -0.24422, 40.00693 ], [ -0.24443, 40.00704 ], [ -0.24434, 40.00748 ], [ -0.2442, 40.00754 ], [ -0.24356, 40.00762 ], [ -0.24307, 40.00749 ], [ -0.24262, 40.00772 ], [ -0.2422, 40.00757 ], [ -0.24055, 40.00734 ], [ -0.23989, 40.00739 ], [ -0.23917, 40.00803 ], [ -0.23881, 40.0094 ], [ -0.23866, 40.00956 ], [ -0.23847, 40.00934 ], [ -0.23508, 40.01017 ], [ -0.23383, 40.01023 ], [ -0.23287, 40.00954 ], [ -0.23341, 40.00907 ], [ -0.2335, 40.00838 ], [ -0.23264, 40.0087 ], [ -0.23106, 40.00906 ], [ -0.23053, 40.00968 ], [ -0.22974, 40.01028 ], [ -0.22937, 40.01016 ], [ -0.22912, 40.01023 ], [ -0.22875, 40.01014 ], [ -0.22855, 40.01024 ], [ -0.22739, 40.01012 ], [ -0.22682, 40.01018 ], [ -0.22637, 40.01007 ], [ -0.22568, 40.01006 ], [ -0.22518, 40.00989 ], [ -0.22535, 40.00988 ], [ -0.22546, 40.0099 ], [ -0.22589, 40.00973 ], [ -0.22866, 40.01 ], [ -0.22875, 40.0097 ], [ -0.22853, 40.00926 ], [ -0.22917, 40.00933 ], [ -0.23015, 40.00913 ], [ -0.23103, 40.00814 ], [ -0.23288, 40.00812 ], [ -0.23289, 40.00787 ], [ -0.2335, 40.00789 ], [ -0.23412, 40.00776 ], [ -0.2336, 40.00736 ], [ -0.23641, 40.00714 ], [ -0.23858, 40.0077 ], [ -0.23881, 40.00782 ], [ -0.23901, 40.00742 ], [ -0.23941, 40.00712 ], [ -0.23981, 40.007 ], [ -0.24047, 40.007 ], [ -0.24286, 40.00728 ], [ -0.24362, 40.00701 ], [ -0.244, 40.0068 ], [ -0.24413, 40.00664 ], [ -0.24498, 40.00679 ], [ -0.246, 40.00625 ], [ -0.24688, 40.00539 ], [ -0.24843, 40.00501 ], [ -0.24894, 40.00444 ], [ -0.2496, 40.00413 ], [ -0.24976, 40.00398 ], [ -0.25023, 40.00219 ], [ -0.25032, 40.00212 ], [ -0.25255, 40.00176 ], [ -0.25296, 40.00187 ], [ -0.25353, 40.00273 ], [ -0.25342, 40.00281 ], [ -0.25319, 40.00267 ], [ -0.25194, 40.00243 ], [ -0.25154, 40.00249 ], [ -0.25116, 40.00269 ], [ -0.25116, 40.00347 ], [ -0.25087, 40.004 ], [ -0.25099, 40.00423 ], [ -0.2506, 40.00462 ], [ -0.25074, 40.00494 ], [ -0.25027, 40.00531 ], [ -0.25006, 40.00558 ], [ -0.25014, 40.00586 ], [ -0.25103, 40.00615 ], [ -0.25109, 40.00633 ], [ -0.25096, 40.00667 ], [ -0.25002, 40.00722 ], [ -0.24915, 40.00712 ], [ -0.24892, 40.00716 ], [ -0.2487, 40.00756 ], [ -0.24798, 40.00811 ], [ -0.24774, 40.00907 ], [ -0.24761, 40.00923 ], [ -0.24701, 40.00936 ], [ -0.24667, 40.00992 ], [ -0.24622, 40.01025 ], [ -0.2464, 40.0104 ], [ -0.24593, 40.01123 ], [ -0.24638, 40.01141 ], [ -0.24555, 40.01231 ], [ -0.2448, 40.01291 ], [ -0.24434, 40.01341 ], [ -0.24418, 40.01388 ], [ -0.24429, 40.01457 ], [ -0.24418, 40.01478 ], [ -0.24398, 40.01482 ], [ -0.24395, 40.01491 ], [ -0.24411, 40.01517 ], [ -0.24467, 40.01538 ], [ -0.24502, 40.01538 ], [ -0.24566, 40.01565 ], [ -0.24622, 40.01573 ], [ -0.2464, 40.01559 ], [ -0.24673, 40.01559 ], [ -0.24673, 40.0157 ], [ -0.24694, 40.01575 ], [ -0.24719, 40.01594 ], [ -0.24734, 40.01541 ], [ -0.24769, 40.01504 ], [ -0.24751, 40.01399 ], [ -0.24787, 40.01383 ], [ -0.24784, 40.0137 ], [ -0.24886, 40.01379 ], [ -0.24924, 40.0132 ], [ -0.24959, 40.01286 ], [ -0.24947, 40.01276 ], [ -0.25042, 40.01231 ], [ -0.25072, 40.01196 ], [ -0.25028, 40.01161 ], [ -0.2505, 40.01145 ], [ -0.2515, 40.01106 ], [ -0.25169, 40.01134 ], [ -0.25278, 40.01064 ], [ -0.25282, 40.01046 ], [ -0.25348, 40.01026 ], [ -0.25396, 40.01001 ], [ -0.25365, 40.01026 ] ], [ [ -0.23448, 40.00895 ], [ -0.23494, 40.00887 ], [ -0.235, 40.00878 ], [ -0.23554, 40.00864 ], [ -0.23679, 40.00888 ], [ -0.23828, 40.00902 ], [ -0.23847, 40.00874 ], [ -0.23825, 40.00811 ], [ -0.23751, 40.008 ], [ -0.23738, 40.00858 ], [ -0.2361, 40.00842 ], [ -0.23565, 40.0075 ], [ -0.23449, 40.00774 ], [ -0.23414, 40.00815 ], [ -0.23448, 40.00895 ] ] ], [ [ [ -0.258, 40.00922 ], [ -0.25823, 40.00867 ], [ -0.25813, 40.00864 ], [ -0.25797, 40.00869 ], [ -0.25769, 40.00926 ], [ -0.25744, 40.00919 ], [ -0.25658, 40.0093 ], [ -0.2557, 40.00959 ], [ -0.25502, 40.00964 ], [ -0.25469, 40.00982 ], [ -0.25396, 40.01001 ], [ -0.25415, 40.0099 ], [ -0.2552, 40.00957 ], [ -0.25579, 40.00952 ], [ -0.25673, 40.00924 ], [ -0.2573, 40.00917 ], [ -0.25749, 40.00905 ], [ -0.25754, 40.00909 ], [ -0.25771, 40.00895 ], [ -0.25783, 40.00848 ], [ -0.25824, 40.00836 ], [ -0.25839, 40.00845 ], [ -0.25802, 40.00924 ], [ -0.258, 40.00922 ] ] ], [ [ [ -0.25959, 40.0133 ], [ -0.25914, 40.01254 ], [ -0.25919, 40.0124 ], [ -0.25912, 40.01212 ], [ -0.25921, 40.012 ], [ -0.25927, 40.0116 ], [ -0.25921, 40.01143 ], [ -0.25879, 40.0112 ], [ -0.25861, 40.01118 ], [ -0.25816, 40.01081 ], [ -0.25723, 40.01057 ], [ -0.2568, 40.01041 ], [ -0.25651, 40.01016 ], [ -0.25646, 40.01005 ], [ -0.25672, 40.00979 ], [ -0.257, 40.00966 ], [ -0.25807, 40.00951 ], [ -0.25809, 40.00944 ], [ -0.25788, 40.00938 ], [ -0.25825, 40.00933 ], [ -0.25817, 40.00924 ], [ -0.25803, 40.00925 ], [ -0.25802, 40.00924 ], [ -0.25822, 40.00915 ], [ -0.25836, 40.00931 ], [ -0.25803, 40.00959 ], [ -0.25695, 40.00974 ], [ -0.25652, 40.01015 ], [ -0.25681, 40.01039 ], [ -0.25721, 40.01055 ], [ -0.25815, 40.01074 ], [ -0.25939, 40.01147 ], [ -0.25919, 40.01214 ], [ -0.25976, 40.01229 ], [ -0.25963, 40.01249 ], [ -0.25962, 40.01289 ], [ -0.25946, 40.01302 ], [ -0.2596, 40.0133 ], [ -0.25959, 40.0133 ] ] ], [ [ [ -0.26009, 40.01387 ], [ -0.26079, 40.01406 ], [ -0.26124, 40.01404 ], [ -0.26179, 40.01388 ], [ -0.26211, 40.01391 ], [ -0.26226, 40.01384 ], [ -0.2622, 40.01336 ], [ -0.2623, 40.0133 ], [ -0.26197, 40.01329 ], [ -0.26166, 40.01305 ], [ -0.26255, 40.0129 ], [ -0.26288, 40.01299 ], [ -0.26301, 40.01288 ], [ -0.26303, 40.01261 ], [ -0.26369, 40.01225 ], [ -0.26414, 40.01216 ], [ -0.26337, 40.01256 ], [ -0.26331, 40.01281 ], [ -0.26318, 40.01297 ], [ -0.26271, 40.01308 ], [ -0.26258, 40.01352 ], [ -0.26219, 40.01394 ], [ -0.262, 40.01401 ], [ -0.26163, 40.01394 ], [ -0.26136, 40.0141 ], [ -0.26128, 40.01426 ], [ -0.26089, 40.01433 ], [ -0.26025, 40.01423 ], [ -0.25987, 40.01393 ], [ -0.25993, 40.0137 ], [ -0.2598, 40.01357 ], [ -0.2596, 40.0133 ], [ -0.26009, 40.01387 ] ] ] ] } },
{ "type": "Feature", "properties": { "denominacion": "EMBALSE DE SICHAR", "num_up": "CS091", "municipio": "ONDA", "owner": 3, "owner_label": "Utilidad pública · Conf. Hidrográfica del Júcar", "hectareas": 0.00712745 }, "geometry": { "type": "Polygon", "coordinates": [ [ [ -0.28193, 40.02185 ], [ -0.28183, 40.0219 ], [ -0.28188, 40.02198 ], [ -0.28192, 40.02197 ], [ -0.28193, 40.02185 ] ] ] } },
{ "type": "Feature", "properties": { "denominacion": "EMBALSE DE SICHAR", "num_up": "CS091", "municipio": "ONDA", "owner": 3, "owner_label": "Utilidad pública · Conf. Hidrográfica del Júcar", "hectareas": 1.87160449 }, "geometry": { "type": "Polygon", "coordinates": [ [ [ -0.24059, 40.00972 ], [ -0.24125, 40.00996 ], [ -0.2414, 40.00987 ], [ -0.24164, 40.00964 ], [ -0.24177, 40.00926 ], [ -0.24208, 40.00897 ], [ -0.24215, 40.0088 ], [ -0.24174, 40.00849 ], [ -0.24125, 40.00832 ], [ -0.2408, 40.00827 ], [ -0.24046, 40.00838 ], [ -0.24041, 40.00857 ], [ -0.24061, 40.00941 ], [ -0.24059, 40.00972 ] ] ] } },
{ "type": "Feature", "properties": { "denominacion": "EMBALSE DE SICHAR", "num_up": "CS091", "municipio": "ONDA", "owner": 3, "owner_label": "Utilidad pública · Conf. Hidrográfica del Júcar", "hectareas": 2.11267739 }, "geometry": { "type": "Polygon", "coordinates": [ [ [ -0.23917, 40.01438 ], [ -0.23995, 40.01434 ], [ -0.24053, 40.01412 ], [ -0.24133, 40.01399 ], [ -0.24172, 40.01378 ], [ -0.24175, 40.01368 ], [ -0.24125, 40.01339 ], [ -0.24114, 40.01311 ], [ -0.24101, 40.01305 ], [ -0.2403, 40.01339 ], [ -0.23901, 40.01367 ], [ -0.23878, 40.01388 ], [ -0.23874, 40.01412 ], [ -0.23888, 40.01431 ], [ -0.23917, 40.01438 ] ] ] } },
{ "type": "Feature", "properties": { "denominacion": "EMBALSE DE SICHAR", "num_up": "CS091", "municipio": "ONDA", "owner": 3, "owner_label": "Utilidad pública · Conf. Hidrográfica del Júcar", "hectareas": 1.02241498 }, "geometry": { "type": "Polygon", "coordinates": [ [ [ -0.23654, 40.01551 ], [ -0.23654, 40.01561 ], [ -0.23736, 40.0154 ], [ -0.23837, 40.01553 ], [ -0.2388, 40.01536 ], [ -0.23891, 40.01515 ], [ -0.23865, 40.01492 ], [ -0.23753, 40.0149 ], [ -0.23684, 40.01518 ], [ -0.23654, 40.01551 ] ] ] } },
{ "type": "Feature", "properties": { "denominacion": "EL EMBRAL", "num_up": "CS053", "municipio": "CHÓVAR", "owner": 1, "owner_label": "Utilidad pública · Ayuntamiento", "hectareas": 39.89484467 }, "geometry": { "type": "Polygon", "coordinates": [ [ [ -0.29281, 39.86187 ], [ -0.2939, 39.86146 ], [ -0.29504, 39.86088 ], [ -0.29663, 39.8603 ], [ -0.29688, 39.85969 ], [ -0.29801, 39.85893 ], [ -0.29903, 39.85806 ], [ -0.29979, 39.85799 ], [ -0.30028, 39.85817 ], [ -0.3014, 39.85626 ], [ -0.3005, 39.85629 ], [ -0.30013, 39.85615 ], [ -0.29778, 39.85455 ], [ -0.29748, 39.85406 ], [ -0.29556, 39.85511 ], [ -0.29202, 39.85741 ], [ -0.29079, 39.8595 ], [ -0.2908, 39.85984 ], [ -0.29105, 39.86075 ], [ -0.29155, 39.86148 ], [ -0.29174, 39.86161 ], [ -0.29281, 39.86187 ] ] ] } }
]
}
