{
"type": "FeatureCollection",
"name": "municipios",
"crs": { "type": "name", "properties": { "name": "urn:ogc:def:crs:OGC:1.3:CRS84" } },
"xy_coordinate_resolution": 1e-05,
"features": [
{ "type": "Feature", "properties": { "nom_mun": "Aín", "comarca": "la Plana Baixa", "area_ha": 1229.52, "ha_quemadas": 36.8 }, "geometry": { "type": "Polygon", "coordinates": [ [ [ -0.31983, 39.90218 ], [ -0.32436, 39.90733 ], [ -0.32215, 39.9092 ], [ -0.33227, 39.91157 ], [ -0.34243, 39.90986 ], [ -0.34871, 39.90847 ], [ -0.35347, 39.90823 ], [ -0.35541, 39.90718 ], [ -0.35581, 39.90676 ], [ -0.35768, 39.90335 ], [ -0.35919, 39.90111 ], [ -0.36108, 39.89752 ], [ -0.37053, 39.89964 ], [ -0.37577, 39.90108 ], [ -0.37658, 39.90142 ], [ -0.38284, 39.89473 ], [ -0.37989, 39.89419 ], [ -0.37446, 39.88981 ], [ -0.3717, 39.88726 ], [ -0.3711, 39.88558 ], [ -0.36936, 39.88315 ], [ -0.3677, 39.87993 ], [ -0.36253, 39.88048 ], [ -0.35867, 39.87779 ], [ -0.35713, 39.87858 ], [ -0.35187, 39.87722 ], [ -0.35014, 39.87725 ], [ -0.34821, 39.87703 ], [ -0.3474, 39.87671 ], [ -0.34398, 39.87431 ], [ -0.34224, 39.87479 ], [ -0.33591, 39.87435 ], [ -0.3379, 39.8779 ], [ -0.33638, 39.87944 ], [ -0.33799, 39.88088 ], [ -0.33696, 39.88612 ], [ -0.33086, 39.88611 ], [ -0.33066, 39.88626 ], [ -0.32965, 39.88784 ], [ -0.32932, 39.88866 ], [ -0.32857, 39.89217 ], [ -0.32816, 39.89296 ], [ -0.32763, 39.89343 ], [ -0.32718, 39.8949 ], [ -0.32709, 39.8958 ], [ -0.32731, 39.89723 ], [ -0.32382, 39.89937 ], [ -0.32155, 39.90178 ], [ -0.31983, 39.90218 ] ] ] } },
{ "type": "Feature", "properties": { "nom_mun": "Alcudia de Veo", "comarca": "la Plana Baixa", "area_ha": 3067.14, "ha_quemadas": 681.3 }, "geometry": { "type": "Polygon", "coordinates": [ [ [ -0.28181, 39.90865 ], [ -0.27955, 39.91559 ], [ -0.27903, 39.91805 ], [ -0.27992, 39.91925 ], [ -0.27867, 39.92046 ], [ -0.28046, 39.92136 ], [ -0.28591, 39.92206 ], [ -0.28887, 39.92216 ], [ -0.29015, 39.92238 ], [ -0.29251, 39.92578 ], [ -0.2941, 39.9284 ], [ -0.29529, 39.92988 ], [ -0.30105, 39.9306 ], [ -0.3056, 39.93148 ], [ -0.31001, 39.93276 ], [ -0.31748, 39.93413 ], [ -0.31979, 39.93631 ], [ -0.32035, 39.93704 ], [ -0.32222, 39.9372 ], [ -0.32459, 39.93765 ], [ -0.32561, 39.93822 ], [ -0.32819, 39.94021 ], [ -0.32858, 39.94065 ], [ -0.32901, 39.94165 ], [ -0.32998, 39.94491 ], [ -0.33301, 39.94492 ], [ -0.33457, 39.94477 ], [ -0.33715, 39.94438 ], [ -0.3376, 39.94413 ], [ -0.33823, 39.9437 ], [ -0.33883, 39.94223 ], [ -0.33922, 39.94186 ], [ -0.34099, 39.941 ], [ -0.34304, 39.93898 ], [ -0.34339, 39.93727 ], [ -0.34376, 39.93646 ], [ -0.34539, 39.93543 ], [ -0.34756, 39.93513 ], [ -0.3505, 39.93343 ], [ -0.35326, 39.93227 ], [ -0.35505, 39.93261 ], [ -0.35836, 39.93292 ], [ -0.35957, 39.93217 ], [ -0.36048, 39.93207 ], [ -0.3626, 39.93254 ], [ -0.36456, 39.93319 ], [ -0.36611, 39.9322 ], [ -0.36918, 39.93195 ], [ -0.37075, 39.93024 ], [ -0.37218, 39.92938 ], [ -0.38011, 39.92838 ], [ -0.38077, 39.92823 ], [ -0.38174, 39.92773 ], [ -0.38553, 39.9307 ], [ -0.38673, 39.93083 ], [ -0.38814, 39.93072 ], [ -0.3894, 39.93102 ], [ -0.39154, 39.93361 ], [ -0.39557, 39.93575 ], [ -0.40083, 39.9343 ], [ -0.40601, 39.9378 ], [ -0.41137, 39.93864 ], [ -0.41156, 39.93828 ], [ -0.41289, 39.93759 ], [ -0.41679, 39.93588 ], [ -0.41338, 39.92811 ], [ -0.41076, 39.92633 ], [ -0.40933, 39.92516 ], [ -0.40658, 39.92348 ], [ -0.40406, 39.92245 ], [ -0.40114, 39.9217 ], [ -0.39839, 39.92072 ], [ -0.39537, 39.92003 ], [ -0.39005, 39.9183 ], [ -0.38944, 39.91478 ], [ -0.38918, 39.91153 ], [ -0.38561, 39.90774 ], [ -0.3822, 39.9064 ], [ -0.38094, 39.90575 ], [ -0.37804, 39.90305 ], [ -0.37658, 39.90142 ], [ -0.37577, 39.90108 ], [ -0.37053, 39.89964 ], [ -0.36108, 39.89752 ], [ -0.35919, 39.90111 ], [ -0.35768, 39.90335 ], [ -0.35581, 39.90676 ], [ -0.35541, 39.90718 ], [ -0.35347, 39.90823 ], [ -0.34871, 39.90847 ], [ -0.34243, 39.90986 ], [ -0.33227, 39.91157 ], [ -0.32215, 39.9092 ], [ -0.32436, 39.90733 ], [ -0.31983, 39.90218 ], [ -0.3171, 39.90145 ], [ -0.31338, 39.90176 ], [ -0.31077, 39.90318 ], [ -0.31011, 39.90461 ], [ -0.3072, 39.90819 ], [ -0.30563, 39.90794 ], [ -0.30446, 39.9086 ], [ -0.30373, 39.90878 ], [ -0.30177, 39.90878 ], [ -0.30075, 39.90863 ], [ -0.29732, 39.90692 ], [ -0.29618, 39.907 ], [ -0.29209, 39.90756 ], [ -0.291, 39.9102 ], [ -0.28858, 39.90995 ], [ -0.28743, 39.90951 ], [ -0.28627, 39.90951 ], [ -0.28181, 39.90865 ] ] ] } },
{ "type": "Feature", "properties": { "nom_mun": "Algimia de Almonacid", "comarca": "El Alto Palancia", "area_ha": 2034.09, "ha_quemadas": 0.0 }, "geometry": { "type": "Polygon", "coordinates": [ [ [ -0.46941, 39.92372 ], [ -0.45697, 39.91976 ], [ -0.45377, 39.91766 ], [ -0.45281, 39.91404 ], [ -0.45034, 39.91295 ], [ -0.44902, 39.9091 ], [ -0.44681, 39.90748 ], [ -0.44515, 39.90716 ], [ -0.44396, 39.90613 ], [ -0.44102, 39.9043 ], [ -0.43398, 39.90239 ], [ -0.41925, 39.90592 ], [ -0.41833, 39.90085 ], [ -0.41479, 39.89956 ], [ -0.40953, 39.89843 ], [ -0.41065, 39.89414 ], [ -0.41111, 39.89166 ], [ -0.40166, 39.893 ], [ -0.38284, 39.89473 ], [ -0.37658, 39.90142 ], [ -0.37804, 39.90305 ], [ -0.38094, 39.90575 ], [ -0.3822, 39.9064 ], [ -0.38561, 39.90774 ], [ -0.38918, 39.91153 ], [ -0.38944, 39.91478 ], [ -0.39005, 39.9183 ], [ -0.39537, 39.92003 ], [ -0.39839, 39.92072 ], [ -0.40114, 39.9217 ], [ -0.40406, 39.92245 ], [ -0.40658, 39.92348 ], [ -0.40933, 39.92516 ], [ -0.41076, 39.92633 ], [ -0.41338, 39.92811 ], [ -0.41679, 39.93588 ], [ -0.41758, 39.93604 ], [ -0.42533, 39.93641 ], [ -0.42734, 39.93675 ], [ -0.43424, 39.94003 ], [ -0.44202, 39.93725 ], [ -0.45639, 39.92748 ], [ -0.46377, 39.92674 ], [ -0.46711, 39.92472 ], [ -0.46941, 39.92372 ] ] ] } },
{ "type": "Feature", "properties": { "nom_mun": "Almenara", "comarca": "la Plana Baixa", "area_ha": 2760.08, "ha_quemadas": 0.0 }, "geometry": { "type": "Polygon", "coordinates": [ [ [ -0.27653, 39.77054 ], [ -0.27651, 39.76778 ], [ -0.27613, 39.76712 ], [ -0.27609, 39.76648 ], [ -0.27555, 39.76562 ], [ -0.2756, 39.76439 ], [ -0.27543, 39.76408 ], [ -0.27356, 39.76269 ], [ -0.27205, 39.76123 ], [ -0.27156, 39.76036 ], [ -0.27156, 39.75989 ], [ -0.2718, 39.75924 ], [ -0.27299, 39.75766 ], [ -0.27338, 39.75575 ], [ -0.27371, 39.7551 ], [ -0.27195, 39.75101 ], [ -0.27156, 39.75052 ], [ -0.27032, 39.75033 ], [ -0.26892, 39.74932 ], [ -0.26606, 39.74773 ], [ -0.26571, 39.74742 ], [ -0.26515, 39.74644 ], [ -0.26418, 39.7455 ], [ -0.25903, 39.74318 ], [ -0.25714, 39.74267 ], [ -0.25382, 39.7425 ], [ -0.24882, 39.74306 ], [ -0.24683, 39.74301 ], [ -0.24575, 39.74271 ], [ -0.2423, 39.74072 ], [ -0.24081, 39.74024 ], [ -0.23841, 39.74001 ], [ -0.23474, 39.73901 ], [ -0.23396, 39.74006 ], [ -0.23177, 39.73893 ], [ -0.22862, 39.73677 ], [ -0.22577, 39.7354 ], [ -0.19994, 39.72587 ], [ -0.18845, 39.72192 ], [ -0.18822, 39.72195 ], [ -0.1883, 39.72218 ], [ -0.1873, 39.72431 ], [ -0.18452, 39.7296 ], [ -0.17963, 39.73819 ], [ -0.17766, 39.74084 ], [ -0.17296, 39.7456 ], [ -0.17254, 39.74579 ], [ -0.17235, 39.74548 ], [ -0.17208, 39.74538 ], [ -0.17199, 39.74552 ], [ -0.17235, 39.74638 ], [ -0.17317, 39.74681 ], [ -0.17692, 39.74593 ], [ -0.17775, 39.74661 ], [ -0.18015, 39.74805 ], [ -0.18413, 39.75008 ], [ -0.1916, 39.75436 ], [ -0.19148, 39.75474 ], [ -0.19861, 39.75748 ], [ -0.2034, 39.75963 ], [ -0.2282, 39.76995 ], [ -0.22987, 39.77035 ], [ -0.2324, 39.77157 ], [ -0.2461, 39.7768 ], [ -0.27653, 39.77054 ] ] ] } },
{ "type": "Feature", "properties": { "nom_mun": "Castellnovo", "comarca": "El Alto Palancia", "area_ha": 1920.94, "ha_quemadas": 0.0 }, "geometry": { "type": "Polygon", "coordinates": [ [ [ -0.46441, 39.83938 ], [ -0.46369, 39.83809 ], [ -0.46204, 39.83623 ], [ -0.46102, 39.83576 ], [ -0.45869, 39.8353 ], [ -0.45695, 39.83538 ], [ -0.45427, 39.83589 ], [ -0.45357, 39.83646 ], [ -0.45278, 39.83777 ], [ -0.45208, 39.83818 ], [ -0.4479, 39.83892 ], [ -0.44649, 39.83965 ], [ -0.44578, 39.83953 ], [ -0.44558, 39.83929 ], [ -0.44541, 39.83743 ], [ -0.44494, 39.83574 ], [ -0.44452, 39.83525 ], [ -0.44314, 39.83444 ], [ -0.44239, 39.83277 ], [ -0.44239, 39.83186 ], [ -0.44314, 39.83035 ], [ -0.44626, 39.8271 ], [ -0.44657, 39.82621 ], [ -0.44625, 39.82545 ], [ -0.44577, 39.82527 ], [ -0.44321, 39.82553 ], [ -0.44167, 39.82544 ], [ -0.44015, 39.82497 ], [ -0.43924, 39.824 ], [ -0.4388, 39.82161 ], [ -0.43803, 39.82044 ], [ -0.43778, 39.82038 ], [ -0.43543, 39.82077 ], [ -0.43453, 39.82078 ], [ -0.43266, 39.8212 ], [ -0.43058, 39.82125 ], [ -0.42958, 39.82161 ], [ -0.42851, 39.82177 ], [ -0.42771, 39.82169 ], [ -0.42577, 39.82112 ], [ -0.42877, 39.82982 ], [ -0.42438, 39.83349 ], [ -0.42255, 39.83588 ], [ -0.42224, 39.83649 ], [ -0.4195, 39.83846 ], [ -0.41973, 39.83927 ], [ -0.42017, 39.83995 ], [ -0.42099, 39.84243 ], [ -0.42343, 39.84547 ], [ -0.42396, 39.84923 ], [ -0.42882, 39.8566 ], [ -0.42957, 39.85701 ], [ -0.43378, 39.86057 ], [ -0.43436, 39.86123 ], [ -0.43443, 39.87026 ], [ -0.44195, 39.87657 ], [ -0.44417, 39.88102 ], [ -0.45384, 39.88068 ], [ -0.45977, 39.87907 ], [ -0.4621, 39.87934 ], [ -0.4658, 39.87947 ], [ -0.47217, 39.87919 ], [ -0.47553, 39.8792 ], [ -0.47631, 39.87909 ], [ -0.47729, 39.87872 ], [ -0.47711, 39.87859 ], [ -0.47738, 39.87829 ], [ -0.47984, 39.8766 ], [ -0.47989, 39.87632 ], [ -0.47966, 39.87579 ], [ -0.47842, 39.87552 ], [ -0.47749, 39.87445 ], [ -0.4777, 39.87406 ], [ -0.47917, 39.87364 ], [ -0.47965, 39.87332 ], [ -0.48036, 39.87162 ], [ -0.48012, 39.87083 ], [ -0.47952, 39.87015 ], [ -0.47722, 39.86952 ], [ -0.47669, 39.86923 ], [ -0.47659, 39.86877 ], [ -0.47724, 39.86779 ], [ -0.47724, 39.86564 ], [ -0.47697, 39.86542 ], [ -0.47517, 39.86505 ], [ -0.47424, 39.86386 ], [ -0.47331, 39.86307 ], [ -0.47288, 39.8624 ], [ -0.47272, 39.86188 ], [ -0.47271, 39.85748 ], [ -0.4725, 39.85608 ], [ -0.47099, 39.85647 ], [ -0.4707, 39.85639 ], [ -0.47003, 39.85454 ], [ -0.46778, 39.85236 ], [ -0.46699, 39.84966 ], [ -0.46519, 39.84671 ], [ -0.4624, 39.84531 ], [ -0.46081, 39.84163 ], [ -0.46178, 39.84089 ], [ -0.46441, 39.83938 ] ] ] } },
{ "type": "Feature", "properties": { "nom_mun": "Castelló de la Plana", "comarca": "la Plana Alta", "area_ha": 11136.43, "ha_quemadas": 0.0 }, "geometry": { "type": "MultiPolygon", "coordinates": [ [ [ [ 0.00219, 39.94264 ], [ 0.00236, 39.94268 ], [ 0.002, 39.94324 ], [ 0.00206, 39.94506 ], [ 0.00237, 39.94715 ], [ 0.00279, 39.94788 ], [ 0.00332, 39.94781 ], [ 0.00315, 39.94809 ], [ 0.00345, 39.94822 ], [ 0.00297, 39.94836 ], [ 0.00317, 39.94847 ], [ 0.00282, 39.94865 ], [ 0.00294, 39.94933 ], [ 0.00314, 39.94944 ], [ 0.00772, 39.94843 ], [ 0.00319, 39.94959 ], [ 0.00325, 39.94999 ], [ 0.00348, 39.95006 ], [ 0.00327, 39.95022 ], [ 0.00398, 39.95018 ], [ 0.00416, 39.95029 ], [ 0.00409, 39.95075 ], [ 0.0044, 39.95296 ], [ 0.00376, 39.95368 ], [ 0.00379, 39.95401 ], [ 0.00436, 39.95375 ], [ 0.0039, 39.9544 ], [ 0.00467, 39.95439 ], [ 0.00533, 39.95332 ], [ 0.00474, 39.94998 ], [ 0.01415, 39.94794 ], [ 0.01456, 39.94809 ], [ 0.01479, 39.94838 ], [ 0.01574, 39.95087 ], [ 0.01996, 39.9499 ], [ 0.0241, 39.95647 ], [ 0.02367, 39.95663 ], [ 0.0235, 39.95636 ], [ 0.02371, 39.95628 ], [ 0.01994, 39.95031 ], [ 0.01547, 39.95134 ], [ 0.01575, 39.95195 ], [ 0.01543, 39.95203 ], [ 0.01523, 39.95139 ], [ 0.00586, 39.95345 ], [ 0.00556, 39.95361 ], [ 0.00494, 39.95446 ], [ 0.00517, 39.9552 ], [ 0.00539, 39.95536 ], [ 0.00531, 39.95566 ], [ 0.00559, 39.95667 ], [ 0.00555, 39.95706 ], [ 0.00511, 39.95724 ], [ 0.00515, 39.95738 ], [ 0.00566, 39.95737 ], [ 0.00605, 39.95682 ], [ 0.00538, 39.95454 ], [ 0.00592, 39.9538 ], [ 0.0125, 39.95231 ], [ 0.01273, 39.95266 ], [ 0.01329, 39.95254 ], [ 0.01494, 39.95693 ], [ 0.01471, 39.95698 ], [ 0.01467, 39.95687 ], [ 0.01419, 39.95721 ], [ 0.01478, 39.95879 ], [ 0.01036, 39.9598 ], [ 0.01317, 39.96739 ], [ 0.01699, 39.96579 ], [ 0.02235, 39.96755 ], [ 0.02202, 39.96775 ], [ 0.01772, 39.96621 ], [ 0.01587, 39.967 ], [ 0.0155, 39.96665 ], [ 0.01458, 39.96704 ], [ 0.01503, 39.96756 ], [ 0.01486, 39.96763 ], [ 0.01452, 39.96707 ], [ 0.01359, 39.96747 ], [ 0.01404, 39.96798 ], [ 0.01386, 39.96806 ], [ 0.01353, 39.96749 ], [ 0.01253, 39.96792 ], [ 0.01272, 39.96818 ], [ 0.01199, 39.96849 ], [ 0.01277, 39.96825 ], [ 0.01398, 39.96993 ], [ 0.01933, 39.96764 ], [ 0.01956, 39.96769 ], [ 0.02004, 39.96835 ], [ 0.02001, 39.96841 ], [ 0.01989, 39.96819 ], [ 0.01822, 39.96872 ], [ 0.01831, 39.96884 ], [ 0.01815, 39.96891 ], [ 0.01834, 39.96888 ], [ 0.01851, 39.96911 ], [ 0.01742, 39.96958 ], [ 0.01776, 39.97005 ], [ 0.01737, 39.9696 ], [ 0.01676, 39.9698 ], [ 0.01658, 39.96957 ], [ 0.01592, 39.96986 ], [ 0.01641, 39.97062 ], [ 0.01587, 39.96988 ], [ 0.01551, 39.97003 ], [ 0.01666, 39.97161 ], [ 0.01547, 39.97005 ], [ 0.01497, 39.97026 ], [ 0.01612, 39.97185 ], [ 0.01599, 39.9719 ], [ 0.01498, 39.97051 ], [ 0.01452, 39.9707 ], [ 0.01717, 39.97436 ], [ 0.01748, 39.97422 ], [ 0.01765, 39.97446 ], [ 0.01794, 39.97434 ], [ 0.0163, 39.97208 ], [ 0.01643, 39.97202 ], [ 0.01807, 39.97429 ], [ 0.02067, 39.97317 ], [ 0.02112, 39.97179 ], [ 0.01991, 39.97005 ], [ 0.02011, 39.96977 ], [ 0.02142, 39.96922 ], [ 0.02184, 39.96928 ], [ 0.02354, 39.97169 ], [ 0.02379, 39.97159 ], [ 0.02398, 39.97178 ], [ 0.02481, 39.97099 ], [ 0.02454, 39.97079 ], [ 0.02816, 39.9673 ], [ 0.0285, 39.96724 ], [ 0.02657, 39.96041 ], [ 0.02583, 39.96043 ], [ 0.02578, 39.96027 ], [ 0.02705, 39.96006 ], [ 0.02709, 39.96021 ], [ 0.02936, 39.95982 ], [ 0.02922, 39.95925 ], [ 0.02953, 39.95921 ], [ 0.02866, 39.95612 ], [ 0.02828, 39.95619 ], [ 0.02806, 39.95579 ], [ 0.02884, 39.95566 ], [ 0.03254, 39.96882 ], [ 0.0322, 39.96884 ], [ 0.02922, 39.97166 ], [ 0.02872, 39.97184 ], [ 0.02793, 39.97254 ], [ 0.02862, 39.97512 ], [ 0.02566, 39.97773 ], [ 0.02429, 39.97801 ], [ 0.02427, 39.9786 ], [ 0.02526, 39.98152 ], [ 0.02585, 39.98279 ], [ 0.02662, 39.98616 ], [ 0.03068, 39.99976 ], [ 0.03121, 40.00094 ], [ 0.03178, 40.00161 ], [ 0.03216, 40.00151 ], [ 0.03141, 40.00227 ], [ 0.03241, 40.00196 ], [ 0.03294, 40.00163 ], [ 0.03308, 40.00169 ], [ 0.0322, 40.0022 ], [ 0.03124, 40.00245 ], [ 0.03193, 40.00251 ], [ 0.03276, 40.00472 ], [ 0.03339, 40.00573 ], [ 0.03388, 40.00709 ], [ 0.03398, 40.00784 ], [ 0.0346, 40.00917 ], [ 0.03462, 40.00959 ], [ 0.03543, 40.01104 ], [ 0.03625, 40.01179 ], [ 0.03712, 40.01125 ], [ 0.03626, 40.01195 ], [ 0.03748, 40.01374 ], [ 0.03805, 40.01427 ], [ 0.03864, 40.01458 ], [ 0.03955, 40.01407 ], [ 0.03865, 40.01472 ], [ 0.03909, 40.01541 ], [ 0.01574, 40.02538 ], [ 0.01076, 40.03825 ], [ 0.00972, 40.04309 ], [ 0.00933, 40.04399 ], [ 0.00678, 40.04866 ], [ 0.00429, 40.05194 ], [ -0.00249, 40.06416 ], [ -0.00284, 40.06449 ], [ -0.00396, 40.06419 ], [ -0.00955, 40.05648 ], [ -0.01654, 40.04831 ], [ -0.03243, 40.04352 ], [ -0.03606, 40.04176 ], [ -0.04007, 40.03864 ], [ -0.04175, 40.03331 ], [ -0.04067, 40.03023 ], [ -0.04356, 40.02798 ], [ -0.04668, 40.02743 ], [ -0.049, 40.02729 ], [ -0.05057, 40.02681 ], [ -0.05336, 40.02656 ], [ -0.05495, 40.02735 ], [ -0.05854, 40.02573 ], [ -0.06292, 40.02606 ], [ -0.06871, 40.02403 ], [ -0.07562, 40.02327 ], [ -0.08067, 40.01996 ], [ -0.08609, 40.01596 ], [ -0.09067, 40.01377 ], [ -0.09829, 40.01206 ], [ -0.11757, 40.00944 ], [ -0.12067, 40.00955 ], [ -0.12146, 40.00997 ], [ -0.1253, 40.01324 ], [ -0.13183, 40.01933 ], [ -0.13289, 40.01953 ], [ -0.14184, 40.0226 ], [ -0.1429, 40.02409 ], [ -0.14731, 40.02774 ], [ -0.14993, 40.03077 ], [ -0.15152, 40.02998 ], [ -0.15506, 40.03072 ], [ -0.15499, 40.03141 ], [ -0.15758, 40.03184 ], [ -0.15778, 40.03325 ], [ -0.15874, 40.03186 ], [ -0.16318, 40.02992 ], [ -0.16404, 40.02925 ], [ -0.16414, 40.02883 ], [ -0.16346, 40.02783 ], [ -0.16138, 40.02641 ], [ -0.16096, 40.02592 ], [ -0.16114, 40.02362 ], [ -0.16073, 40.01938 ], [ -0.16005, 40.01796 ], [ -0.15899, 40.01353 ], [ -0.15796, 40.01109 ], [ -0.15793, 40.01023 ], [ -0.15839, 40.00818 ], [ -0.15917, 40.0062 ], [ -0.15943, 40.00473 ], [ -0.15942, 40.00371 ], [ -0.15911, 40.00279 ], [ -0.1586, 40.00211 ], [ -0.15751, 40.00112 ], [ -0.15592, 40.00021 ], [ -0.15393, 39.9996 ], [ -0.1522, 39.99869 ], [ -0.14615, 39.99486 ], [ -0.14254, 39.99311 ], [ -0.14092, 39.99211 ], [ -0.13943, 39.99103 ], [ -0.13807, 39.98978 ], [ -0.13616, 39.98792 ], [ -0.13515, 39.98648 ], [ -0.13382, 39.98895 ], [ -0.1218, 39.98377 ], [ -0.11628, 39.98352 ], [ -0.1132, 39.98286 ], [ -0.11276, 39.98296 ], [ -0.11159, 39.98284 ], [ -0.10937, 39.98243 ], [ -0.10848, 39.98247 ], [ -0.10618, 39.98213 ], [ -0.10527, 39.9818 ], [ -0.10236, 39.98045 ], [ -0.09881, 39.97832 ], [ -0.09017, 39.97442 ], [ -0.0848, 39.97164 ], [ -0.08465, 39.97106 ], [ -0.0837, 39.97064 ], [ -0.07936, 39.96739 ], [ -0.06958, 39.95919 ], [ -0.06055, 39.95555 ], [ -0.05667, 39.95554 ], [ -0.05428, 39.95505 ], [ -0.05391, 39.95432 ], [ -0.05346, 39.95389 ], [ -0.05188, 39.95297 ], [ -0.05047, 39.95299 ], [ -0.04701, 39.95158 ], [ -0.04658, 39.9517 ], [ -0.04433, 39.95056 ], [ -0.04247, 39.95034 ], [ -0.04185, 39.95146 ], [ -0.03949, 39.95111 ], [ -0.03876, 39.95083 ], [ -0.03883, 39.95068 ], [ -0.03572, 39.94987 ], [ -0.0356, 39.95004 ], [ -0.03418, 39.94987 ], [ -0.03227, 39.94895 ], [ -0.03076, 39.94846 ], [ -0.03075, 39.94816 ], [ -0.0303, 39.94792 ], [ -0.02933, 39.94765 ], [ -0.0283, 39.94764 ], [ -0.02405, 39.94601 ], [ -0.02355, 39.94666 ], [ -0.02316, 39.94757 ], [ -0.02288, 39.94765 ], [ -0.01943, 39.94654 ], [ -0.01882, 39.94698 ], [ -0.01857, 39.94741 ], [ -0.01782, 39.94759 ], [ -0.01741, 39.94746 ], [ -0.01624, 39.94885 ], [ -0.01577, 39.9492 ], [ -0.00757, 39.94639 ], [ 0.00126, 39.94305 ], [ 0.00192, 39.94301 ], [ 0.00219, 39.94264 ] ] ], [ [ [ 0.68338, 39.89638 ], [ 0.68374, 39.89721 ], [ 0.68434, 39.89757 ], [ 0.68532, 39.89763 ], [ 0.68578, 39.89828 ], [ 0.68573, 39.8985 ], [ 0.68748, 39.89892 ], [ 0.68749, 39.8994 ], [ 0.68793, 39.89996 ], [ 0.68795, 39.90042 ], [ 0.68663, 39.90069 ], [ 0.68572, 39.90017 ], [ 0.68548, 39.90028 ], [ 0.68522, 39.89993 ], [ 0.6848, 39.89983 ], [ 0.68414, 39.89892 ], [ 0.68329, 39.89812 ], [ 0.68296, 39.89743 ], [ 0.68285, 39.89667 ], [ 0.68325, 39.89508 ], [ 0.68384, 39.89427 ], [ 0.6847, 39.89364 ], [ 0.68531, 39.8934 ], [ 0.68622, 39.89338 ], [ 0.68671, 39.89343 ], [ 0.68691, 39.89376 ], [ 0.68715, 39.89363 ], [ 0.68724, 39.89393 ], [ 0.68762, 39.89389 ], [ 0.68748, 39.89422 ], [ 0.68792, 39.89506 ], [ 0.68712, 39.89501 ], [ 0.6857, 39.89453 ], [ 0.68383, 39.89532 ], [ 0.68348, 39.89575 ], [ 0.68338, 39.89638 ] ] ], [ [ [ 0.67084, 39.87392 ], [ 0.67114, 39.87427 ], [ 0.67073, 39.87461 ], [ 0.67081, 39.87524 ], [ 0.67119, 39.8757 ], [ 0.67128, 39.87613 ], [ 0.67055, 39.87577 ], [ 0.66973, 39.87561 ], [ 0.66931, 39.87507 ], [ 0.66952, 39.87486 ], [ 0.66981, 39.87485 ], [ 0.67006, 39.87504 ], [ 0.6704, 39.87491 ], [ 0.67013, 39.87433 ], [ 0.6706, 39.87409 ], [ 0.67076, 39.8742 ], [ 0.67084, 39.87392 ] ] ], [ [ [ 0.66897, 39.89066 ], [ 0.66822, 39.89135 ], [ 0.66816, 39.89225 ], [ 0.66769, 39.89217 ], [ 0.66726, 39.89245 ], [ 0.66732, 39.89119 ], [ 0.66793, 39.8909 ], [ 0.66799, 39.89055 ], [ 0.66818, 39.89073 ], [ 0.6684, 39.89053 ], [ 0.66916, 39.89054 ], [ 0.66936, 39.89061 ], [ 0.66897, 39.89066 ] ] ], [ [ [ 0.68943, 39.89553 ], [ 0.68901, 39.89529 ], [ 0.68961, 39.89512 ], [ 0.68974, 39.89526 ], [ 0.68993, 39.8952 ], [ 0.69027, 39.89555 ], [ 0.69031, 39.89618 ], [ 0.69011, 39.89628 ], [ 0.69005, 39.89662 ], [ 0.68988, 39.89634 ], [ 0.69003, 39.89636 ], [ 0.69, 39.89627 ], [ 0.68943, 39.89553 ] ] ], [ [ [ 0.67147, 39.87466 ], [ 0.67178, 39.87481 ], [ 0.67193, 39.8754 ], [ 0.67136, 39.87552 ], [ 0.67097, 39.87517 ], [ 0.6712, 39.87473 ], [ 0.67147, 39.87466 ] ] ], [ [ [ 0.66627, 39.88969 ], [ 0.66606, 39.88934 ], [ 0.66639, 39.88924 ], [ 0.66665, 39.88942 ], [ 0.66684, 39.88919 ], [ 0.66696, 39.88973 ], [ 0.66627, 39.88969 ] ] ], [ [ [ 0.68872, 39.89455 ], [ 0.6889, 39.89493 ], [ 0.68875, 39.89495 ], [ 0.68883, 39.89525 ], [ 0.68811, 39.89505 ], [ 0.68853, 39.89456 ], [ 0.68872, 39.89455 ] ] ], [ [ [ 0.67169, 39.85194 ], [ 0.6713, 39.85198 ], [ 0.67121, 39.85176 ], [ 0.67154, 39.85144 ], [ 0.6715, 39.85166 ], [ 0.67171, 39.85165 ], [ 0.67169, 39.85194 ] ] ], [ [ [ 0.67002, 39.89156 ], [ 0.6704, 39.89149 ], [ 0.67056, 39.89172 ], [ 0.67051, 39.89194 ], [ 0.67002, 39.89156 ] ] ], [ [ [ 0.67183, 39.87442 ], [ 0.67203, 39.87432 ], [ 0.67239, 39.87457 ], [ 0.6721, 39.87461 ], [ 0.67183, 39.87442 ] ] ], [ [ [ 0.67313, 39.85082 ], [ 0.67325, 39.85071 ], [ 0.67342, 39.85079 ], [ 0.67335, 39.85093 ], [ 0.67313, 39.85082 ] ] ], [ [ [ 0.67198, 39.85129 ], [ 0.67204, 39.85143 ], [ 0.6719, 39.85139 ], [ 0.67198, 39.85129 ] ] ], [ [ [ 0.67229, 39.85159 ], [ 0.67221, 39.85168 ], [ 0.67214, 39.85156 ], [ 0.67229, 39.85159 ] ] ], [ [ [ 0.67396, 39.85099 ], [ 0.67388, 39.85102 ], [ 0.67391, 39.85087 ], [ 0.67396, 39.85099 ] ] ], [ [ [ 0.67411, 39.85074 ], [ 0.67422, 39.85067 ], [ 0.67426, 39.85077 ], [ 0.67411, 39.85074 ] ] ], [ [ [ 0.67302, 39.85095 ], [ 0.67304, 39.85107 ], [ 0.67288, 39.85097 ], [ 0.67302, 39.85095 ] ] ], [ [ [ 0.67094, 39.89205 ], [ 0.67103, 39.89199 ], [ 0.67104, 39.89208 ], [ 0.67094, 39.89205 ] ] ], [ [ [ 0.67348, 39.8505 ], [ 0.6734, 39.8506 ], [ 0.67339, 39.85055 ], [ 0.67348, 39.8505 ] ] ], [ [ [ 0.67055, 39.89207 ], [ 0.67051, 39.89198 ], [ 0.6706, 39.89205 ], [ 0.67055, 39.89207 ] ] ], [ [ [ 0.66956, 39.8901 ], [ 0.66954, 39.89018 ], [ 0.66946, 39.89012 ], [ 0.66956, 39.8901 ] ] ], [ [ [ 0.66939, 39.89022 ], [ 0.66931, 39.89022 ], [ 0.6694, 39.89019 ], [ 0.66939, 39.89022 ] ] ], [ [ [ 0.68981, 39.89611 ], [ 0.68983, 39.89612 ], [ 0.6898, 39.89613 ], [ 0.68981, 39.89611 ] ] ], [ [ [ 0.68984, 39.89621 ], [ 0.68984, 39.89623 ], [ 0.68982, 39.89621 ], [ 0.68984, 39.89621 ] ] ] ] } },
{ "type": "Feature", "properties": { "nom_mun": "Xilxes", "comarca": "la Plana Baixa", "area_ha": 1350.89, "ha_quemadas": 0.0 }, "geometry": { "type": "Polygon", "coordinates": [ [ [ -0.2102, 39.78699 ], [ -0.19811, 39.77671 ], [ -0.17069, 39.75528 ], [ -0.1677, 39.75324 ], [ -0.16454, 39.75623 ], [ -0.16407, 39.75639 ], [ -0.16345, 39.75614 ], [ -0.16365, 39.75631 ], [ -0.16359, 39.75651 ], [ -0.16183, 39.75905 ], [ -0.1616, 39.75917 ], [ -0.16089, 39.75889 ], [ -0.1615, 39.75922 ], [ -0.16141, 39.75955 ], [ -0.16078, 39.76059 ], [ -0.16028, 39.76106 ], [ -0.15942, 39.76082 ], [ -0.16014, 39.76132 ], [ -0.15855, 39.76327 ], [ -0.1579, 39.76365 ], [ -0.15674, 39.76381 ], [ -0.156, 39.76366 ], [ -0.15641, 39.76299 ], [ -0.15631, 39.76295 ], [ -0.15565, 39.76407 ], [ -0.15576, 39.76413 ], [ -0.15585, 39.76391 ], [ -0.15627, 39.76423 ], [ -0.15566, 39.76611 ], [ -0.15498, 39.76704 ], [ -0.15426, 39.767 ], [ -0.15457, 39.76713 ], [ -0.15464, 39.76759 ], [ -0.15451, 39.76782 ], [ -0.15385, 39.76855 ], [ -0.15288, 39.76902 ], [ -0.15194, 39.76893 ], [ -0.15216, 39.76838 ], [ -0.15157, 39.76946 ], [ -0.15181, 39.76948 ], [ -0.15187, 39.76992 ], [ -0.153, 39.77066 ], [ -0.15676, 39.77433 ], [ -0.15799, 39.77589 ], [ -0.16903, 39.78783 ], [ -0.17948, 39.79726 ], [ -0.18142, 39.79855 ], [ -0.18484, 39.80045 ], [ -0.20267, 39.80191 ], [ -0.20507, 39.79661 ], [ -0.20669, 39.79078 ], [ -0.2102, 39.78699 ] ] ] } },
{ "type": "Feature", "properties": { "nom_mun": "Chóvar", "comarca": "El Alto Palancia", "area_ha": 1831.76, "ha_quemadas": 2.1 }, "geometry": { "type": "Polygon", "coordinates": [ [ [ -0.32964, 39.82352 ], [ -0.32742, 39.82441 ], [ -0.32655, 39.82455 ], [ -0.32382, 39.82386 ], [ -0.32046, 39.82366 ], [ -0.31918, 39.82375 ], [ -0.31629, 39.82305 ], [ -0.31279, 39.8308 ], [ -0.30247, 39.84131 ], [ -0.30006, 39.85345 ], [ -0.29229, 39.8579 ], [ -0.29339, 39.86375 ], [ -0.29421, 39.86419 ], [ -0.29454, 39.8656 ], [ -0.2962, 39.86586 ], [ -0.298, 39.86702 ], [ -0.30442, 39.86825 ], [ -0.30492, 39.86822 ], [ -0.30563, 39.8676 ], [ -0.30626, 39.86735 ], [ -0.30981, 39.86804 ], [ -0.31216, 39.86821 ], [ -0.31334, 39.8678 ], [ -0.31616, 39.86595 ], [ -0.31753, 39.86531 ], [ -0.3187, 39.86527 ], [ -0.32226, 39.86564 ], [ -0.32358, 39.86605 ], [ -0.3245, 39.86692 ], [ -0.32493, 39.86857 ], [ -0.32628, 39.87079 ], [ -0.32615, 39.87129 ], [ -0.32542, 39.8722 ], [ -0.32568, 39.87237 ], [ -0.3275, 39.87294 ], [ -0.32862, 39.87293 ], [ -0.33005, 39.87317 ], [ -0.33141, 39.87384 ], [ -0.33296, 39.87397 ], [ -0.334, 39.87389 ], [ -0.33642, 39.87444 ], [ -0.34224, 39.87479 ], [ -0.34398, 39.87431 ], [ -0.3444, 39.87363 ], [ -0.34474, 39.87151 ], [ -0.34401, 39.87035 ], [ -0.34115, 39.86714 ], [ -0.34071, 39.86434 ], [ -0.34205, 39.86172 ], [ -0.34478, 39.85712 ], [ -0.3443, 39.8549 ], [ -0.345, 39.85293 ], [ -0.34413, 39.85132 ], [ -0.34426, 39.85051 ], [ -0.3455, 39.8484 ], [ -0.34773, 39.84677 ], [ -0.3496, 39.84331 ], [ -0.35094, 39.83805 ], [ -0.35082, 39.83721 ], [ -0.3494, 39.8341 ], [ -0.34938, 39.83349 ], [ -0.34906, 39.83267 ], [ -0.34711, 39.83217 ], [ -0.3466, 39.83191 ], [ -0.34506, 39.83044 ], [ -0.34216, 39.82933 ], [ -0.34118, 39.82917 ], [ -0.3401, 39.82944 ], [ -0.33892, 39.82944 ], [ -0.33819, 39.82922 ], [ -0.33515, 39.82735 ], [ -0.33451, 39.82676 ], [ -0.33209, 39.82562 ], [ -0.33062, 39.82399 ], [ -0.32964, 39.82352 ] ] ] } },
{ "type": "Feature", "properties": { "nom_mun": "Eslida", "comarca": "la Plana Baixa", "area_ha": 1813.41, "ha_quemadas": 441.8 }, "geometry": { "type": "Polygon", "coordinates": [ [ [ -0.28181, 39.90865 ], [ -0.28627, 39.90951 ], [ -0.28743, 39.90951 ], [ -0.28858, 39.90995 ], [ -0.291, 39.9102 ], [ -0.29209, 39.90756 ], [ -0.29618, 39.907 ], [ -0.29732, 39.90692 ], [ -0.30075, 39.90863 ], [ -0.30177, 39.90878 ], [ -0.30373, 39.90878 ], [ -0.30446, 39.9086 ], [ -0.30563, 39.90794 ], [ -0.3072, 39.90819 ], [ -0.31011, 39.90461 ], [ -0.31077, 39.90318 ], [ -0.31338, 39.90176 ], [ -0.3171, 39.90145 ], [ -0.31983, 39.90218 ], [ -0.32155, 39.90178 ], [ -0.32382, 39.89937 ], [ -0.32731, 39.89723 ], [ -0.32709, 39.8958 ], [ -0.32718, 39.8949 ], [ -0.32763, 39.89343 ], [ -0.32816, 39.89296 ], [ -0.32857, 39.89217 ], [ -0.32932, 39.88866 ], [ -0.32965, 39.88784 ], [ -0.33066, 39.88626 ], [ -0.33086, 39.88611 ], [ -0.33696, 39.88612 ], [ -0.33799, 39.88088 ], [ -0.33638, 39.87944 ], [ -0.3379, 39.8779 ], [ -0.33591, 39.87435 ], [ -0.334, 39.87389 ], [ -0.33296, 39.87397 ], [ -0.33141, 39.87384 ], [ -0.33005, 39.87317 ], [ -0.32862, 39.87293 ], [ -0.3275, 39.87294 ], [ -0.32568, 39.87237 ], [ -0.32542, 39.8722 ], [ -0.32615, 39.87129 ], [ -0.32628, 39.87079 ], [ -0.32493, 39.86857 ], [ -0.3245, 39.86692 ], [ -0.32358, 39.86605 ], [ -0.32226, 39.86564 ], [ -0.3187, 39.86527 ], [ -0.31753, 39.86531 ], [ -0.31616, 39.86595 ], [ -0.31334, 39.8678 ], [ -0.31216, 39.86821 ], [ -0.30981, 39.86804 ], [ -0.30626, 39.86735 ], [ -0.30563, 39.8676 ], [ -0.30492, 39.86822 ], [ -0.30442, 39.86825 ], [ -0.298, 39.86702 ], [ -0.2962, 39.86586 ], [ -0.29454, 39.8656 ], [ -0.29421, 39.86419 ], [ -0.29339, 39.86375 ], [ -0.28896, 39.86483 ], [ -0.28869, 39.86514 ], [ -0.28796, 39.86681 ], [ -0.28659, 39.86785 ], [ -0.28603, 39.86859 ], [ -0.28615, 39.86993 ], [ -0.28524, 39.8707 ], [ -0.2859, 39.87102 ], [ -0.28754, 39.87231 ], [ -0.2897, 39.87493 ], [ -0.28865, 39.87678 ], [ -0.28468, 39.88277 ], [ -0.2807, 39.88592 ], [ -0.27998, 39.88666 ], [ -0.27724, 39.89031 ], [ -0.27414, 39.89602 ], [ -0.28181, 39.90865 ] ] ] } },
{ "type": "Feature", "properties": { "nom_mun": "Espadilla", "comarca": "El Alto Mijares", "area_ha": 1196.86, "ha_quemadas": 0.0 }, "geometry": { "type": "Polygon", "coordinates": [ [ [ -0.33627, 40.02238 ], [ -0.33745, 40.02186 ], [ -0.34113, 40.02129 ], [ -0.3436, 40.02161 ], [ -0.34413, 40.02207 ], [ -0.34442, 40.02443 ], [ -0.34515, 40.02744 ], [ -0.34507, 40.02779 ], [ -0.34409, 40.02878 ], [ -0.34326, 40.03186 ], [ -0.34494, 40.0353 ], [ -0.34604, 40.0367 ], [ -0.34561, 40.03831 ], [ -0.34704, 40.03881 ], [ -0.34789, 40.03885 ], [ -0.35291, 40.03898 ], [ -0.3581, 40.03662 ], [ -0.35827, 40.03644 ], [ -0.35852, 40.03501 ], [ -0.359, 40.03362 ], [ -0.35933, 40.03299 ], [ -0.36024, 40.03226 ], [ -0.36612, 40.03104 ], [ -0.36864, 40.0298 ], [ -0.36962, 40.02949 ], [ -0.37492, 40.02858 ], [ -0.37743, 40.02833 ], [ -0.37864, 40.02837 ], [ -0.38335, 40.02943 ], [ -0.38431, 40.0295 ], [ -0.38777, 40.02849 ], [ -0.38975, 40.02831 ], [ -0.39051, 40.0276 ], [ -0.39307, 40.02771 ], [ -0.39664, 40.02693 ], [ -0.39831, 40.0294 ], [ -0.39872, 40.03028 ], [ -0.39972, 40.02823 ], [ -0.40735, 40.02565 ], [ -0.40289, 40.01994 ], [ -0.39206, 40.01785 ], [ -0.38734, 40.01667 ], [ -0.37055, 40.0061 ], [ -0.35677, 40.00713 ], [ -0.34622, 40.00467 ], [ -0.34497, 40.00733 ], [ -0.34358, 40.00907 ], [ -0.34038, 40.01451 ], [ -0.33627, 40.02238 ] ] ] } },
{ "type": "Feature", "properties": { "nom_mun": "Fuentes de Ayódar", "comarca": "El Alto Mijares", "area_ha": 1098.77, "ha_quemadas": 0.0 }, "geometry": { "type": "Polygon", "coordinates": [ [ [ -0.44763, 40.03081 ], [ -0.44949, 40.02421 ], [ -0.44903, 40.02141 ], [ -0.44715, 40.01661 ], [ -0.44586, 40.01474 ], [ -0.44508, 40.01387 ], [ -0.43261, 40.01025 ], [ -0.42723, 40.00602 ], [ -0.42645, 40.00572 ], [ -0.42308, 40.00514 ], [ -0.42276, 40.00491 ], [ -0.42248, 40.00431 ], [ -0.42194, 40.00012 ], [ -0.42157, 39.99906 ], [ -0.41844, 40.0002 ], [ -0.41825, 40.00045 ], [ -0.41318, 40.00319 ], [ -0.4123, 40.00382 ], [ -0.40326, 40.01184 ], [ -0.40372, 40.01483 ], [ -0.40227, 40.01896 ], [ -0.40289, 40.01994 ], [ -0.40735, 40.02565 ], [ -0.41115, 40.02947 ], [ -0.41406, 40.03057 ], [ -0.41627, 40.03256 ], [ -0.41639, 40.03389 ], [ -0.41758, 40.03472 ], [ -0.42059, 40.03639 ], [ -0.4217, 40.03724 ], [ -0.42673, 40.03876 ], [ -0.42786, 40.03894 ], [ -0.43226, 40.03887 ], [ -0.43274, 40.03775 ], [ -0.4467, 40.03162 ], [ -0.44763, 40.03081 ] ] ] } },
{ "type": "Feature", "properties": { "nom_mun": "Matet", "comarca": "El Alto Palancia", "area_ha": 1489.3, "ha_quemadas": 0.0 }, "geometry": { "type": "Polygon", "coordinates": [ [ [ -0.46941, 39.92372 ], [ -0.46711, 39.92472 ], [ -0.46377, 39.92674 ], [ -0.45639, 39.92748 ], [ -0.44202, 39.93725 ], [ -0.43424, 39.94003 ], [ -0.42734, 39.93675 ], [ -0.42533, 39.93641 ], [ -0.41758, 39.93604 ], [ -0.41679, 39.93588 ], [ -0.41289, 39.93759 ], [ -0.41156, 39.93828 ], [ -0.41137, 39.93864 ], [ -0.41456, 39.94151 ], [ -0.4182, 39.9439 ], [ -0.4257, 39.94785 ], [ -0.43249, 39.95236 ], [ -0.43855, 39.95491 ], [ -0.4399, 39.95535 ], [ -0.44617, 39.96143 ], [ -0.44754, 39.96181 ], [ -0.44779, 39.96148 ], [ -0.44835, 39.96121 ], [ -0.44877, 39.96126 ], [ -0.44943, 39.96165 ], [ -0.44977, 39.96163 ], [ -0.45163, 39.96099 ], [ -0.45243, 39.95982 ], [ -0.45326, 39.9594 ], [ -0.45354, 39.95891 ], [ -0.45332, 39.9585 ], [ -0.45357, 39.95801 ], [ -0.4561, 39.95701 ], [ -0.45744, 39.95631 ], [ -0.45763, 39.95629 ], [ -0.46089, 39.95865 ], [ -0.4614, 39.95793 ], [ -0.46221, 39.95733 ], [ -0.46709, 39.95682 ], [ -0.47224, 39.95752 ], [ -0.4853, 39.95487 ], [ -0.48618, 39.95358 ], [ -0.48627, 39.95319 ], [ -0.48609, 39.95175 ], [ -0.48614, 39.94647 ], [ -0.48576, 39.94508 ], [ -0.48619, 39.94385 ], [ -0.48623, 39.94209 ], [ -0.48632, 39.94173 ], [ -0.4878, 39.94037 ], [ -0.48805, 39.93903 ], [ -0.48794, 39.93852 ], [ -0.486, 39.93651 ], [ -0.48421, 39.93573 ], [ -0.48113, 39.93368 ], [ -0.48074, 39.93167 ], [ -0.48024, 39.93139 ], [ -0.47908, 39.93112 ], [ -0.47584, 39.93061 ], [ -0.47537, 39.93033 ], [ -0.47298, 39.92693 ], [ -0.46982, 39.92394 ], [ -0.46941, 39.92372 ] ] ] } },
{ "type": "Feature", "properties": { "nom_mun": "Onda", "comarca": "la Plana Baixa", "area_ha": 10829.73, "ha_quemadas": 546.8 }, "geometry": { "type": "Polygon", "coordinates": [ [ [ -0.17655, 39.93879 ], [ -0.17505, 39.93801 ], [ -0.17504, 39.93872 ], [ -0.17416, 39.94207 ], [ -0.17365, 39.94244 ], [ -0.17374, 39.94281 ], [ -0.17355, 39.94394 ], [ -0.17296, 39.94496 ], [ -0.17283, 39.94611 ], [ -0.17227, 39.94744 ], [ -0.1727, 39.94767 ], [ -0.16933, 39.96142 ], [ -0.16948, 39.96338 ], [ -0.16838, 39.96896 ], [ -0.16792, 39.97464 ], [ -0.16606, 39.98078 ], [ -0.1647, 39.98052 ], [ -0.16409, 39.98022 ], [ -0.16271, 39.97851 ], [ -0.15954, 39.9763 ], [ -0.15842, 39.97571 ], [ -0.15796, 39.97514 ], [ -0.15698, 39.97294 ], [ -0.156, 39.97187 ], [ -0.155, 39.97137 ], [ -0.15348, 39.97114 ], [ -0.15228, 39.97238 ], [ -0.15175, 39.97263 ], [ -0.15136, 39.97325 ], [ -0.15025, 39.9744 ], [ -0.14659, 39.97791 ], [ -0.13953, 39.98185 ], [ -0.13706, 39.98282 ], [ -0.13515, 39.98648 ], [ -0.13616, 39.98792 ], [ -0.13807, 39.98978 ], [ -0.13943, 39.99103 ], [ -0.14092, 39.99211 ], [ -0.14254, 39.99311 ], [ -0.14615, 39.99486 ], [ -0.1522, 39.99869 ], [ -0.15393, 39.9996 ], [ -0.15592, 40.00021 ], [ -0.15751, 40.00112 ], [ -0.1586, 40.00211 ], [ -0.15911, 40.00279 ], [ -0.15942, 40.00371 ], [ -0.15943, 40.00473 ], [ -0.15917, 40.0062 ], [ -0.15839, 40.00818 ], [ -0.15793, 40.01023 ], [ -0.15796, 40.01109 ], [ -0.15899, 40.01353 ], [ -0.16005, 40.01796 ], [ -0.16073, 40.01938 ], [ -0.16076, 40.02018 ], [ -0.16195, 40.01997 ], [ -0.16414, 40.02024 ], [ -0.16513, 40.02075 ], [ -0.16714, 40.02122 ], [ -0.16921, 40.0208 ], [ -0.17016, 40.02181 ], [ -0.17186, 40.02263 ], [ -0.17225, 40.02265 ], [ -0.17276, 40.02235 ], [ -0.1746, 40.02208 ], [ -0.17684, 40.02095 ], [ -0.17922, 40.02034 ], [ -0.18074, 40.01946 ], [ -0.1833, 40.01834 ], [ -0.1866, 40.01785 ], [ -0.1888, 40.01805 ], [ -0.18999, 40.01797 ], [ -0.1905, 40.01762 ], [ -0.1912, 40.01639 ], [ -0.19248, 40.01606 ], [ -0.19312, 40.01555 ], [ -0.19334, 40.0151 ], [ -0.19444, 40.01567 ], [ -0.19497, 40.0157 ], [ -0.19522, 40.01542 ], [ -0.19466, 40.0149 ], [ -0.19608, 40.01478 ], [ -0.19999, 40.01366 ], [ -0.20055, 40.01317 ], [ -0.20195, 40.01289 ], [ -0.20282, 40.01224 ], [ -0.20416, 40.01187 ], [ -0.20544, 40.01127 ], [ -0.20675, 40.01101 ], [ -0.20882, 40.01223 ], [ -0.20938, 40.01367 ], [ -0.20899, 40.01429 ], [ -0.20896, 40.01537 ], [ -0.21029, 40.02046 ], [ -0.21047, 40.02072 ], [ -0.21242, 40.02181 ], [ -0.21535, 40.02241 ], [ -0.21706, 40.02223 ], [ -0.21932, 40.02257 ], [ -0.2203, 40.02312 ], [ -0.22244, 40.02371 ], [ -0.22346, 40.02465 ], [ -0.2251, 40.0257 ], [ -0.22698, 40.02539 ], [ -0.2295, 40.02562 ], [ -0.23052, 40.02528 ], [ -0.23154, 40.02517 ], [ -0.2321, 40.02522 ], [ -0.23217, 40.02558 ], [ -0.23273, 40.02539 ], [ -0.2333, 40.02614 ], [ -0.23422, 40.02653 ], [ -0.23479, 40.0265 ], [ -0.23528, 40.02679 ], [ -0.23604, 40.02682 ], [ -0.23631, 40.02717 ], [ -0.23733, 40.02767 ], [ -0.23803, 40.02829 ], [ -0.23878, 40.02838 ], [ -0.23975, 40.02886 ], [ -0.24057, 40.02892 ], [ -0.24154, 40.02963 ], [ -0.24168, 40.02998 ], [ -0.24283, 40.03077 ], [ -0.24326, 40.03089 ], [ -0.2435, 40.03118 ], [ -0.24525, 40.03145 ], [ -0.24565, 40.03176 ], [ -0.24746, 40.03219 ], [ -0.24773, 40.03214 ], [ -0.24949, 40.03272 ], [ -0.25483, 40.03379 ], [ -0.25869, 40.03574 ], [ -0.25976, 40.03612 ], [ -0.26109, 40.03705 ], [ -0.26208, 40.0373 ], [ -0.26349, 40.03825 ], [ -0.26582, 40.03864 ], [ -0.26701, 40.03926 ], [ -0.27016, 40.0401 ], [ -0.27128, 40.04074 ], [ -0.27207, 40.04091 ], [ -0.27265, 40.04142 ], [ -0.27279, 40.04174 ], [ -0.27466, 40.0427 ], [ -0.27587, 40.04291 ], [ -0.27723, 40.04337 ], [ -0.27754, 40.04374 ], [ -0.27795, 40.0437 ], [ -0.27839, 40.04387 ], [ -0.27931, 40.04513 ], [ -0.28079, 40.04629 ], [ -0.28213, 40.04762 ], [ -0.28301, 40.04817 ], [ -0.2835, 40.04822 ], [ -0.28428, 40.04799 ], [ -0.28603, 40.04819 ], [ -0.28791, 40.04749 ], [ -0.28441, 40.0455 ], [ -0.27616, 40.03994 ], [ -0.27452, 40.03752 ], [ -0.27292, 40.03592 ], [ -0.27236, 40.03484 ], [ -0.27212, 40.03296 ], [ -0.27097, 40.03167 ], [ -0.27087, 40.03052 ], [ -0.26884, 40.02803 ], [ -0.26546, 40.02438 ], [ -0.25955, 40.02198 ], [ -0.25833, 40.02164 ], [ -0.25629, 40.02159 ], [ -0.25531, 40.02135 ], [ -0.24856, 40.02063 ], [ -0.24871, 40.01985 ], [ -0.24865, 40.0184 ], [ -0.2492, 40.01819 ], [ -0.25003, 40.01727 ], [ -0.25001, 40.0165 ], [ -0.24967, 40.01551 ], [ -0.25135, 40.01338 ], [ -0.25316, 40.01188 ], [ -0.25414, 40.01139 ], [ -0.255, 40.01118 ], [ -0.25578, 40.01109 ], [ -0.25663, 40.01133 ], [ -0.25772, 40.01196 ], [ -0.25938, 40.01342 ], [ -0.26133, 40.01567 ], [ -0.26337, 40.01362 ], [ -0.26378, 40.0134 ], [ -0.27087, 40.01134 ], [ -0.27184, 40.01118 ], [ -0.27573, 40.01138 ], [ -0.27737, 40.01209 ], [ -0.27797, 40.01262 ], [ -0.28006, 40.0133 ], [ -0.28099, 40.01339 ], [ -0.28219, 40.01323 ], [ -0.28297, 40.01295 ], [ -0.28471, 40.01156 ], [ -0.28435, 40.00995 ], [ -0.28131, 40.00186 ], [ -0.28331, 39.99975 ], [ -0.28739, 39.99729 ], [ -0.29169, 39.99396 ], [ -0.29378, 39.99173 ], [ -0.29759, 39.98566 ], [ -0.29969, 39.98322 ], [ -0.30487, 39.97942 ], [ -0.30693, 39.97842 ], [ -0.30833, 39.97848 ], [ -0.30886, 39.9782 ], [ -0.30995, 39.97698 ], [ -0.31124, 39.97652 ], [ -0.31159, 39.97563 ], [ -0.31288, 39.97535 ], [ -0.31113, 39.97479 ], [ -0.29919, 39.96909 ], [ -0.29669, 39.96813 ], [ -0.2953, 39.96739 ], [ -0.29561, 39.96115 ], [ -0.29544, 39.95969 ], [ -0.29549, 39.95425 ], [ -0.29575, 39.95367 ], [ -0.29626, 39.95311 ], [ -0.29718, 39.95263 ], [ -0.29954, 39.95174 ], [ -0.30067, 39.95168 ], [ -0.30087, 39.95057 ], [ -0.29871, 39.95052 ], [ -0.29238, 39.95326 ], [ -0.28985, 39.95212 ], [ -0.28888, 39.94797 ], [ -0.28836, 39.94646 ], [ -0.28274, 39.94044 ], [ -0.27986, 39.93757 ], [ -0.27548, 39.93275 ], [ -0.2606, 39.92585 ], [ -0.26021, 39.9263 ], [ -0.25737, 39.92845 ], [ -0.25577, 39.93005 ], [ -0.25076, 39.92704 ], [ -0.24871, 39.92615 ], [ -0.23994, 39.92581 ], [ -0.23424, 39.92605 ], [ -0.23021, 39.92644 ], [ -0.22813, 39.92888 ], [ -0.22707, 39.9292 ], [ -0.22503, 39.93083 ], [ -0.21809, 39.93951 ], [ -0.21459, 39.94356 ], [ -0.21341, 39.94513 ], [ -0.21337, 39.94553 ], [ -0.21005, 39.94909 ], [ -0.20668, 39.94755 ], [ -0.20403, 39.94663 ], [ -0.20196, 39.94568 ], [ -0.1964, 39.94404 ], [ -0.19031, 39.94166 ], [ -0.1883, 39.94106 ], [ -0.18471, 39.94069 ], [ -0.18249, 39.94164 ], [ -0.1812, 39.94144 ], [ -0.1798, 39.9403 ], [ -0.1794, 39.94061 ], [ -0.17719, 39.94028 ], [ -0.1773, 39.93971 ], [ -0.17617, 39.93933 ], [ -0.17655, 39.93879 ] ] ] } },
{ "type": "Feature", "properties": { "nom_mun": "Ribesalbes", "comarca": "la Plana Baixa", "area_ha": 854.44, "ha_quemadas": 0.0 }, "geometry": { "type": "Polygon", "coordinates": [ [ [ -0.29269, 40.04731 ], [ -0.29508, 40.04478 ], [ -0.29878, 40.03982 ], [ -0.29837, 40.03749 ], [ -0.29747, 40.03472 ], [ -0.29384, 40.02861 ], [ -0.29241, 40.02574 ], [ -0.29113, 40.0227 ], [ -0.28697, 40.0193 ], [ -0.28546, 40.01451 ], [ -0.28471, 40.01156 ], [ -0.28297, 40.01295 ], [ -0.28219, 40.01323 ], [ -0.28099, 40.01339 ], [ -0.28006, 40.0133 ], [ -0.27797, 40.01262 ], [ -0.27737, 40.01209 ], [ -0.27573, 40.01138 ], [ -0.27184, 40.01118 ], [ -0.27087, 40.01134 ], [ -0.26378, 40.0134 ], [ -0.26337, 40.01362 ], [ -0.26133, 40.01567 ], [ -0.25855, 40.01257 ], [ -0.25663, 40.01133 ], [ -0.25578, 40.01109 ], [ -0.25414, 40.01139 ], [ -0.25228, 40.0125 ], [ -0.25135, 40.01338 ], [ -0.24967, 40.01551 ], [ -0.25001, 40.0165 ], [ -0.25003, 40.01727 ], [ -0.2492, 40.01819 ], [ -0.24865, 40.0184 ], [ -0.24871, 40.01985 ], [ -0.24856, 40.02063 ], [ -0.25531, 40.02135 ], [ -0.25629, 40.02159 ], [ -0.25833, 40.02164 ], [ -0.25955, 40.02198 ], [ -0.26546, 40.02438 ], [ -0.26884, 40.02803 ], [ -0.27087, 40.03052 ], [ -0.27097, 40.03167 ], [ -0.27212, 40.03296 ], [ -0.27236, 40.03484 ], [ -0.27292, 40.03592 ], [ -0.27452, 40.03752 ], [ -0.27616, 40.03994 ], [ -0.28441, 40.0455 ], [ -0.28791, 40.04749 ], [ -0.28919, 40.04785 ], [ -0.29067, 40.04751 ], [ -0.29269, 40.04731 ] ] ] } },
{ "type": "Feature", "properties": { "nom_mun": "Segorbe", "comarca": "El Alto Palancia", "area_ha": 10623.89, "ha_quemadas": 0.0 }, "geometry": { "type": "Polygon", "coordinates": [ [ [ -0.38898, 39.7687 ], [ -0.38694, 39.76918 ], [ -0.38556, 39.77295 ], [ -0.38586, 39.77644 ], [ -0.3918, 39.77989 ], [ -0.39335, 39.77992 ], [ -0.39376, 39.78015 ], [ -0.3942, 39.7808 ], [ -0.39447, 39.7818 ], [ -0.39409, 39.78287 ], [ -0.39412, 39.78345 ], [ -0.39472, 39.78415 ], [ -0.39496, 39.78489 ], [ -0.395, 39.78558 ], [ -0.39447, 39.78623 ], [ -0.39455, 39.78655 ], [ -0.39581, 39.78677 ], [ -0.39745, 39.78744 ], [ -0.39911, 39.78846 ], [ -0.4024, 39.78963 ], [ -0.4033, 39.78883 ], [ -0.40378, 39.78861 ], [ -0.40519, 39.78887 ], [ -0.40622, 39.79008 ], [ -0.40773, 39.79074 ], [ -0.40861, 39.79174 ], [ -0.41151, 39.79346 ], [ -0.41505, 39.79608 ], [ -0.41853, 39.79902 ], [ -0.41968, 39.79963 ], [ -0.42159, 39.80031 ], [ -0.42251, 39.8012 ], [ -0.42394, 39.80342 ], [ -0.42606, 39.80797 ], [ -0.43436, 39.81324 ], [ -0.43725, 39.81483 ], [ -0.44066, 39.81922 ], [ -0.4449, 39.82539 ], [ -0.44577, 39.82527 ], [ -0.44625, 39.82545 ], [ -0.44657, 39.82621 ], [ -0.44626, 39.8271 ], [ -0.44314, 39.83035 ], [ -0.44239, 39.83186 ], [ -0.44239, 39.83277 ], [ -0.44314, 39.83444 ], [ -0.44452, 39.83525 ], [ -0.44494, 39.83574 ], [ -0.44541, 39.83743 ], [ -0.44558, 39.83929 ], [ -0.44578, 39.83953 ], [ -0.44649, 39.83965 ], [ -0.4479, 39.83892 ], [ -0.45208, 39.83818 ], [ -0.45278, 39.83777 ], [ -0.45384, 39.83614 ], [ -0.45488, 39.83571 ], [ -0.45695, 39.83538 ], [ -0.45869, 39.8353 ], [ -0.46102, 39.83576 ], [ -0.46204, 39.83623 ], [ -0.4623, 39.83651 ], [ -0.46271, 39.83632 ], [ -0.46017, 39.83295 ], [ -0.46234, 39.83197 ], [ -0.46368, 39.83098 ], [ -0.46459, 39.83078 ], [ -0.46731, 39.83269 ], [ -0.46952, 39.83518 ], [ -0.46912, 39.83733 ], [ -0.47024, 39.83768 ], [ -0.46933, 39.83845 ], [ -0.46941, 39.83911 ], [ -0.46864, 39.83944 ], [ -0.46794, 39.84041 ], [ -0.46801, 39.8409 ], [ -0.46713, 39.84103 ], [ -0.4672, 39.84207 ], [ -0.46761, 39.84255 ], [ -0.46735, 39.84301 ], [ -0.46562, 39.84144 ], [ -0.46441, 39.83938 ], [ -0.46178, 39.84089 ], [ -0.46081, 39.84163 ], [ -0.4624, 39.84531 ], [ -0.46519, 39.84671 ], [ -0.46699, 39.84966 ], [ -0.46778, 39.85236 ], [ -0.47003, 39.85454 ], [ -0.4707, 39.85639 ], [ -0.47099, 39.85647 ], [ -0.4725, 39.85608 ], [ -0.47271, 39.85748 ], [ -0.47272, 39.86188 ], [ -0.47288, 39.8624 ], [ -0.47331, 39.86307 ], [ -0.47424, 39.86386 ], [ -0.47517, 39.86505 ], [ -0.47697, 39.86542 ], [ -0.47724, 39.86564 ], [ -0.47724, 39.86779 ], [ -0.47659, 39.86877 ], [ -0.47669, 39.86923 ], [ -0.47722, 39.86952 ], [ -0.47952, 39.87015 ], [ -0.48012, 39.87083 ], [ -0.48036, 39.87162 ], [ -0.47965, 39.87332 ], [ -0.47917, 39.87364 ], [ -0.4777, 39.87406 ], [ -0.47749, 39.87445 ], [ -0.47842, 39.87552 ], [ -0.47966, 39.87579 ], [ -0.47989, 39.87632 ], [ -0.47984, 39.8766 ], [ -0.47711, 39.87859 ], [ -0.47729, 39.87872 ], [ -0.47867, 39.87814 ], [ -0.48775, 39.87287 ], [ -0.49279, 39.86921 ], [ -0.50071, 39.86487 ], [ -0.50156, 39.86455 ], [ -0.50803, 39.86941 ], [ -0.5179, 39.87602 ], [ -0.51886, 39.87648 ], [ -0.51786, 39.8748 ], [ -0.51774, 39.87334 ], [ -0.51288, 39.86483 ], [ -0.50769, 39.85758 ], [ -0.50322, 39.85507 ], [ -0.50289, 39.85441 ], [ -0.50255, 39.85425 ], [ -0.50293, 39.85397 ], [ -0.503, 39.85349 ], [ -0.5032, 39.8533 ], [ -0.50177, 39.85222 ], [ -0.50057, 39.85105 ], [ -0.49705, 39.84649 ], [ -0.49778, 39.84587 ], [ -0.49818, 39.84517 ], [ -0.49878, 39.84472 ], [ -0.49821, 39.84486 ], [ -0.49792, 39.84466 ], [ -0.49667, 39.84448 ], [ -0.49525, 39.84385 ], [ -0.49443, 39.84393 ], [ -0.49661, 39.84181 ], [ -0.49467, 39.84048 ], [ -0.49384, 39.83895 ], [ -0.49471, 39.83275 ], [ -0.499, 39.82885 ], [ -0.50172, 39.82735 ], [ -0.50558, 39.82078 ], [ -0.50796, 39.81538 ], [ -0.51262, 39.81329 ], [ -0.52242, 39.80437 ], [ -0.5309, 39.79623 ], [ -0.52884, 39.79445 ], [ -0.52225, 39.78735 ], [ -0.52085, 39.78447 ], [ -0.51742, 39.78141 ], [ -0.51385, 39.77914 ], [ -0.51351, 39.77586 ], [ -0.513, 39.77524 ], [ -0.5113, 39.77421 ], [ -0.51031, 39.77336 ], [ -0.50916, 39.7719 ], [ -0.50852, 39.77076 ], [ -0.50727, 39.76424 ], [ -0.50586, 39.75948 ], [ -0.50528, 39.75866 ], [ -0.50326, 39.757 ], [ -0.5022, 39.75546 ], [ -0.50013, 39.75103 ], [ -0.49941, 39.75011 ], [ -0.49825, 39.74756 ], [ -0.48999, 39.74181 ], [ -0.48455, 39.73657 ], [ -0.4827, 39.73419 ], [ -0.47512, 39.73184 ], [ -0.47203, 39.72766 ], [ -0.47072, 39.72644 ], [ -0.46721, 39.72408 ], [ -0.46367, 39.72057 ], [ -0.461, 39.71535 ], [ -0.45618, 39.7147 ], [ -0.45299, 39.71562 ], [ -0.44838, 39.71642 ], [ -0.44696, 39.71733 ], [ -0.44552, 39.71771 ], [ -0.44509, 39.7189 ], [ -0.43987, 39.72727 ], [ -0.43943, 39.72835 ], [ -0.43939, 39.73007 ], [ -0.43908, 39.73142 ], [ -0.43858, 39.73226 ], [ -0.4377, 39.73282 ], [ -0.43747, 39.73318 ], [ -0.43749, 39.73347 ], [ -0.43916, 39.73512 ], [ -0.43908, 39.73686 ], [ -0.43304, 39.73641 ], [ -0.43263, 39.73683 ], [ -0.43152, 39.73726 ], [ -0.43079, 39.73815 ], [ -0.43017, 39.73961 ], [ -0.42944, 39.73982 ], [ -0.42753, 39.74108 ], [ -0.42637, 39.74142 ], [ -0.42548, 39.74211 ], [ -0.425, 39.74281 ], [ -0.42069, 39.74552 ], [ -0.41919, 39.746 ], [ -0.41736, 39.74577 ], [ -0.41563, 39.74528 ], [ -0.41115, 39.74544 ], [ -0.4096, 39.7452 ], [ -0.40669, 39.74755 ], [ -0.40463, 39.75012 ], [ -0.39972, 39.75533 ], [ -0.39609, 39.75861 ], [ -0.39472, 39.7602 ], [ -0.39242, 39.7633 ], [ -0.39037, 39.7668 ], [ -0.38898, 39.7687 ] ] ] } },
{ "type": "Feature", "properties": { "nom_mun": "Tales", "comarca": "la Plana Baixa", "area_ha": 1453.26, "ha_quemadas": 463.8 }, "geometry": { "type": "Polygon", "coordinates": [ [ [ -0.32081, 39.96977 ], [ -0.31725, 39.95458 ], [ -0.32645, 39.94498 ], [ -0.32683, 39.94483 ], [ -0.32998, 39.94491 ], [ -0.32858, 39.94065 ], [ -0.32561, 39.93822 ], [ -0.32459, 39.93765 ], [ -0.32222, 39.9372 ], [ -0.32035, 39.93704 ], [ -0.31979, 39.93631 ], [ -0.31748, 39.93413 ], [ -0.31001, 39.93276 ], [ -0.3056, 39.93148 ], [ -0.30105, 39.9306 ], [ -0.29529, 39.92988 ], [ -0.2941, 39.9284 ], [ -0.29251, 39.92578 ], [ -0.29015, 39.92238 ], [ -0.28887, 39.92216 ], [ -0.28591, 39.92206 ], [ -0.28046, 39.92136 ], [ -0.27989, 39.92259 ], [ -0.27954, 39.92281 ], [ -0.27781, 39.92296 ], [ -0.27594, 39.92257 ], [ -0.27528, 39.92225 ], [ -0.27445, 39.92301 ], [ -0.27379, 39.92273 ], [ -0.27302, 39.92301 ], [ -0.27182, 39.92234 ], [ -0.2691, 39.92206 ], [ -0.26736, 39.92263 ], [ -0.26174, 39.92506 ], [ -0.26084, 39.92602 ], [ -0.27548, 39.93275 ], [ -0.27986, 39.93757 ], [ -0.28274, 39.94044 ], [ -0.28836, 39.94646 ], [ -0.28888, 39.94797 ], [ -0.28985, 39.95212 ], [ -0.29238, 39.95326 ], [ -0.29871, 39.95052 ], [ -0.30087, 39.95057 ], [ -0.30067, 39.95168 ], [ -0.29954, 39.95174 ], [ -0.29718, 39.95263 ], [ -0.29626, 39.95311 ], [ -0.29575, 39.95367 ], [ -0.29549, 39.95425 ], [ -0.29544, 39.95969 ], [ -0.29561, 39.96115 ], [ -0.2953, 39.96739 ], [ -0.29669, 39.96813 ], [ -0.29919, 39.96909 ], [ -0.31113, 39.97479 ], [ -0.31288, 39.97535 ], [ -0.31584, 39.97242 ], [ -0.31913, 39.97055 ], [ -0.32081, 39.96977 ] ] ] } },
{ "type": "Feature", "properties": { "nom_mun": "Vallat", "comarca": "El Alto Mijares", "area_ha": 500.75, "ha_quemadas": 0.0 }, "geometry": { "type": "Polygon", "coordinates": [ [ [ -0.33627, 40.02238 ], [ -0.3347, 40.02353 ], [ -0.32418, 40.02981 ], [ -0.32309, 40.03272 ], [ -0.32257, 40.03546 ], [ -0.3223, 40.04594 ], [ -0.3281, 40.05372 ], [ -0.33581, 40.04945 ], [ -0.33823, 40.04779 ], [ -0.34181, 40.0462 ], [ -0.34274, 40.04486 ], [ -0.3424, 40.04412 ], [ -0.3428, 40.0429 ], [ -0.34315, 40.04038 ], [ -0.34561, 40.03831 ], [ -0.34605, 40.03693 ], [ -0.34604, 40.0367 ], [ -0.34494, 40.0353 ], [ -0.34326, 40.03186 ], [ -0.34409, 40.02878 ], [ -0.34507, 40.02779 ], [ -0.34515, 40.02744 ], [ -0.34442, 40.02443 ], [ -0.34413, 40.02207 ], [ -0.3436, 40.02161 ], [ -0.34113, 40.02129 ], [ -0.33745, 40.02186 ], [ -0.33627, 40.02238 ] ] ] } },
{ "type": "Feature", "properties": { "nom_mun": "la Vall d'Uixó", "comarca": "la Plana Baixa", "area_ha": 6711.77, "ha_quemadas": 1263.4 }, "geometry": { "type": "Polygon", "coordinates": [ [ [ -0.27653, 39.77054 ], [ -0.24562, 39.77692 ], [ -0.22718, 39.77911 ], [ -0.2212, 39.78001 ], [ -0.21889, 39.78051 ], [ -0.21711, 39.78125 ], [ -0.21553, 39.78228 ], [ -0.2102, 39.78699 ], [ -0.20669, 39.79078 ], [ -0.20507, 39.79661 ], [ -0.20267, 39.80191 ], [ -0.18484, 39.80045 ], [ -0.18142, 39.79855 ], [ -0.18077, 39.79921 ], [ -0.17683, 39.80608 ], [ -0.17601, 39.80704 ], [ -0.17442, 39.80975 ], [ -0.17247, 39.8123 ], [ -0.17129, 39.81605 ], [ -0.17433, 39.81684 ], [ -0.1724, 39.83194 ], [ -0.1761, 39.83401 ], [ -0.17809, 39.83494 ], [ -0.1805, 39.83687 ], [ -0.18325, 39.83853 ], [ -0.1905, 39.84353 ], [ -0.19208, 39.8449 ], [ -0.19568, 39.84731 ], [ -0.20193, 39.8513 ], [ -0.20507, 39.85295 ], [ -0.20564, 39.85338 ], [ -0.20697, 39.85501 ], [ -0.20945, 39.85542 ], [ -0.21086, 39.85505 ], [ -0.21264, 39.85521 ], [ -0.21354, 39.85534 ], [ -0.21461, 39.85601 ], [ -0.21521, 39.8565 ], [ -0.21573, 39.85799 ], [ -0.21599, 39.86074 ], [ -0.21884, 39.86182 ], [ -0.22307, 39.86242 ], [ -0.22673, 39.86064 ], [ -0.22762, 39.8606 ], [ -0.22926, 39.86105 ], [ -0.2305, 39.86112 ], [ -0.23598, 39.86102 ], [ -0.23683, 39.86152 ], [ -0.23921, 39.86354 ], [ -0.23953, 39.86305 ], [ -0.24123, 39.86149 ], [ -0.24121, 39.86015 ], [ -0.24285, 39.85881 ], [ -0.24291, 39.85828 ], [ -0.24275, 39.8577 ], [ -0.24027, 39.85533 ], [ -0.23997, 39.85481 ], [ -0.24005, 39.85334 ], [ -0.24098, 39.85276 ], [ -0.24284, 39.85342 ], [ -0.24598, 39.8526 ], [ -0.24749, 39.85143 ], [ -0.25061, 39.85005 ], [ -0.25415, 39.84796 ], [ -0.25465, 39.8466 ], [ -0.25582, 39.84451 ], [ -0.25635, 39.84293 ], [ -0.2561, 39.84013 ], [ -0.25542, 39.83767 ], [ -0.25504, 39.83681 ], [ -0.2541, 39.83569 ], [ -0.2532, 39.83347 ], [ -0.25349, 39.83311 ], [ -0.2554, 39.83171 ], [ -0.25728, 39.83093 ], [ -0.25761, 39.83055 ], [ -0.25811, 39.82918 ], [ -0.26011, 39.82803 ], [ -0.26066, 39.82681 ], [ -0.26148, 39.82598 ], [ -0.26184, 39.82539 ], [ -0.26282, 39.82461 ], [ -0.26464, 39.82374 ], [ -0.26571, 39.82269 ], [ -0.2723, 39.82234 ], [ -0.27392, 39.82133 ], [ -0.27505, 39.81962 ], [ -0.27638, 39.81948 ], [ -0.27666, 39.81929 ], [ -0.27729, 39.81808 ], [ -0.27838, 39.81746 ], [ -0.27883, 39.81706 ], [ -0.27937, 39.81612 ], [ -0.28035, 39.81543 ], [ -0.28121, 39.81441 ], [ -0.28157, 39.81351 ], [ -0.28256, 39.81284 ], [ -0.28364, 39.81262 ], [ -0.28385, 39.8124 ], [ -0.28386, 39.81208 ], [ -0.28336, 39.81107 ], [ -0.2834, 39.81068 ], [ -0.28368, 39.8104 ], [ -0.28429, 39.81014 ], [ -0.28574, 39.80994 ], [ -0.28619, 39.80973 ], [ -0.28724, 39.80875 ], [ -0.28739, 39.80844 ], [ -0.28742, 39.80719 ], [ -0.28761, 39.80706 ], [ -0.28981, 39.8067 ], [ -0.29148, 39.80668 ], [ -0.29201, 39.80626 ], [ -0.2916, 39.80556 ], [ -0.29174, 39.80535 ], [ -0.29238, 39.80504 ], [ -0.29562, 39.80457 ], [ -0.29782, 39.80491 ], [ -0.30047, 39.80375 ], [ -0.3013, 39.80299 ], [ -0.30205, 39.80193 ], [ -0.3023, 39.80181 ], [ -0.30328, 39.80184 ], [ -0.30349, 39.80167 ], [ -0.30373, 39.80134 ], [ -0.30408, 39.8001 ], [ -0.30441, 39.79965 ], [ -0.30654, 39.79819 ], [ -0.3076, 39.79786 ], [ -0.30857, 39.79699 ], [ -0.30597, 39.79448 ], [ -0.29748, 39.78518 ], [ -0.29349, 39.78194 ], [ -0.28236, 39.77505 ], [ -0.27653, 39.77054 ] ] ] } },
{ "type": "Feature", "properties": { "nom_mun": "Vila-real", "comarca": "la Plana Baixa", "area_ha": 5518.95, "ha_quemadas": 0.0 }, "geometry": { "type": "Polygon", "coordinates": [ [ [ -0.17525, 39.93804 ], [ -0.17154, 39.93071 ], [ -0.16798, 39.91837 ], [ -0.17131, 39.90316 ], [ -0.17136, 39.90142 ], [ -0.17028, 39.89534 ], [ -0.17005, 39.89539 ], [ -0.16926, 39.89341 ], [ -0.16883, 39.89302 ], [ -0.16666, 39.89369 ], [ -0.16441, 39.8938 ], [ -0.16185, 39.89422 ], [ -0.15979, 39.89408 ], [ -0.15893, 39.89382 ], [ -0.15739, 39.89365 ], [ -0.15478, 39.89419 ], [ -0.15259, 39.89435 ], [ -0.15189, 39.89386 ], [ -0.14775, 39.89179 ], [ -0.14413, 39.89518 ], [ -0.14283, 39.89567 ], [ -0.13684, 39.89883 ], [ -0.13432, 39.90042 ], [ -0.13373, 39.90122 ], [ -0.13302, 39.90275 ], [ -0.13185, 39.90472 ], [ -0.13089, 39.90541 ], [ -0.13043, 39.90609 ], [ -0.12963, 39.90588 ], [ -0.12849, 39.90588 ], [ -0.12555, 39.90649 ], [ -0.12248, 39.90677 ], [ -0.11871, 39.90645 ], [ -0.11627, 39.90665 ], [ -0.11556, 39.90643 ], [ -0.11457, 39.90543 ], [ -0.11145, 39.90431 ], [ -0.1085, 39.90394 ], [ -0.10604, 39.90385 ], [ -0.10399, 39.9039 ], [ -0.10282, 39.90418 ], [ -0.10258, 39.90392 ], [ -0.10235, 39.90293 ], [ -0.10193, 39.90281 ], [ -0.09934, 39.90285 ], [ -0.09674, 39.90391 ], [ -0.0958, 39.90494 ], [ -0.0959, 39.90502 ], [ -0.09492, 39.90623 ], [ -0.09292, 39.90743 ], [ -0.09092, 39.90905 ], [ -0.09164, 39.90943 ], [ -0.09253, 39.91019 ], [ -0.09202, 39.9105 ], [ -0.0922, 39.91073 ], [ -0.09239, 39.91174 ], [ -0.09133, 39.91161 ], [ -0.09036, 39.91119 ], [ -0.09012, 39.91145 ], [ -0.09059, 39.91304 ], [ -0.08842, 39.91536 ], [ -0.08798, 39.91534 ], [ -0.08741, 39.91485 ], [ -0.08656, 39.91562 ], [ -0.08751, 39.91698 ], [ -0.08775, 39.91759 ], [ -0.08349, 39.92092 ], [ -0.08075, 39.92092 ], [ -0.07708, 39.92236 ], [ -0.07371, 39.92411 ], [ -0.07275, 39.92501 ], [ -0.07096, 39.92626 ], [ -0.06934, 39.92698 ], [ -0.06652, 39.92859 ], [ -0.06545, 39.92876 ], [ -0.06455, 39.92917 ], [ -0.06324, 39.93009 ], [ -0.06114, 39.93281 ], [ -0.06343, 39.93533 ], [ -0.06665, 39.93928 ], [ -0.06808, 39.94064 ], [ -0.07814, 39.94787 ], [ -0.08205, 39.95146 ], [ -0.08519, 39.95342 ], [ -0.08632, 39.95387 ], [ -0.08746, 39.9541 ], [ -0.09007, 39.95438 ], [ -0.09212, 39.95441 ], [ -0.09432, 39.95406 ], [ -0.09602, 39.95397 ], [ -0.10078, 39.95475 ], [ -0.10258, 39.95557 ], [ -0.10519, 39.95792 ], [ -0.10702, 39.95915 ], [ -0.1092, 39.95959 ], [ -0.11339, 39.95958 ], [ -0.11442, 39.95992 ], [ -0.11469, 39.9602 ], [ -0.11514, 39.96263 ], [ -0.11585, 39.96323 ], [ -0.11671, 39.96349 ], [ -0.11806, 39.96346 ], [ -0.11885, 39.96301 ], [ -0.11954, 39.96217 ], [ -0.11977, 39.96026 ], [ -0.12024, 39.95984 ], [ -0.1208, 39.95963 ], [ -0.12347, 39.96017 ], [ -0.12701, 39.96216 ], [ -0.12823, 39.96227 ], [ -0.12941, 39.96168 ], [ -0.12996, 39.96165 ], [ -0.13153, 39.96267 ], [ -0.13262, 39.964 ], [ -0.13332, 39.96461 ], [ -0.13528, 39.96574 ], [ -0.13918, 39.96555 ], [ -0.14215, 39.96592 ], [ -0.14372, 39.96671 ], [ -0.14703, 39.96915 ], [ -0.14823, 39.9697 ], [ -0.15115, 39.9707 ], [ -0.15456, 39.97127 ], [ -0.15573, 39.97171 ], [ -0.15644, 39.97225 ], [ -0.15698, 39.97294 ], [ -0.15796, 39.97514 ], [ -0.15842, 39.97571 ], [ -0.15954, 39.9763 ], [ -0.16271, 39.97851 ], [ -0.16409, 39.98022 ], [ -0.1647, 39.98052 ], [ -0.16606, 39.98078 ], [ -0.16792, 39.97464 ], [ -0.16838, 39.96896 ], [ -0.16948, 39.96338 ], [ -0.16933, 39.96142 ], [ -0.1727, 39.94767 ], [ -0.17227, 39.94744 ], [ -0.17283, 39.94611 ], [ -0.17296, 39.94496 ], [ -0.17355, 39.94394 ], [ -0.17374, 39.94281 ], [ -0.17365, 39.94244 ], [ -0.17416, 39.94207 ], [ -0.17504, 39.93872 ], [ -0.17505, 39.93801 ], [ -0.17525, 39.93804 ] ] ] } },
{ "type": "Feature", "properties": { "nom_mun": "la Vilavella", "comarca": "la Plana Baixa", "area_ha": 614.97, "ha_quemadas": 250.7 }, "geometry": { "type": "Polygon", "coordinates": [ [ [ -0.18888, 39.85047 ], [ -0.18682, 39.85179 ], [ -0.1859, 39.85215 ], [ -0.18364, 39.85281 ], [ -0.18142, 39.85312 ], [ -0.17984, 39.85277 ], [ -0.17512, 39.85092 ], [ -0.17478, 39.85138 ], [ -0.17383, 39.85125 ], [ -0.17203, 39.85319 ], [ -0.17626, 39.85548 ], [ -0.17649, 39.85573 ], [ -0.17491, 39.85758 ], [ -0.1745, 39.85784 ], [ -0.17437, 39.85826 ], [ -0.17357, 39.85843 ], [ -0.17282, 39.85946 ], [ -0.17178, 39.86047 ], [ -0.16971, 39.86091 ], [ -0.17007, 39.86132 ], [ -0.17157, 39.86232 ], [ -0.17197, 39.86296 ], [ -0.17324, 39.86357 ], [ -0.17441, 39.86467 ], [ -0.17713, 39.86613 ], [ -0.17962, 39.86723 ], [ -0.18031, 39.86786 ], [ -0.18228, 39.86867 ], [ -0.18553, 39.86934 ], [ -0.18753, 39.87043 ], [ -0.19036, 39.87328 ], [ -0.19432, 39.87543 ], [ -0.19634, 39.87725 ], [ -0.1977, 39.8768 ], [ -0.19829, 39.87676 ], [ -0.20101, 39.87757 ], [ -0.20204, 39.87712 ], [ -0.20246, 39.8771 ], [ -0.20511, 39.87579 ], [ -0.20785, 39.87393 ], [ -0.20972, 39.87311 ], [ -0.21065, 39.87085 ], [ -0.21301, 39.86867 ], [ -0.21314, 39.86633 ], [ -0.2134, 39.86585 ], [ -0.21463, 39.86478 ], [ -0.21522, 39.86452 ], [ -0.21292, 39.86225 ], [ -0.21149, 39.86216 ], [ -0.20928, 39.86163 ], [ -0.20649, 39.86256 ], [ -0.20566, 39.86244 ], [ -0.20504, 39.86214 ], [ -0.20421, 39.86251 ], [ -0.20155, 39.86122 ], [ -0.199, 39.86051 ], [ -0.19748, 39.85954 ], [ -0.19621, 39.85784 ], [ -0.19607, 39.85727 ], [ -0.19624, 39.85503 ], [ -0.19704, 39.8531 ], [ -0.19701, 39.85281 ], [ -0.19659, 39.85248 ], [ -0.19667, 39.85201 ], [ -0.19592, 39.85179 ], [ -0.1924, 39.85154 ], [ -0.18888, 39.85047 ] ] ] } },
{ "type": "Feature", "properties": { "nom_mun": "les Alqueries", "comarca": "la Plana Baixa", "area_ha": 1294.31, "ha_quemadas": 0.0 }, "geometry": { "type": "Polygon", "coordinates": [ [ [ -0.14303, 39.87198 ], [ -0.13766, 39.86647 ], [ -0.13635, 39.86739 ], [ -0.13211, 39.86972 ], [ -0.13041, 39.87083 ], [ -0.1277, 39.87432 ], [ -0.12458, 39.87562 ], [ -0.11951, 39.87678 ], [ -0.11454, 39.87981 ], [ -0.11214, 39.88105 ], [ -0.10918, 39.88338 ], [ -0.10946, 39.88355 ], [ -0.10905, 39.88439 ], [ -0.10915, 39.88483 ], [ -0.10885, 39.88639 ], [ -0.10853, 39.88783 ], [ -0.10801, 39.88924 ], [ -0.10679, 39.89052 ], [ -0.10472, 39.89192 ], [ -0.10345, 39.89396 ], [ -0.1021, 39.89567 ], [ -0.10476, 39.89652 ], [ -0.10381, 39.89774 ], [ -0.10227, 39.89879 ], [ -0.10125, 39.89925 ], [ -0.09752, 39.9015 ], [ -0.09622, 39.90203 ], [ -0.09566, 39.90206 ], [ -0.09567, 39.90263 ], [ -0.09674, 39.90391 ], [ -0.09934, 39.90285 ], [ -0.10193, 39.90281 ], [ -0.10235, 39.90293 ], [ -0.10258, 39.90392 ], [ -0.10282, 39.90418 ], [ -0.10399, 39.9039 ], [ -0.10604, 39.90385 ], [ -0.1085, 39.90394 ], [ -0.11145, 39.90431 ], [ -0.11457, 39.90543 ], [ -0.11556, 39.90643 ], [ -0.11627, 39.90665 ], [ -0.11871, 39.90645 ], [ -0.12248, 39.90677 ], [ -0.12555, 39.90649 ], [ -0.12849, 39.90588 ], [ -0.12963, 39.90588 ], [ -0.13043, 39.90609 ], [ -0.13089, 39.90541 ], [ -0.13185, 39.90472 ], [ -0.13302, 39.90275 ], [ -0.13373, 39.90122 ], [ -0.13432, 39.90042 ], [ -0.13684, 39.89883 ], [ -0.14283, 39.89567 ], [ -0.14413, 39.89518 ], [ -0.14775, 39.89179 ], [ -0.15189, 39.89386 ], [ -0.15259, 39.89435 ], [ -0.15478, 39.89419 ], [ -0.15747, 39.89365 ], [ -0.15982, 39.89408 ], [ -0.16227, 39.8942 ], [ -0.16441, 39.8938 ], [ -0.16666, 39.89369 ], [ -0.16883, 39.89302 ], [ -0.16814, 39.89136 ], [ -0.16748, 39.89065 ], [ -0.16667, 39.88936 ], [ -0.16516, 39.88885 ], [ -0.1643, 39.88814 ], [ -0.16331, 39.88778 ], [ -0.16201, 39.88633 ], [ -0.16109, 39.88605 ], [ -0.15969, 39.88505 ], [ -0.15918, 39.88451 ], [ -0.15594, 39.88329 ], [ -0.15156, 39.88209 ], [ -0.14994, 39.88115 ], [ -0.1489, 39.87962 ], [ -0.14757, 39.87883 ], [ -0.14675, 39.87788 ], [ -0.14545, 39.87688 ], [ -0.14453, 39.87574 ], [ -0.14342, 39.87356 ], [ -0.1433, 39.87259 ], [ -0.14347, 39.87208 ], [ -0.14303, 39.87198 ] ] ] } },
{ "type": "Feature", "properties": { "nom_mun": "Algímia d'Alfara", "comarca": "el Camp de Morvedre", "area_ha": 1445.86, "ha_quemadas": 0.0 }, "geometry": { "type": "Polygon", "coordinates": [ [ [ -0.38898, 39.7687 ], [ -0.39037, 39.7668 ], [ -0.39242, 39.7633 ], [ -0.39472, 39.7602 ], [ -0.39609, 39.75861 ], [ -0.39972, 39.75533 ], [ -0.40463, 39.75012 ], [ -0.40669, 39.74755 ], [ -0.4096, 39.7452 ], [ -0.41115, 39.74544 ], [ -0.41563, 39.74528 ], [ -0.41736, 39.74577 ], [ -0.41919, 39.746 ], [ -0.42069, 39.74552 ], [ -0.425, 39.74281 ], [ -0.42548, 39.74211 ], [ -0.42637, 39.74142 ], [ -0.42753, 39.74108 ], [ -0.42944, 39.73982 ], [ -0.43017, 39.73961 ], [ -0.43079, 39.73815 ], [ -0.43152, 39.73726 ], [ -0.43263, 39.73683 ], [ -0.43304, 39.73641 ], [ -0.43908, 39.73686 ], [ -0.43916, 39.73512 ], [ -0.43749, 39.73347 ], [ -0.43747, 39.73318 ], [ -0.4377, 39.73282 ], [ -0.43858, 39.73226 ], [ -0.43908, 39.73142 ], [ -0.43939, 39.73007 ], [ -0.4387, 39.73024 ], [ -0.4383, 39.73104 ], [ -0.43789, 39.73119 ], [ -0.43629, 39.73131 ], [ -0.43504, 39.73102 ], [ -0.43337, 39.73105 ], [ -0.42763, 39.72934 ], [ -0.42677, 39.72874 ], [ -0.42582, 39.72851 ], [ -0.42438, 39.72905 ], [ -0.42381, 39.72915 ], [ -0.42345, 39.72906 ], [ -0.42266, 39.72833 ], [ -0.42177, 39.7284 ], [ -0.42127, 39.72827 ], [ -0.4204, 39.72756 ], [ -0.41925, 39.7272 ], [ -0.41827, 39.72662 ], [ -0.4176, 39.72661 ], [ -0.41692, 39.72705 ], [ -0.41576, 39.72739 ], [ -0.41445, 39.72818 ], [ -0.41051, 39.72873 ], [ -0.40767, 39.73098 ], [ -0.40695, 39.73101 ], [ -0.40484, 39.73038 ], [ -0.40434, 39.73042 ], [ -0.40143, 39.73135 ], [ -0.3993, 39.73172 ], [ -0.39656, 39.73321 ], [ -0.39418, 39.73479 ], [ -0.39326, 39.73468 ], [ -0.39161, 39.73479 ], [ -0.39049, 39.73508 ], [ -0.3892, 39.73512 ], [ -0.38681, 39.73572 ], [ -0.38508, 39.73571 ], [ -0.38395, 39.73618 ], [ -0.37973, 39.73736 ], [ -0.37815, 39.73818 ], [ -0.37146, 39.73984 ], [ -0.36934, 39.74057 ], [ -0.36898, 39.74034 ], [ -0.36584, 39.74236 ], [ -0.36287, 39.74322 ], [ -0.3602, 39.74468 ], [ -0.35862, 39.74449 ], [ -0.35839, 39.74477 ], [ -0.35777, 39.74465 ], [ -0.3577, 39.74502 ], [ -0.35788, 39.74526 ], [ -0.35918, 39.74585 ], [ -0.35966, 39.74717 ], [ -0.35845, 39.74693 ], [ -0.358, 39.74728 ], [ -0.35602, 39.74724 ], [ -0.35352, 39.74799 ], [ -0.35275, 39.74753 ], [ -0.35187, 39.74742 ], [ -0.35134, 39.74697 ], [ -0.34946, 39.74796 ], [ -0.34825, 39.74823 ], [ -0.34843, 39.7488 ], [ -0.34817, 39.74978 ], [ -0.34624, 39.75121 ], [ -0.34767, 39.75162 ], [ -0.35154, 39.75173 ], [ -0.35257, 39.75158 ], [ -0.35281, 39.75179 ], [ -0.35283, 39.75213 ], [ -0.35419, 39.75449 ], [ -0.35527, 39.75553 ], [ -0.35608, 39.75557 ], [ -0.35692, 39.75499 ], [ -0.35824, 39.75539 ], [ -0.35918, 39.75524 ], [ -0.36012, 39.75631 ], [ -0.35908, 39.75708 ], [ -0.3599, 39.75871 ], [ -0.36157, 39.75943 ], [ -0.36512, 39.75714 ], [ -0.37066, 39.75845 ], [ -0.37237, 39.75858 ], [ -0.37704, 39.75842 ], [ -0.38007, 39.75764 ], [ -0.38263, 39.7572 ], [ -0.38376, 39.75827 ], [ -0.38431, 39.75934 ], [ -0.38454, 39.76075 ], [ -0.38438, 39.76375 ], [ -0.38485, 39.76434 ], [ -0.38772, 39.76659 ], [ -0.38786, 39.76707 ], [ -0.38898, 39.7687 ] ] ] } },
{ "type": "Feature", "properties": { "nom_mun": "l'Alcora", "comarca": "l'Alcalatén", "area_ha": 9523.18, "ha_quemadas": 0.0 }, "geometry": { "type": "Polygon", "coordinates": [ [ [ -0.29269, 40.04731 ], [ -0.29067, 40.04751 ], [ -0.28919, 40.04785 ], [ -0.28791, 40.04749 ], [ -0.28603, 40.04819 ], [ -0.28428, 40.04799 ], [ -0.2835, 40.04822 ], [ -0.28301, 40.04817 ], [ -0.28213, 40.04762 ], [ -0.28079, 40.04629 ], [ -0.27931, 40.04513 ], [ -0.27839, 40.04387 ], [ -0.27795, 40.0437 ], [ -0.27754, 40.04374 ], [ -0.27723, 40.04337 ], [ -0.27587, 40.04291 ], [ -0.27466, 40.0427 ], [ -0.27279, 40.04174 ], [ -0.27265, 40.04142 ], [ -0.27207, 40.04091 ], [ -0.27128, 40.04074 ], [ -0.27016, 40.0401 ], [ -0.26701, 40.03926 ], [ -0.26582, 40.03864 ], [ -0.26349, 40.03825 ], [ -0.26208, 40.0373 ], [ -0.26109, 40.03705 ], [ -0.25976, 40.03612 ], [ -0.25869, 40.03574 ], [ -0.25483, 40.03379 ], [ -0.24949, 40.03272 ], [ -0.24773, 40.03214 ], [ -0.24746, 40.03219 ], [ -0.24565, 40.03176 ], [ -0.24525, 40.03145 ], [ -0.2435, 40.03118 ], [ -0.24326, 40.03089 ], [ -0.24283, 40.03077 ], [ -0.24168, 40.02998 ], [ -0.24154, 40.02963 ], [ -0.24057, 40.02892 ], [ -0.23975, 40.02886 ], [ -0.23878, 40.02838 ], [ -0.23803, 40.02829 ], [ -0.23733, 40.02767 ], [ -0.23631, 40.02717 ], [ -0.23604, 40.02682 ], [ -0.23528, 40.02679 ], [ -0.23479, 40.0265 ], [ -0.23422, 40.02653 ], [ -0.2333, 40.02614 ], [ -0.23273, 40.02539 ], [ -0.23217, 40.02558 ], [ -0.2321, 40.02522 ], [ -0.23154, 40.02517 ], [ -0.23052, 40.02528 ], [ -0.2295, 40.02562 ], [ -0.22698, 40.02539 ], [ -0.2251, 40.0257 ], [ -0.22346, 40.02465 ], [ -0.22244, 40.02371 ], [ -0.2203, 40.02312 ], [ -0.21932, 40.02257 ], [ -0.21706, 40.02223 ], [ -0.21535, 40.02241 ], [ -0.21242, 40.02181 ], [ -0.21047, 40.02072 ], [ -0.21029, 40.02046 ], [ -0.20896, 40.01537 ], [ -0.20899, 40.01429 ], [ -0.20938, 40.01367 ], [ -0.20882, 40.01223 ], [ -0.20675, 40.01101 ], [ -0.20544, 40.01127 ], [ -0.20416, 40.01187 ], [ -0.20282, 40.01224 ], [ -0.20195, 40.01289 ], [ -0.20055, 40.01317 ], [ -0.19999, 40.01366 ], [ -0.19608, 40.01478 ], [ -0.19466, 40.0149 ], [ -0.19522, 40.01542 ], [ -0.19497, 40.0157 ], [ -0.19444, 40.01567 ], [ -0.19334, 40.0151 ], [ -0.19312, 40.01555 ], [ -0.19248, 40.01606 ], [ -0.1912, 40.01639 ], [ -0.1905, 40.01762 ], [ -0.18999, 40.01797 ], [ -0.1888, 40.01805 ], [ -0.1866, 40.01785 ], [ -0.1833, 40.01834 ], [ -0.18074, 40.01946 ], [ -0.17922, 40.02034 ], [ -0.17684, 40.02095 ], [ -0.1746, 40.02208 ], [ -0.17276, 40.02235 ], [ -0.17225, 40.02265 ], [ -0.17186, 40.02263 ], [ -0.17016, 40.02181 ], [ -0.16921, 40.0208 ], [ -0.16714, 40.02122 ], [ -0.16513, 40.02075 ], [ -0.16414, 40.02024 ], [ -0.16195, 40.01997 ], [ -0.16076, 40.02018 ], [ -0.16114, 40.02362 ], [ -0.16096, 40.02592 ], [ -0.16138, 40.02641 ], [ -0.16346, 40.02783 ], [ -0.16414, 40.02883 ], [ -0.16404, 40.02925 ], [ -0.16318, 40.02992 ], [ -0.15874, 40.03186 ], [ -0.15778, 40.03325 ], [ -0.15859, 40.03334 ], [ -0.1604, 40.03523 ], [ -0.16069, 40.03605 ], [ -0.16071, 40.03659 ], [ -0.16021, 40.0381 ], [ -0.15905, 40.04017 ], [ -0.15874, 40.04103 ], [ -0.15871, 40.04318 ], [ -0.15834, 40.04469 ], [ -0.15759, 40.04596 ], [ -0.15588, 40.04735 ], [ -0.15485, 40.04876 ], [ -0.15459, 40.0497 ], [ -0.15469, 40.05007 ], [ -0.15686, 40.05225 ], [ -0.15696, 40.05288 ], [ -0.15649, 40.05352 ], [ -0.15287, 40.05487 ], [ -0.15199, 40.05559 ], [ -0.15158, 40.05659 ], [ -0.15174, 40.05865 ], [ -0.15217, 40.05976 ], [ -0.15274, 40.06043 ], [ -0.15461, 40.0619 ], [ -0.1579, 40.06335 ], [ -0.16269, 40.06503 ], [ -0.16418, 40.06592 ], [ -0.16464, 40.06634 ], [ -0.1655, 40.06775 ], [ -0.16591, 40.06947 ], [ -0.16582, 40.0709 ], [ -0.16562, 40.07157 ], [ -0.16431, 40.07376 ], [ -0.1629, 40.07556 ], [ -0.16047, 40.07759 ], [ -0.15671, 40.07962 ], [ -0.15554, 40.0807 ], [ -0.1552, 40.08197 ], [ -0.15556, 40.08344 ], [ -0.1553, 40.084 ], [ -0.15366, 40.08601 ], [ -0.1528, 40.08664 ], [ -0.15173, 40.08713 ], [ -0.14881, 40.08802 ], [ -0.15057, 40.08982 ], [ -0.15716, 40.09368 ], [ -0.15875, 40.09428 ], [ -0.16046, 40.0973 ], [ -0.1734, 40.09894 ], [ -0.176, 40.10512 ], [ -0.1859, 40.11036 ], [ -0.18752, 40.1107 ], [ -0.18934, 40.11083 ], [ -0.19082, 40.11419 ], [ -0.19147, 40.11623 ], [ -0.19198, 40.11931 ], [ -0.19256, 40.12124 ], [ -0.19257, 40.122 ], [ -0.19227, 40.12267 ], [ -0.1903, 40.12507 ], [ -0.19369, 40.12727 ], [ -0.19454, 40.12761 ], [ -0.1977, 40.12669 ], [ -0.20118, 40.12598 ], [ -0.22134, 40.1178 ], [ -0.22597, 40.10908 ], [ -0.22632, 40.10855 ], [ -0.22987, 40.10542 ], [ -0.2334, 40.09965 ], [ -0.2346, 40.09723 ], [ -0.23497, 40.09683 ], [ -0.24137, 40.09944 ], [ -0.24211, 40.09969 ], [ -0.24274, 40.09969 ], [ -0.24744, 40.09908 ], [ -0.24873, 40.09851 ], [ -0.25075, 40.09885 ], [ -0.25153, 40.09882 ], [ -0.25235, 40.09854 ], [ -0.25479, 40.09676 ], [ -0.25591, 40.09635 ], [ -0.25874, 40.09577 ], [ -0.25902, 40.09555 ], [ -0.2602, 40.09298 ], [ -0.25994, 40.09236 ], [ -0.25857, 40.09087 ], [ -0.25825, 40.09012 ], [ -0.2581, 40.08958 ], [ -0.25813, 40.08842 ], [ -0.25842, 40.08807 ], [ -0.26144, 40.08628 ], [ -0.26401, 40.08507 ], [ -0.26652, 40.08433 ], [ -0.26855, 40.08354 ], [ -0.26933, 40.08355 ], [ -0.27133, 40.08295 ], [ -0.27299, 40.08201 ], [ -0.2734, 40.08185 ], [ -0.27404, 40.08186 ], [ -0.27653, 40.08058 ], [ -0.27845, 40.08012 ], [ -0.2807, 40.07915 ], [ -0.28784, 40.07461 ], [ -0.29401, 40.07141 ], [ -0.29836, 40.06835 ], [ -0.30109, 40.06544 ], [ -0.30224, 40.06222 ], [ -0.30485, 40.05863 ], [ -0.30033, 40.0584 ], [ -0.29633, 40.05619 ], [ -0.29515, 40.05564 ], [ -0.29427, 40.05542 ], [ -0.29401, 40.05501 ], [ -0.29364, 40.05333 ], [ -0.29365, 40.04969 ], [ -0.29269, 40.04731 ] ] ] } },
{ "type": "Feature", "properties": { "nom_mun": "Alfondeguilla", "comarca": "la Plana Baixa", "area_ha": 2834.27, "ha_quemadas": 611.4 }, "geometry": { "type": "Polygon", "coordinates": [ [ [ -0.28524, 39.8707 ], [ -0.28615, 39.86993 ], [ -0.28603, 39.86859 ], [ -0.28659, 39.86785 ], [ -0.28796, 39.86681 ], [ -0.28869, 39.86514 ], [ -0.28896, 39.86483 ], [ -0.29339, 39.86375 ], [ -0.29229, 39.8579 ], [ -0.30006, 39.85345 ], [ -0.30247, 39.84131 ], [ -0.31279, 39.8308 ], [ -0.31629, 39.82305 ], [ -0.31347, 39.82274 ], [ -0.31046, 39.81402 ], [ -0.31277, 39.80911 ], [ -0.31603, 39.79983 ], [ -0.30857, 39.79699 ], [ -0.3076, 39.79786 ], [ -0.30654, 39.79819 ], [ -0.30441, 39.79965 ], [ -0.30408, 39.8001 ], [ -0.30373, 39.80134 ], [ -0.30349, 39.80167 ], [ -0.30328, 39.80184 ], [ -0.3023, 39.80181 ], [ -0.30205, 39.80193 ], [ -0.3013, 39.80299 ], [ -0.30047, 39.80375 ], [ -0.29782, 39.80491 ], [ -0.29562, 39.80457 ], [ -0.29238, 39.80504 ], [ -0.29174, 39.80535 ], [ -0.2916, 39.80556 ], [ -0.29201, 39.80626 ], [ -0.29148, 39.80668 ], [ -0.28981, 39.8067 ], [ -0.28742, 39.80719 ], [ -0.28739, 39.80844 ], [ -0.28619, 39.80973 ], [ -0.28574, 39.80994 ], [ -0.28429, 39.81014 ], [ -0.2834, 39.81068 ], [ -0.28336, 39.81107 ], [ -0.28386, 39.81208 ], [ -0.28385, 39.8124 ], [ -0.28364, 39.81262 ], [ -0.28256, 39.81284 ], [ -0.28157, 39.81351 ], [ -0.28121, 39.81441 ], [ -0.28035, 39.81543 ], [ -0.27937, 39.81612 ], [ -0.27883, 39.81706 ], [ -0.27838, 39.81746 ], [ -0.27729, 39.81808 ], [ -0.27666, 39.81929 ], [ -0.27638, 39.81948 ], [ -0.27505, 39.81962 ], [ -0.27392, 39.82133 ], [ -0.27263, 39.8222 ], [ -0.27158, 39.82242 ], [ -0.26571, 39.82269 ], [ -0.26464, 39.82374 ], [ -0.26224, 39.82501 ], [ -0.26066, 39.82681 ], [ -0.26011, 39.82803 ], [ -0.25811, 39.82918 ], [ -0.25761, 39.83055 ], [ -0.25728, 39.83093 ], [ -0.2554, 39.83171 ], [ -0.2532, 39.83347 ], [ -0.2541, 39.83569 ], [ -0.25504, 39.83681 ], [ -0.25542, 39.83767 ], [ -0.25623, 39.84096 ], [ -0.25635, 39.84293 ], [ -0.25582, 39.84451 ], [ -0.25465, 39.8466 ], [ -0.25415, 39.84796 ], [ -0.25061, 39.85005 ], [ -0.24749, 39.85143 ], [ -0.24598, 39.8526 ], [ -0.24284, 39.85342 ], [ -0.24098, 39.85276 ], [ -0.24005, 39.85334 ], [ -0.23997, 39.85481 ], [ -0.24027, 39.85533 ], [ -0.24275, 39.8577 ], [ -0.24291, 39.85828 ], [ -0.24285, 39.85881 ], [ -0.24121, 39.86015 ], [ -0.24123, 39.86149 ], [ -0.23953, 39.86305 ], [ -0.23921, 39.86354 ], [ -0.23902, 39.86482 ], [ -0.24218, 39.86641 ], [ -0.24476, 39.86505 ], [ -0.24821, 39.86501 ], [ -0.25088, 39.86551 ], [ -0.25348, 39.86653 ], [ -0.2561, 39.86683 ], [ -0.26218, 39.86824 ], [ -0.26312, 39.86955 ], [ -0.26651, 39.86905 ], [ -0.26804, 39.87 ], [ -0.2709, 39.8701 ], [ -0.27334, 39.87119 ], [ -0.27602, 39.87098 ], [ -0.27719, 39.8711 ], [ -0.27901, 39.87044 ], [ -0.28157, 39.87155 ], [ -0.28524, 39.8707 ] ] ] } },
{ "type": "Feature", "properties": { "nom_mun": "Almassora", "comarca": "la Plana Alta", "area_ha": 3318.21, "ha_quemadas": 0.0 }, "geometry": { "type": "Polygon", "coordinates": [ [ [ 0.00219, 39.94264 ], [ 0.00192, 39.94301 ], [ 0.00126, 39.94305 ], [ -0.00757, 39.94639 ], [ -0.01577, 39.9492 ], [ -0.01624, 39.94885 ], [ -0.01741, 39.94746 ], [ -0.01782, 39.94759 ], [ -0.01857, 39.94741 ], [ -0.01882, 39.94698 ], [ -0.01943, 39.94654 ], [ -0.02288, 39.94765 ], [ -0.02316, 39.94757 ], [ -0.02355, 39.94666 ], [ -0.02405, 39.94601 ], [ -0.0283, 39.94764 ], [ -0.02933, 39.94765 ], [ -0.0303, 39.94792 ], [ -0.03075, 39.94816 ], [ -0.03076, 39.94846 ], [ -0.03227, 39.94895 ], [ -0.03418, 39.94987 ], [ -0.0356, 39.95004 ], [ -0.03572, 39.94987 ], [ -0.03883, 39.95068 ], [ -0.03876, 39.95083 ], [ -0.03949, 39.95111 ], [ -0.04185, 39.95146 ], [ -0.04247, 39.95034 ], [ -0.04433, 39.95056 ], [ -0.04658, 39.9517 ], [ -0.04701, 39.95158 ], [ -0.05047, 39.95299 ], [ -0.05188, 39.95297 ], [ -0.05346, 39.95389 ], [ -0.05391, 39.95432 ], [ -0.05428, 39.95505 ], [ -0.05667, 39.95554 ], [ -0.06055, 39.95555 ], [ -0.06958, 39.95919 ], [ -0.07936, 39.96739 ], [ -0.0837, 39.97064 ], [ -0.08465, 39.97106 ], [ -0.0848, 39.97164 ], [ -0.09017, 39.97442 ], [ -0.09881, 39.97832 ], [ -0.10311, 39.98084 ], [ -0.10618, 39.98213 ], [ -0.10848, 39.98247 ], [ -0.10937, 39.98243 ], [ -0.11159, 39.98284 ], [ -0.11276, 39.98296 ], [ -0.1132, 39.98286 ], [ -0.11628, 39.98352 ], [ -0.1218, 39.98377 ], [ -0.13382, 39.98895 ], [ -0.13706, 39.98282 ], [ -0.13953, 39.98185 ], [ -0.14659, 39.97791 ], [ -0.15025, 39.9744 ], [ -0.15136, 39.97325 ], [ -0.15175, 39.97263 ], [ -0.15228, 39.97238 ], [ -0.15348, 39.97114 ], [ -0.15115, 39.9707 ], [ -0.14722, 39.96926 ], [ -0.14372, 39.96671 ], [ -0.14215, 39.96592 ], [ -0.13918, 39.96555 ], [ -0.13528, 39.96574 ], [ -0.13332, 39.96461 ], [ -0.13134, 39.9625 ], [ -0.12984, 39.96161 ], [ -0.12941, 39.96168 ], [ -0.12823, 39.96227 ], [ -0.12701, 39.96216 ], [ -0.12347, 39.96017 ], [ -0.1208, 39.95963 ], [ -0.12024, 39.95984 ], [ -0.11977, 39.96026 ], [ -0.11954, 39.96217 ], [ -0.11885, 39.96301 ], [ -0.11806, 39.96346 ], [ -0.11671, 39.96349 ], [ -0.11585, 39.96323 ], [ -0.11514, 39.96263 ], [ -0.11469, 39.9602 ], [ -0.11442, 39.95992 ], [ -0.11339, 39.95958 ], [ -0.1092, 39.95959 ], [ -0.10702, 39.95915 ], [ -0.10519, 39.95792 ], [ -0.10258, 39.95557 ], [ -0.10078, 39.95475 ], [ -0.09602, 39.95397 ], [ -0.09432, 39.95406 ], [ -0.09212, 39.95441 ], [ -0.09038, 39.9544 ], [ -0.0878, 39.95416 ], [ -0.08587, 39.95373 ], [ -0.08382, 39.95266 ], [ -0.08205, 39.95146 ], [ -0.07814, 39.94787 ], [ -0.06808, 39.94064 ], [ -0.06665, 39.93928 ], [ -0.06343, 39.93533 ], [ -0.06126, 39.93292 ], [ -0.05629, 39.92921 ], [ -0.05571, 39.92892 ], [ -0.05114, 39.92795 ], [ -0.04514, 39.92625 ], [ -0.04125, 39.92457 ], [ -0.03951, 39.92403 ], [ -0.03446, 39.92291 ], [ -0.03011, 39.92077 ], [ -0.02851, 39.92028 ], [ -0.02606, 39.91924 ], [ -0.02249, 39.91823 ], [ -0.02054, 39.91712 ], [ -0.01359, 39.91369 ], [ -0.00929, 39.91068 ], [ -0.00848, 39.91151 ], [ -0.00818, 39.91218 ], [ -0.00816, 39.91265 ], [ -0.00691, 39.9144 ], [ -0.00578, 39.91522 ], [ -0.00378, 39.91487 ], [ -0.00498, 39.91515 ], [ -0.00512, 39.91575 ], [ -0.00502, 39.91659 ], [ -0.0043, 39.91961 ], [ -0.00383, 39.92055 ], [ -0.00317, 39.92121 ], [ -0.00223, 39.92112 ], [ -0.00303, 39.9213 ], [ -0.00317, 39.92223 ], [ -0.00286, 39.92381 ], [ -0.00214, 39.9258 ], [ -0.00172, 39.92666 ], [ -0.0012, 39.92721 ], [ -0.00012, 39.92718 ], [ -0.00121, 39.92738 ], [ -0.00132, 39.92776 ], [ -0.00115, 39.92905 ], [ -0.00043, 39.93158 ], [ 0.00025, 39.9326 ], [ 0.00216, 39.93237 ], [ 0.00047, 39.93269 ], [ 0.00036, 39.93436 ], [ 0.00092, 39.93632 ], [ 0.00118, 39.93679 ], [ 0.00189, 39.93723 ], [ 0.00245, 39.93715 ], [ 0.00243, 39.93688 ], [ 0.00262, 39.93706 ], [ 0.00266, 39.93805 ], [ 0.00254, 39.93812 ], [ 0.00248, 39.9379 ], [ 0.00213, 39.93799 ], [ 0.00175, 39.93854 ], [ 0.00238, 39.94143 ], [ 0.00298, 39.94223 ], [ 0.00416, 39.94206 ], [ 0.00219, 39.94264 ] ] ] } },
{ "type": "Feature", "properties": { "nom_mun": "Almedíjar", "comarca": "El Alto Palancia", "area_ha": 2090.66, "ha_quemadas": 0.0 }, "geometry": { "type": "Polygon", "coordinates": [ [ [ -0.39785, 39.85321 ], [ -0.39613, 39.8566 ], [ -0.39537, 39.85921 ], [ -0.39521, 39.86086 ], [ -0.39269, 39.86241 ], [ -0.39249, 39.86274 ], [ -0.39232, 39.86322 ], [ -0.39315, 39.86408 ], [ -0.39316, 39.86442 ], [ -0.39254, 39.86579 ], [ -0.38942, 39.86842 ], [ -0.38868, 39.86864 ], [ -0.38802, 39.86912 ], [ -0.38782, 39.87001 ], [ -0.38622, 39.87085 ], [ -0.38567, 39.87133 ], [ -0.38503, 39.87237 ], [ -0.38326, 39.87366 ], [ -0.38181, 39.87441 ], [ -0.38162, 39.87565 ], [ -0.37438, 39.87711 ], [ -0.3736, 39.87747 ], [ -0.37212, 39.87855 ], [ -0.37129, 39.87856 ], [ -0.36976, 39.87903 ], [ -0.3677, 39.87993 ], [ -0.36936, 39.88315 ], [ -0.3711, 39.88558 ], [ -0.3717, 39.88726 ], [ -0.37446, 39.88981 ], [ -0.37989, 39.89419 ], [ -0.38284, 39.89473 ], [ -0.40166, 39.893 ], [ -0.40813, 39.89201 ], [ -0.41071, 39.89178 ], [ -0.41472, 39.89025 ], [ -0.42266, 39.88763 ], [ -0.42953, 39.886 ], [ -0.43401, 39.88524 ], [ -0.44417, 39.88102 ], [ -0.44195, 39.87657 ], [ -0.43443, 39.87026 ], [ -0.43436, 39.86123 ], [ -0.43378, 39.86057 ], [ -0.42957, 39.85701 ], [ -0.42882, 39.8566 ], [ -0.42396, 39.84923 ], [ -0.42343, 39.84547 ], [ -0.42099, 39.84243 ], [ -0.42058, 39.84097 ], [ -0.41973, 39.83927 ], [ -0.4195, 39.83846 ], [ -0.41537, 39.84181 ], [ -0.40466, 39.84828 ], [ -0.40135, 39.84888 ], [ -0.40032, 39.85031 ], [ -0.39785, 39.85321 ] ] ] } },
{ "type": "Feature", "properties": { "nom_mun": "Artana", "comarca": "la Plana Baixa", "area_ha": 3634.87, "ha_quemadas": 2533.1 }, "geometry": { "type": "Polygon", "coordinates": [ [ [ -0.28181, 39.90865 ], [ -0.27414, 39.89602 ], [ -0.27724, 39.89031 ], [ -0.27998, 39.88666 ], [ -0.2807, 39.88592 ], [ -0.28468, 39.88277 ], [ -0.28865, 39.87678 ], [ -0.2897, 39.87493 ], [ -0.28754, 39.87231 ], [ -0.2859, 39.87102 ], [ -0.28524, 39.8707 ], [ -0.28157, 39.87155 ], [ -0.27901, 39.87044 ], [ -0.27719, 39.8711 ], [ -0.27602, 39.87098 ], [ -0.27334, 39.87119 ], [ -0.2709, 39.8701 ], [ -0.26804, 39.87 ], [ -0.26651, 39.86905 ], [ -0.26312, 39.86955 ], [ -0.26218, 39.86824 ], [ -0.2561, 39.86683 ], [ -0.25348, 39.86653 ], [ -0.24975, 39.86521 ], [ -0.24821, 39.86501 ], [ -0.24533, 39.86494 ], [ -0.24476, 39.86505 ], [ -0.24218, 39.86641 ], [ -0.23902, 39.86482 ], [ -0.23921, 39.86354 ], [ -0.23683, 39.86152 ], [ -0.23598, 39.86102 ], [ -0.22897, 39.86712 ], [ -0.21932, 39.87624 ], [ -0.21641, 39.87932 ], [ -0.21125, 39.88547 ], [ -0.20846, 39.88836 ], [ -0.20427, 39.89146 ], [ -0.20265, 39.89287 ], [ -0.19723, 39.89889 ], [ -0.19779, 39.89936 ], [ -0.19827, 39.90101 ], [ -0.20086, 39.90243 ], [ -0.20191, 39.9026 ], [ -0.20241, 39.90247 ], [ -0.20346, 39.90179 ], [ -0.20373, 39.90185 ], [ -0.20622, 39.90345 ], [ -0.21195, 39.90666 ], [ -0.21293, 39.90745 ], [ -0.21537, 39.90997 ], [ -0.22095, 39.91376 ], [ -0.22478, 39.91695 ], [ -0.22666, 39.91871 ], [ -0.22752, 39.91974 ], [ -0.23204, 39.92381 ], [ -0.23424, 39.92605 ], [ -0.24158, 39.92582 ], [ -0.24871, 39.92615 ], [ -0.25076, 39.92704 ], [ -0.25577, 39.93005 ], [ -0.25737, 39.92845 ], [ -0.26021, 39.9263 ], [ -0.2606, 39.92585 ], [ -0.26084, 39.92602 ], [ -0.26174, 39.92506 ], [ -0.26845, 39.92219 ], [ -0.2691, 39.92206 ], [ -0.27182, 39.92234 ], [ -0.27302, 39.92301 ], [ -0.27379, 39.92273 ], [ -0.27445, 39.92301 ], [ -0.27528, 39.92225 ], [ -0.27594, 39.92257 ], [ -0.27781, 39.92296 ], [ -0.27954, 39.92281 ], [ -0.27989, 39.92259 ], [ -0.28046, 39.92136 ], [ -0.27867, 39.92046 ], [ -0.27992, 39.91925 ], [ -0.27903, 39.91805 ], [ -0.27955, 39.91559 ], [ -0.28181, 39.90865 ] ] ] } },
{ "type": "Feature", "properties": { "nom_mun": "Ayódar", "comarca": "El Alto Mijares", "area_ha": 2437.46, "ha_quemadas": 0.0 }, "geometry": { "type": "Polygon", "coordinates": [ [ [ -0.34131, 39.97986 ], [ -0.34972, 39.98966 ], [ -0.35041, 39.99121 ], [ -0.35263, 39.99893 ], [ -0.35126, 40.00022 ], [ -0.35095, 40.00069 ], [ -0.34622, 40.00467 ], [ -0.35677, 40.00713 ], [ -0.37055, 40.0061 ], [ -0.38734, 40.01667 ], [ -0.39206, 40.01785 ], [ -0.40289, 40.01994 ], [ -0.40227, 40.01896 ], [ -0.40372, 40.01483 ], [ -0.40326, 40.01184 ], [ -0.4123, 40.00382 ], [ -0.41318, 40.00319 ], [ -0.41825, 40.00045 ], [ -0.41844, 40.0002 ], [ -0.42157, 39.99906 ], [ -0.41963, 39.99254 ], [ -0.41722, 39.98907 ], [ -0.41601, 39.98762 ], [ -0.41738, 39.98431 ], [ -0.41736, 39.98323 ], [ -0.41875, 39.98128 ], [ -0.42037, 39.9799 ], [ -0.42044, 39.97887 ], [ -0.4222, 39.97601 ], [ -0.42134, 39.9761 ], [ -0.42191, 39.97506 ], [ -0.41778, 39.97312 ], [ -0.41714, 39.97245 ], [ -0.41709, 39.97207 ], [ -0.41784, 39.97158 ], [ -0.41748, 39.97144 ], [ -0.41507, 39.97161 ], [ -0.41328, 39.97031 ], [ -0.41102, 39.96908 ], [ -0.41008, 39.96996 ], [ -0.40443, 39.97424 ], [ -0.39056, 39.97661 ], [ -0.38975, 39.97627 ], [ -0.38746, 39.97446 ], [ -0.38252, 39.97106 ], [ -0.37563, 39.97129 ], [ -0.36723, 39.97131 ], [ -0.36697, 39.97186 ], [ -0.36531, 39.97359 ], [ -0.36146, 39.97433 ], [ -0.36038, 39.97562 ], [ -0.35947, 39.97705 ], [ -0.35861, 39.9793 ], [ -0.35729, 39.97977 ], [ -0.35667, 39.98135 ], [ -0.35418, 39.97968 ], [ -0.35224, 39.97863 ], [ -0.35027, 39.97801 ], [ -0.34921, 39.97619 ], [ -0.34811, 39.97534 ], [ -0.34622, 39.97687 ], [ -0.34501, 39.9784 ], [ -0.34131, 39.97986 ] ] ] } },
{ "type": "Feature", "properties": { "nom_mun": "Azuébar", "comarca": "El Alto Palancia", "area_ha": 2341.13, "ha_quemadas": 0.0 }, "geometry": { "type": "Polygon", "coordinates": [ [ [ -0.32964, 39.82352 ], [ -0.33062, 39.82399 ], [ -0.33209, 39.82562 ], [ -0.33451, 39.82676 ], [ -0.33515, 39.82735 ], [ -0.33819, 39.82922 ], [ -0.33892, 39.82944 ], [ -0.3401, 39.82944 ], [ -0.34118, 39.82917 ], [ -0.34216, 39.82933 ], [ -0.34506, 39.83044 ], [ -0.3466, 39.83191 ], [ -0.34711, 39.83217 ], [ -0.34906, 39.83267 ], [ -0.34938, 39.83349 ], [ -0.3494, 39.8341 ], [ -0.35082, 39.83721 ], [ -0.35094, 39.83805 ], [ -0.3496, 39.84331 ], [ -0.34773, 39.84677 ], [ -0.3455, 39.8484 ], [ -0.34426, 39.85051 ], [ -0.34413, 39.85132 ], [ -0.345, 39.85293 ], [ -0.3443, 39.8549 ], [ -0.34478, 39.85712 ], [ -0.34205, 39.86172 ], [ -0.34071, 39.86434 ], [ -0.34115, 39.86714 ], [ -0.34401, 39.87035 ], [ -0.34474, 39.87151 ], [ -0.3444, 39.87363 ], [ -0.34398, 39.87431 ], [ -0.3474, 39.87671 ], [ -0.34888, 39.87716 ], [ -0.35187, 39.87722 ], [ -0.35713, 39.87858 ], [ -0.35867, 39.87779 ], [ -0.36253, 39.88048 ], [ -0.3677, 39.87993 ], [ -0.36976, 39.87903 ], [ -0.37129, 39.87856 ], [ -0.37212, 39.87855 ], [ -0.3736, 39.87747 ], [ -0.37438, 39.87711 ], [ -0.38162, 39.87565 ], [ -0.38181, 39.87441 ], [ -0.38326, 39.87366 ], [ -0.38503, 39.87237 ], [ -0.38567, 39.87133 ], [ -0.38622, 39.87085 ], [ -0.38782, 39.87001 ], [ -0.38802, 39.86912 ], [ -0.38868, 39.86864 ], [ -0.38942, 39.86842 ], [ -0.39254, 39.86579 ], [ -0.39316, 39.86442 ], [ -0.39315, 39.86408 ], [ -0.39232, 39.86322 ], [ -0.39249, 39.86274 ], [ -0.39269, 39.86241 ], [ -0.39521, 39.86086 ], [ -0.39537, 39.85921 ], [ -0.39613, 39.8566 ], [ -0.39785, 39.85321 ], [ -0.39744, 39.85301 ], [ -0.39657, 39.85215 ], [ -0.39401, 39.84924 ], [ -0.39318, 39.84762 ], [ -0.39156, 39.84519 ], [ -0.39059, 39.84323 ], [ -0.38737, 39.83848 ], [ -0.38305, 39.83506 ], [ -0.37903, 39.83221 ], [ -0.37869, 39.83175 ], [ -0.37853, 39.82784 ], [ -0.37812, 39.82452 ], [ -0.37724, 39.82002 ], [ -0.3765, 39.81788 ], [ -0.36401, 39.82189 ], [ -0.3563, 39.82369 ], [ -0.34813, 39.82226 ], [ -0.34248, 39.82156 ], [ -0.33906, 39.82212 ], [ -0.33419, 39.82354 ], [ -0.3327, 39.82383 ], [ -0.33112, 39.82391 ], [ -0.32964, 39.82352 ] ] ] } },
{ "type": "Feature", "properties": { "nom_mun": "Betxí", "comarca": "la Plana Baixa", "area_ha": 2140.24, "ha_quemadas": 136.1 }, "geometry": { "type": "Polygon", "coordinates": [ [ [ -0.17525, 39.93804 ], [ -0.17655, 39.93879 ], [ -0.17617, 39.93933 ], [ -0.1773, 39.93971 ], [ -0.17719, 39.94028 ], [ -0.1794, 39.94061 ], [ -0.1798, 39.9403 ], [ -0.1812, 39.94144 ], [ -0.18249, 39.94164 ], [ -0.18471, 39.94069 ], [ -0.1883, 39.94106 ], [ -0.19031, 39.94166 ], [ -0.1964, 39.94404 ], [ -0.20196, 39.94568 ], [ -0.20403, 39.94663 ], [ -0.20668, 39.94755 ], [ -0.21005, 39.94909 ], [ -0.21337, 39.94553 ], [ -0.21341, 39.94513 ], [ -0.21459, 39.94356 ], [ -0.21809, 39.93951 ], [ -0.22503, 39.93083 ], [ -0.22707, 39.9292 ], [ -0.22813, 39.92888 ], [ -0.23021, 39.92644 ], [ -0.23424, 39.92605 ], [ -0.23204, 39.92381 ], [ -0.22752, 39.91974 ], [ -0.22666, 39.91871 ], [ -0.22478, 39.91695 ], [ -0.22095, 39.91376 ], [ -0.21537, 39.90997 ], [ -0.21293, 39.90745 ], [ -0.21195, 39.90666 ], [ -0.20622, 39.90345 ], [ -0.20373, 39.90185 ], [ -0.20346, 39.90179 ], [ -0.20241, 39.90247 ], [ -0.20139, 39.90259 ], [ -0.19886, 39.90137 ], [ -0.19827, 39.90101 ], [ -0.19808, 39.90071 ], [ -0.19797, 39.89982 ], [ -0.19762, 39.8991 ], [ -0.1967, 39.89846 ], [ -0.19356, 39.89546 ], [ -0.18752, 39.89558 ], [ -0.18374, 39.89507 ], [ -0.17944, 39.89502 ], [ -0.17484, 39.89567 ], [ -0.1706, 39.89586 ], [ -0.17028, 39.89534 ], [ -0.17136, 39.90142 ], [ -0.17131, 39.90316 ], [ -0.16798, 39.91837 ], [ -0.17154, 39.93071 ], [ -0.17525, 39.93804 ] ] ] } },
{ "type": "Feature", "properties": { "nom_mun": "Borriol", "comarca": "la Plana Alta", "area_ha": 6160.17, "ha_quemadas": 0.0 }, "geometry": { "type": "Polygon", "coordinates": [ [ [ -0.05482, 40.09171 ], [ -0.05979, 40.09094 ], [ -0.06257, 40.08765 ], [ -0.06187, 40.08306 ], [ -0.07591, 40.07411 ], [ -0.09232, 40.06206 ], [ -0.09853, 40.05909 ], [ -0.1003, 40.05924 ], [ -0.10806, 40.05426 ], [ -0.11844, 40.05375 ], [ -0.12079, 40.0524 ], [ -0.12624, 40.0512 ], [ -0.13052, 40.04722 ], [ -0.13797, 40.03835 ], [ -0.14506, 40.03568 ], [ -0.14858, 40.03556 ], [ -0.15391, 40.03317 ], [ -0.15778, 40.03325 ], [ -0.15758, 40.03184 ], [ -0.15499, 40.03141 ], [ -0.15506, 40.03072 ], [ -0.15152, 40.02998 ], [ -0.14993, 40.03077 ], [ -0.14731, 40.02774 ], [ -0.1429, 40.02409 ], [ -0.14184, 40.0226 ], [ -0.13289, 40.01953 ], [ -0.13183, 40.01933 ], [ -0.1253, 40.01324 ], [ -0.12146, 40.00997 ], [ -0.12067, 40.00955 ], [ -0.11757, 40.00944 ], [ -0.09995, 40.01177 ], [ -0.09067, 40.01377 ], [ -0.08609, 40.01596 ], [ -0.08067, 40.01996 ], [ -0.07562, 40.02327 ], [ -0.06871, 40.02403 ], [ -0.06292, 40.02606 ], [ -0.05854, 40.02573 ], [ -0.05495, 40.02735 ], [ -0.05336, 40.02656 ], [ -0.05057, 40.02681 ], [ -0.049, 40.02729 ], [ -0.04668, 40.02743 ], [ -0.04356, 40.02798 ], [ -0.04067, 40.03023 ], [ -0.04175, 40.03331 ], [ -0.04007, 40.03864 ], [ -0.03606, 40.04176 ], [ -0.03243, 40.04352 ], [ -0.01654, 40.04831 ], [ -0.00955, 40.05648 ], [ -0.00396, 40.06419 ], [ -0.00284, 40.06449 ], [ -0.00213, 40.06589 ], [ 0.00268, 40.07034 ], [ -0.00024, 40.0742 ], [ -0.0089, 40.08201 ], [ -0.01101, 40.09743 ], [ -0.02523, 40.09012 ], [ -0.04457, 40.08993 ], [ -0.05482, 40.09171 ] ] ] } },
{ "type": "Feature", "properties": { "nom_mun": "Borriana", "comarca": "la Plana Baixa", "area_ha": 4689.83, "ha_quemadas": 0.0 }, "geometry": { "type": "Polygon", "coordinates": [ [ [ -0.00929, 39.91068 ], [ -0.01359, 39.91369 ], [ -0.02054, 39.91712 ], [ -0.02249, 39.91823 ], [ -0.02606, 39.91924 ], [ -0.02851, 39.92028 ], [ -0.03011, 39.92077 ], [ -0.03446, 39.92291 ], [ -0.04081, 39.92441 ], [ -0.04514, 39.92625 ], [ -0.04957, 39.92756 ], [ -0.05571, 39.92892 ], [ -0.05882, 39.93098 ], [ -0.06114, 39.93281 ], [ -0.06324, 39.93009 ], [ -0.06455, 39.92917 ], [ -0.06545, 39.92876 ], [ -0.06652, 39.92859 ], [ -0.06934, 39.92698 ], [ -0.07096, 39.92626 ], [ -0.07275, 39.92501 ], [ -0.07371, 39.92411 ], [ -0.07708, 39.92236 ], [ -0.08075, 39.92092 ], [ -0.08349, 39.92092 ], [ -0.08775, 39.91759 ], [ -0.08751, 39.91698 ], [ -0.08656, 39.91562 ], [ -0.08741, 39.91485 ], [ -0.08798, 39.91534 ], [ -0.08842, 39.91536 ], [ -0.09059, 39.91304 ], [ -0.09012, 39.91145 ], [ -0.09036, 39.91119 ], [ -0.09133, 39.91161 ], [ -0.09239, 39.91174 ], [ -0.0922, 39.91073 ], [ -0.09202, 39.9105 ], [ -0.09253, 39.91019 ], [ -0.09164, 39.90943 ], [ -0.09092, 39.90905 ], [ -0.09292, 39.90743 ], [ -0.09492, 39.90623 ], [ -0.0959, 39.90502 ], [ -0.0958, 39.90494 ], [ -0.09674, 39.90391 ], [ -0.09567, 39.90263 ], [ -0.09566, 39.90206 ], [ -0.09622, 39.90203 ], [ -0.09752, 39.9015 ], [ -0.10125, 39.89925 ], [ -0.10227, 39.89879 ], [ -0.10381, 39.89774 ], [ -0.10476, 39.89652 ], [ -0.1021, 39.89567 ], [ -0.10345, 39.89396 ], [ -0.10472, 39.89192 ], [ -0.10679, 39.89052 ], [ -0.10801, 39.88924 ], [ -0.10853, 39.88783 ], [ -0.10885, 39.88639 ], [ -0.10915, 39.88483 ], [ -0.10905, 39.88439 ], [ -0.10946, 39.88355 ], [ -0.10918, 39.88338 ], [ -0.11214, 39.88105 ], [ -0.11454, 39.87981 ], [ -0.11951, 39.87678 ], [ -0.12458, 39.87562 ], [ -0.1277, 39.87432 ], [ -0.13041, 39.87083 ], [ -0.13211, 39.86972 ], [ -0.13635, 39.86739 ], [ -0.13766, 39.86647 ], [ -0.13789, 39.86651 ], [ -0.13653, 39.8655 ], [ -0.13575, 39.86512 ], [ -0.13355, 39.86483 ], [ -0.13226, 39.86431 ], [ -0.1291, 39.86188 ], [ -0.12864, 39.86051 ], [ -0.12578, 39.85843 ], [ -0.12555, 39.85842 ], [ -0.12544, 39.85797 ], [ -0.12407, 39.85675 ], [ -0.11726, 39.85337 ], [ -0.10979, 39.8489 ], [ -0.09766, 39.84195 ], [ -0.09715, 39.84227 ], [ -0.09738, 39.84224 ], [ -0.09756, 39.84254 ], [ -0.09716, 39.84269 ], [ -0.09712, 39.84243 ], [ -0.097, 39.84243 ], [ -0.09701, 39.84276 ], [ -0.0962, 39.84359 ], [ -0.09566, 39.84451 ], [ -0.09587, 39.84435 ], [ -0.09605, 39.84455 ], [ -0.09601, 39.84476 ], [ -0.09557, 39.84482 ], [ -0.0956, 39.84461 ], [ -0.09548, 39.84477 ], [ -0.09031, 39.85226 ], [ -0.08974, 39.85255 ], [ -0.08955, 39.8525 ], [ -0.08955, 39.85231 ], [ -0.08915, 39.85292 ], [ -0.0895, 39.85292 ], [ -0.0895, 39.85329 ], [ -0.08861, 39.85438 ], [ -0.08553, 39.85719 ], [ -0.0844, 39.85784 ], [ -0.07887, 39.86215 ], [ -0.0778, 39.86263 ], [ -0.07696, 39.86277 ], [ -0.0759, 39.86212 ], [ -0.07602, 39.862 ], [ -0.07587, 39.86206 ], [ -0.07269, 39.86005 ], [ -0.07075, 39.8588 ], [ -0.07059, 39.85856 ], [ -0.06907, 39.85846 ], [ -0.06893, 39.85867 ], [ -0.06959, 39.85949 ], [ -0.07024, 39.85887 ], [ -0.07124, 39.85951 ], [ -0.07047, 39.86028 ], [ -0.07128, 39.85953 ], [ -0.07171, 39.85981 ], [ -0.07094, 39.86058 ], [ -0.07174, 39.85983 ], [ -0.07215, 39.86009 ], [ -0.07137, 39.86086 ], [ -0.07218, 39.86011 ], [ -0.07302, 39.86064 ], [ -0.07279, 39.86086 ], [ -0.0722, 39.86048 ], [ -0.07277, 39.86088 ], [ -0.07247, 39.86115 ], [ -0.07187, 39.8608 ], [ -0.07245, 39.86117 ], [ -0.07216, 39.86145 ], [ -0.07162, 39.86115 ], [ -0.07213, 39.86148 ], [ -0.07189, 39.8617 ], [ -0.07204, 39.8618 ], [ -0.07217, 39.8617 ], [ -0.07209, 39.86184 ], [ -0.07227, 39.86198 ], [ -0.07164, 39.86251 ], [ -0.07359, 39.861 ], [ -0.07529, 39.86196 ], [ -0.07511, 39.86195 ], [ -0.07416, 39.86268 ], [ -0.07316, 39.86192 ], [ -0.07415, 39.8627 ], [ -0.07349, 39.86321 ], [ -0.07249, 39.86244 ], [ -0.07347, 39.86322 ], [ -0.07324, 39.8634 ], [ -0.07225, 39.86263 ], [ -0.07322, 39.86342 ], [ -0.07305, 39.86355 ], [ -0.07206, 39.86279 ], [ -0.07304, 39.86356 ], [ -0.07262, 39.86362 ], [ -0.0725, 39.86372 ], [ -0.07264, 39.86384 ], [ -0.0725, 39.86391 ], [ -0.07194, 39.86349 ], [ -0.0707, 39.86446 ], [ -0.06854, 39.86252 ], [ -0.06998, 39.86101 ], [ -0.06955, 39.86075 ], [ -0.06915, 39.86111 ], [ -0.06928, 39.86119 ], [ -0.06909, 39.86137 ], [ -0.0689, 39.86135 ], [ -0.06903, 39.86143 ], [ -0.06835, 39.86206 ], [ -0.06812, 39.86209 ], [ -0.06767, 39.8618 ], [ -0.06798, 39.86147 ], [ -0.06742, 39.8619 ], [ -0.0668, 39.86132 ], [ -0.06657, 39.85865 ], [ -0.0674, 39.8576 ], [ -0.06721, 39.85737 ], [ -0.06694, 39.85751 ], [ -0.06625, 39.85853 ], [ -0.06643, 39.86074 ], [ -0.0662, 39.86115 ], [ -0.0657, 39.8612 ], [ -0.06254, 39.86075 ], [ -0.06261, 39.86096 ], [ -0.06482, 39.86121 ], [ -0.06514, 39.86143 ], [ -0.06526, 39.86185 ], [ -0.06507, 39.86334 ], [ -0.06456, 39.86468 ], [ -0.06364, 39.86623 ], [ -0.06198, 39.86845 ], [ -0.0606, 39.86931 ], [ -0.05785, 39.86825 ], [ -0.06031, 39.86929 ], [ -0.05987, 39.87079 ], [ -0.05873, 39.87221 ], [ -0.05714, 39.87327 ], [ -0.05613, 39.87362 ], [ -0.05435, 39.87227 ], [ -0.05606, 39.87365 ], [ -0.05487, 39.87551 ], [ -0.05406, 39.87608 ], [ -0.05351, 39.87573 ], [ -0.0537, 39.87598 ], [ -0.05322, 39.87666 ], [ -0.05276, 39.87695 ], [ -0.05259, 39.87681 ], [ -0.05241, 39.87777 ], [ -0.05178, 39.8781 ], [ -0.05152, 39.87792 ], [ -0.05161, 39.87827 ], [ -0.05055, 39.87937 ], [ -0.04859, 39.88069 ], [ -0.04468, 39.88409 ], [ -0.04196, 39.88689 ], [ -0.04015, 39.88851 ], [ -0.039, 39.88987 ], [ -0.03731, 39.8911 ], [ -0.03298, 39.89524 ], [ -0.03061, 39.89707 ], [ -0.026, 39.90031 ], [ -0.02512, 39.90071 ], [ -0.02396, 39.90165 ], [ -0.02374, 39.90165 ], [ -0.0234, 39.90197 ], [ -0.02098, 39.90303 ], [ -0.01798, 39.90372 ], [ -0.01745, 39.90399 ], [ -0.01619, 39.90515 ], [ -0.01298, 39.90667 ], [ -0.01208, 39.90769 ], [ -0.01048, 39.91009 ], [ -0.00929, 39.91068 ] ] ] } },
{ "type": "Feature", "properties": { "nom_mun": "Fanzara", "comarca": "El Alto Mijares", "area_ha": 3499.19, "ha_quemadas": 0.0 }, "geometry": { "type": "Polygon", "coordinates": [ [ [ -0.33627, 40.02238 ], [ -0.34038, 40.01451 ], [ -0.34358, 40.00907 ], [ -0.34497, 40.00733 ], [ -0.34622, 40.00467 ], [ -0.35095, 40.00069 ], [ -0.35126, 40.00022 ], [ -0.35263, 39.99893 ], [ -0.35041, 39.99121 ], [ -0.34972, 39.98966 ], [ -0.34131, 39.97986 ], [ -0.33856, 39.97935 ], [ -0.33485, 39.97916 ], [ -0.33239, 39.97873 ], [ -0.33042, 39.97812 ], [ -0.32973, 39.97617 ], [ -0.32846, 39.97342 ], [ -0.32715, 39.97215 ], [ -0.32637, 39.97165 ], [ -0.32337, 39.97032 ], [ -0.3218, 39.96987 ], [ -0.32081, 39.96977 ], [ -0.31913, 39.97055 ], [ -0.31584, 39.97242 ], [ -0.31288, 39.97535 ], [ -0.31159, 39.97563 ], [ -0.31124, 39.97652 ], [ -0.30995, 39.97698 ], [ -0.30886, 39.9782 ], [ -0.30833, 39.97848 ], [ -0.30693, 39.97842 ], [ -0.30608, 39.97877 ], [ -0.30439, 39.97971 ], [ -0.30172, 39.98164 ], [ -0.29969, 39.98322 ], [ -0.29837, 39.98467 ], [ -0.29683, 39.98677 ], [ -0.29498, 39.98999 ], [ -0.29378, 39.99173 ], [ -0.29169, 39.99396 ], [ -0.28739, 39.99729 ], [ -0.28331, 39.99975 ], [ -0.28131, 40.00186 ], [ -0.28435, 40.00995 ], [ -0.28546, 40.01451 ], [ -0.28697, 40.0193 ], [ -0.29113, 40.0227 ], [ -0.29241, 40.02574 ], [ -0.29384, 40.02861 ], [ -0.29747, 40.03472 ], [ -0.29837, 40.03749 ], [ -0.29878, 40.03982 ], [ -0.29508, 40.04478 ], [ -0.29269, 40.04731 ], [ -0.29365, 40.04969 ], [ -0.29364, 40.05333 ], [ -0.29401, 40.05501 ], [ -0.29427, 40.05542 ], [ -0.29515, 40.05564 ], [ -0.29633, 40.05619 ], [ -0.30033, 40.0584 ], [ -0.30485, 40.05863 ], [ -0.30647, 40.05913 ], [ -0.30909, 40.0614 ], [ -0.30961, 40.06216 ], [ -0.30995, 40.06281 ], [ -0.31019, 40.06581 ], [ -0.31244, 40.06518 ], [ -0.31302, 40.06488 ], [ -0.3196, 40.05987 ], [ -0.3281, 40.05372 ], [ -0.3223, 40.04594 ], [ -0.32257, 40.03546 ], [ -0.32309, 40.03272 ], [ -0.32418, 40.02981 ], [ -0.3347, 40.02353 ], [ -0.33627, 40.02238 ] ] ] } },
{ "type": "Feature", "properties": { "nom_mun": "la Llosa", "comarca": "la Plana Baixa", "area_ha": 997.93, "ha_quemadas": 0.0 }, "geometry": { "type": "Polygon", "coordinates": [ [ [ -0.2102, 39.78699 ], [ -0.21553, 39.78228 ], [ -0.21711, 39.78125 ], [ -0.21889, 39.78051 ], [ -0.2212, 39.78001 ], [ -0.22718, 39.77911 ], [ -0.2461, 39.7768 ], [ -0.2324, 39.77157 ], [ -0.22987, 39.77035 ], [ -0.2282, 39.76995 ], [ -0.2034, 39.75963 ], [ -0.19861, 39.75748 ], [ -0.19148, 39.75474 ], [ -0.1916, 39.75436 ], [ -0.18413, 39.75008 ], [ -0.18015, 39.74805 ], [ -0.17775, 39.74661 ], [ -0.17692, 39.74593 ], [ -0.17317, 39.74681 ], [ -0.17259, 39.74659 ], [ -0.17208, 39.74593 ], [ -0.16984, 39.75008 ], [ -0.1677, 39.75324 ], [ -0.17069, 39.75528 ], [ -0.19811, 39.77671 ], [ -0.2102, 39.78699 ] ] ] } },
{ "type": "Feature", "properties": { "nom_mun": "Moncofa", "comarca": "la Plana Baixa", "area_ha": 1434.75, "ha_quemadas": 0.0 }, "geometry": { "type": "Polygon", "coordinates": [ [ [ -0.18142, 39.79855 ], [ -0.17948, 39.79726 ], [ -0.16903, 39.78783 ], [ -0.15799, 39.77589 ], [ -0.15676, 39.77433 ], [ -0.153, 39.77066 ], [ -0.15187, 39.76992 ], [ -0.15012, 39.77362 ], [ -0.14945, 39.7745 ], [ -0.14891, 39.77445 ], [ -0.14914, 39.77483 ], [ -0.14806, 39.77708 ], [ -0.14753, 39.77777 ], [ -0.14712, 39.77766 ], [ -0.14723, 39.77785 ], [ -0.14648, 39.7785 ], [ -0.14602, 39.77849 ], [ -0.14613, 39.77828 ], [ -0.14602, 39.77827 ], [ -0.14526, 39.77947 ], [ -0.14512, 39.77973 ], [ -0.14528, 39.77977 ], [ -0.14527, 39.77995 ], [ -0.14486, 39.78079 ], [ -0.14398, 39.78199 ], [ -0.14406, 39.78233 ], [ -0.14362, 39.78336 ], [ -0.1434, 39.78371 ], [ -0.14309, 39.78386 ], [ -0.14312, 39.78439 ], [ -0.14218, 39.78616 ], [ -0.14133, 39.78692 ], [ -0.14139, 39.78714 ], [ -0.14071, 39.78795 ], [ -0.1402, 39.78829 ], [ -0.13994, 39.78821 ], [ -0.13951, 39.78837 ], [ -0.13877, 39.78809 ], [ -0.139, 39.78824 ], [ -0.1389, 39.7886 ], [ -0.13778, 39.78966 ], [ -0.13637, 39.78919 ], [ -0.13693, 39.78948 ], [ -0.13674, 39.79018 ], [ -0.13551, 39.79199 ], [ -0.13522, 39.79218 ], [ -0.13468, 39.79199 ], [ -0.13503, 39.79224 ], [ -0.13497, 39.79258 ], [ -0.13381, 39.79422 ], [ -0.13322, 39.79474 ], [ -0.13201, 39.79442 ], [ -0.13253, 39.79468 ], [ -0.13254, 39.79483 ], [ -0.13242, 39.79542 ], [ -0.13189, 39.7964 ], [ -0.13145, 39.7969 ], [ -0.13091, 39.79688 ], [ -0.13121, 39.79709 ], [ -0.13109, 39.79754 ], [ -0.13038, 39.79845 ], [ -0.13008, 39.79844 ], [ -0.13022, 39.79855 ], [ -0.13018, 39.79881 ], [ -0.12987, 39.79931 ], [ -0.12937, 39.79969 ], [ -0.12861, 39.79941 ], [ -0.12936, 39.79978 ], [ -0.12919, 39.80049 ], [ -0.12856, 39.8014 ], [ -0.1284, 39.80151 ], [ -0.12817, 39.80142 ], [ -0.12834, 39.80164 ], [ -0.12791, 39.80254 ], [ -0.12741, 39.80299 ], [ -0.127, 39.80292 ], [ -0.12724, 39.80306 ], [ -0.12726, 39.80326 ], [ -0.12693, 39.80405 ], [ -0.12658, 39.80432 ], [ -0.12612, 39.80415 ], [ -0.12655, 39.80441 ], [ -0.12655, 39.80476 ], [ -0.12623, 39.80539 ], [ -0.12586, 39.80569 ], [ -0.12534, 39.80554 ], [ -0.1257, 39.8058 ], [ -0.12536, 39.80664 ], [ -0.12478, 39.80707 ], [ -0.12407, 39.80679 ], [ -0.12457, 39.80704 ], [ -0.1246, 39.80728 ], [ -0.12377, 39.80896 ], [ -0.12617, 39.80968 ], [ -0.13052, 39.81158 ], [ -0.14031, 39.8165 ], [ -0.15371, 39.82096 ], [ -0.15455, 39.81975 ], [ -0.15948, 39.8154 ], [ -0.16101, 39.81387 ], [ -0.16162, 39.81364 ], [ -0.1624, 39.81289 ], [ -0.16307, 39.81188 ], [ -0.16416, 39.80949 ], [ -0.1709, 39.81328 ], [ -0.17212, 39.81359 ], [ -0.17247, 39.8123 ], [ -0.17442, 39.80975 ], [ -0.17601, 39.80704 ], [ -0.17683, 39.80608 ], [ -0.18077, 39.79921 ], [ -0.18142, 39.79855 ] ] ] } },
{ "type": "Feature", "properties": { "nom_mun": "Nules", "comarca": "la Plana Baixa", "area_ha": 4988.08, "ha_quemadas": 385.4 }, "geometry": { "type": "Polygon", "coordinates": [ [ [ -0.13783, 39.86659 ], [ -0.14303, 39.87198 ], [ -0.14347, 39.87208 ], [ -0.1433, 39.87259 ], [ -0.14342, 39.87356 ], [ -0.14453, 39.87574 ], [ -0.14545, 39.87688 ], [ -0.14675, 39.87788 ], [ -0.14757, 39.87883 ], [ -0.1489, 39.87962 ], [ -0.14994, 39.88115 ], [ -0.15156, 39.88209 ], [ -0.15562, 39.88318 ], [ -0.1591, 39.88446 ], [ -0.16109, 39.88605 ], [ -0.16201, 39.88633 ], [ -0.16331, 39.88778 ], [ -0.1643, 39.88814 ], [ -0.16516, 39.88885 ], [ -0.16667, 39.88936 ], [ -0.16748, 39.89065 ], [ -0.16814, 39.89136 ], [ -0.16877, 39.89299 ], [ -0.16915, 39.89327 ], [ -0.16949, 39.89383 ], [ -0.17005, 39.89539 ], [ -0.17028, 39.89534 ], [ -0.1706, 39.89586 ], [ -0.17484, 39.89567 ], [ -0.17944, 39.89502 ], [ -0.18374, 39.89507 ], [ -0.18752, 39.89558 ], [ -0.19356, 39.89546 ], [ -0.19723, 39.89889 ], [ -0.20265, 39.89287 ], [ -0.20427, 39.89146 ], [ -0.20846, 39.88836 ], [ -0.21125, 39.88547 ], [ -0.21641, 39.87932 ], [ -0.21932, 39.87624 ], [ -0.22897, 39.86712 ], [ -0.23598, 39.86102 ], [ -0.2305, 39.86112 ], [ -0.22926, 39.86105 ], [ -0.22762, 39.8606 ], [ -0.22673, 39.86064 ], [ -0.22307, 39.86242 ], [ -0.21884, 39.86182 ], [ -0.21599, 39.86074 ], [ -0.21573, 39.85799 ], [ -0.21521, 39.8565 ], [ -0.21461, 39.85601 ], [ -0.21354, 39.85534 ], [ -0.21264, 39.85521 ], [ -0.21086, 39.85505 ], [ -0.20945, 39.85542 ], [ -0.20697, 39.85501 ], [ -0.20564, 39.85338 ], [ -0.20507, 39.85295 ], [ -0.20193, 39.8513 ], [ -0.19568, 39.84731 ], [ -0.19208, 39.8449 ], [ -0.1905, 39.84353 ], [ -0.18325, 39.83853 ], [ -0.1805, 39.83687 ], [ -0.17809, 39.83494 ], [ -0.1761, 39.83401 ], [ -0.1724, 39.83194 ], [ -0.17433, 39.81684 ], [ -0.17129, 39.81605 ], [ -0.17212, 39.81359 ], [ -0.1709, 39.81328 ], [ -0.16416, 39.80949 ], [ -0.16307, 39.81188 ], [ -0.1624, 39.81289 ], [ -0.16162, 39.81364 ], [ -0.16101, 39.81387 ], [ -0.15948, 39.8154 ], [ -0.15455, 39.81975 ], [ -0.15371, 39.82096 ], [ -0.14031, 39.8165 ], [ -0.13052, 39.81158 ], [ -0.12617, 39.80968 ], [ -0.12377, 39.80896 ], [ -0.12185, 39.81272 ], [ -0.12145, 39.81386 ], [ -0.12053, 39.81498 ], [ -0.12007, 39.81491 ], [ -0.11991, 39.81516 ], [ -0.12012, 39.81528 ], [ -0.11946, 39.81634 ], [ -0.11841, 39.81729 ], [ -0.11765, 39.8172 ], [ -0.11704, 39.81688 ], [ -0.11743, 39.81716 ], [ -0.11737, 39.81741 ], [ -0.1163, 39.8187 ], [ -0.11595, 39.81889 ], [ -0.11553, 39.81874 ], [ -0.11598, 39.81902 ], [ -0.11557, 39.81981 ], [ -0.11456, 39.82071 ], [ -0.11382, 39.82037 ], [ -0.11402, 39.82055 ], [ -0.11399, 39.82077 ], [ -0.11353, 39.82155 ], [ -0.11305, 39.82198 ], [ -0.11286, 39.82204 ], [ -0.11236, 39.8218 ], [ -0.11293, 39.82222 ], [ -0.11228, 39.82333 ], [ -0.11152, 39.82386 ], [ -0.11076, 39.82348 ], [ -0.11134, 39.82389 ], [ -0.11119, 39.82432 ], [ -0.11038, 39.8254 ], [ -0.10997, 39.82569 ], [ -0.11009, 39.82587 ], [ -0.10998, 39.82621 ], [ -0.10921, 39.82727 ], [ -0.10864, 39.82769 ], [ -0.10798, 39.82742 ], [ -0.10847, 39.82773 ], [ -0.10845, 39.82801 ], [ -0.10765, 39.82906 ], [ -0.10712, 39.82947 ], [ -0.10668, 39.83021 ], [ -0.10569, 39.83091 ], [ -0.1055, 39.83094 ], [ -0.10523, 39.83062 ], [ -0.10539, 39.83099 ], [ -0.10461, 39.83044 ], [ -0.10498, 39.83086 ], [ -0.10411, 39.83205 ], [ -0.10341, 39.83258 ], [ -0.10282, 39.83228 ], [ -0.10326, 39.83261 ], [ -0.10297, 39.8332 ], [ -0.10219, 39.83385 ], [ -0.10173, 39.83365 ], [ -0.10202, 39.83387 ], [ -0.10199, 39.83406 ], [ -0.10147, 39.83485 ], [ -0.10122, 39.83502 ], [ -0.10098, 39.83494 ], [ -0.10136, 39.83527 ], [ -0.10088, 39.83612 ], [ -0.10027, 39.83672 ], [ -0.09982, 39.83661 ], [ -0.10029, 39.83682 ], [ -0.10027, 39.83717 ], [ -0.09961, 39.83802 ], [ -0.0998, 39.83817 ], [ -0.09978, 39.83839 ], [ -0.09892, 39.8398 ], [ -0.09867, 39.83983 ], [ -0.09883, 39.83996 ], [ -0.09868, 39.84033 ], [ -0.09766, 39.84195 ], [ -0.10979, 39.8489 ], [ -0.11726, 39.85337 ], [ -0.12407, 39.85675 ], [ -0.12544, 39.85797 ], [ -0.12555, 39.85842 ], [ -0.12578, 39.85843 ], [ -0.12864, 39.86051 ], [ -0.1291, 39.86188 ], [ -0.13226, 39.86431 ], [ -0.13355, 39.86483 ], [ -0.13575, 39.86512 ], [ -0.13676, 39.86565 ], [ -0.13789, 39.86651 ], [ -0.13783, 39.86659 ] ], [ [ -0.18888, 39.85047 ], [ -0.1924, 39.85154 ], [ -0.19592, 39.85179 ], [ -0.19667, 39.85201 ], [ -0.19659, 39.85248 ], [ -0.19701, 39.85281 ], [ -0.19704, 39.8531 ], [ -0.19624, 39.85503 ], [ -0.19607, 39.85727 ], [ -0.19621, 39.85784 ], [ -0.19748, 39.85954 ], [ -0.199, 39.86051 ], [ -0.20155, 39.86122 ], [ -0.20421, 39.86251 ], [ -0.20504, 39.86214 ], [ -0.20566, 39.86244 ], [ -0.20649, 39.86256 ], [ -0.20928, 39.86163 ], [ -0.21149, 39.86216 ], [ -0.21292, 39.86225 ], [ -0.21522, 39.86452 ], [ -0.21463, 39.86478 ], [ -0.2134, 39.86585 ], [ -0.21314, 39.86633 ], [ -0.21301, 39.86867 ], [ -0.21065, 39.87085 ], [ -0.20972, 39.87311 ], [ -0.20785, 39.87393 ], [ -0.20511, 39.87579 ], [ -0.20246, 39.8771 ], [ -0.20204, 39.87712 ], [ -0.20101, 39.87757 ], [ -0.19829, 39.87676 ], [ -0.1977, 39.8768 ], [ -0.19634, 39.87725 ], [ -0.19432, 39.87543 ], [ -0.19036, 39.87328 ], [ -0.18753, 39.87043 ], [ -0.18553, 39.86934 ], [ -0.18228, 39.86867 ], [ -0.18031, 39.86786 ], [ -0.17962, 39.86723 ], [ -0.17713, 39.86613 ], [ -0.17441, 39.86467 ], [ -0.17324, 39.86357 ], [ -0.17197, 39.86296 ], [ -0.17157, 39.86232 ], [ -0.17007, 39.86132 ], [ -0.16971, 39.86091 ], [ -0.17178, 39.86047 ], [ -0.17282, 39.85946 ], [ -0.17357, 39.85843 ], [ -0.17437, 39.85826 ], [ -0.1745, 39.85784 ], [ -0.17491, 39.85758 ], [ -0.17649, 39.85573 ], [ -0.17626, 39.85548 ], [ -0.17203, 39.85319 ], [ -0.17383, 39.85125 ], [ -0.17478, 39.85138 ], [ -0.17512, 39.85092 ], [ -0.17984, 39.85277 ], [ -0.18142, 39.85312 ], [ -0.18364, 39.85281 ], [ -0.1859, 39.85215 ], [ -0.18682, 39.85179 ], [ -0.18888, 39.85047 ] ] ] } },
{ "type": "Feature", "properties": { "nom_mun": "Soneja", "comarca": "El Alto Palancia", "area_ha": 2898.56, "ha_quemadas": 0.0 }, "geometry": { "type": "Polygon", "coordinates": [ [ [ -0.32964, 39.82352 ], [ -0.33112, 39.82391 ], [ -0.3327, 39.82383 ], [ -0.33419, 39.82354 ], [ -0.33906, 39.82212 ], [ -0.34248, 39.82156 ], [ -0.34813, 39.82226 ], [ -0.3563, 39.82369 ], [ -0.36401, 39.82189 ], [ -0.3765, 39.81788 ], [ -0.37724, 39.82002 ], [ -0.37812, 39.82452 ], [ -0.37853, 39.82784 ], [ -0.37869, 39.83175 ], [ -0.37903, 39.83221 ], [ -0.38305, 39.83506 ], [ -0.38737, 39.83848 ], [ -0.39059, 39.84323 ], [ -0.39156, 39.84519 ], [ -0.39318, 39.84762 ], [ -0.39401, 39.84924 ], [ -0.39657, 39.85215 ], [ -0.39744, 39.85301 ], [ -0.39785, 39.85321 ], [ -0.40032, 39.85031 ], [ -0.40135, 39.84888 ], [ -0.40466, 39.84828 ], [ -0.41537, 39.84181 ], [ -0.41694, 39.84044 ], [ -0.42224, 39.83649 ], [ -0.42255, 39.83588 ], [ -0.42438, 39.83349 ], [ -0.42865, 39.83001 ], [ -0.42877, 39.82982 ], [ -0.42577, 39.82112 ], [ -0.42771, 39.82169 ], [ -0.42851, 39.82177 ], [ -0.42958, 39.82161 ], [ -0.43058, 39.82125 ], [ -0.43266, 39.8212 ], [ -0.43453, 39.82078 ], [ -0.43543, 39.82077 ], [ -0.43778, 39.82038 ], [ -0.43803, 39.82044 ], [ -0.4388, 39.82161 ], [ -0.43924, 39.824 ], [ -0.44015, 39.82497 ], [ -0.44167, 39.82544 ], [ -0.44321, 39.82553 ], [ -0.4449, 39.82539 ], [ -0.44066, 39.81922 ], [ -0.43725, 39.81483 ], [ -0.43436, 39.81324 ], [ -0.42606, 39.80797 ], [ -0.42284, 39.81012 ], [ -0.41567, 39.81327 ], [ -0.41406, 39.81519 ], [ -0.41143, 39.815 ], [ -0.40949, 39.81588 ], [ -0.40751, 39.81494 ], [ -0.39831, 39.8151 ], [ -0.39527, 39.816 ], [ -0.39489, 39.81479 ], [ -0.39057, 39.81063 ], [ -0.38399, 39.80666 ], [ -0.37953, 39.80211 ], [ -0.37813, 39.80039 ], [ -0.37391, 39.80059 ], [ -0.367, 39.79992 ], [ -0.35693, 39.80008 ], [ -0.34985, 39.8015 ], [ -0.33926, 39.79973 ], [ -0.33432, 39.80104 ], [ -0.32873, 39.80143 ], [ -0.32438, 39.80111 ], [ -0.31603, 39.79983 ], [ -0.31277, 39.80911 ], [ -0.31046, 39.81402 ], [ -0.31347, 39.82274 ], [ -0.31562, 39.82291 ], [ -0.31918, 39.82375 ], [ -0.32046, 39.82366 ], [ -0.32382, 39.82386 ], [ -0.32655, 39.82455 ], [ -0.32742, 39.82441 ], [ -0.32964, 39.82352 ] ] ] } },
{ "type": "Feature", "properties": { "nom_mun": "Sot de Ferrer", "comarca": "El Alto Palancia", "area_ha": 863.52, "ha_quemadas": 0.0 }, "geometry": { "type": "Polygon", "coordinates": [ [ [ -0.37813, 39.80039 ], [ -0.37953, 39.80211 ], [ -0.38399, 39.80666 ], [ -0.39057, 39.81063 ], [ -0.39489, 39.81479 ], [ -0.39527, 39.816 ], [ -0.39831, 39.8151 ], [ -0.40751, 39.81494 ], [ -0.40949, 39.81588 ], [ -0.41143, 39.815 ], [ -0.41406, 39.81519 ], [ -0.41567, 39.81327 ], [ -0.42284, 39.81012 ], [ -0.42606, 39.80797 ], [ -0.42394, 39.80342 ], [ -0.42251, 39.8012 ], [ -0.42181, 39.80048 ], [ -0.41853, 39.79902 ], [ -0.41505, 39.79608 ], [ -0.41151, 39.79346 ], [ -0.40861, 39.79174 ], [ -0.40773, 39.79074 ], [ -0.40622, 39.79008 ], [ -0.40519, 39.78887 ], [ -0.40378, 39.78861 ], [ -0.4033, 39.78883 ], [ -0.4024, 39.78963 ], [ -0.39911, 39.78846 ], [ -0.39745, 39.78744 ], [ -0.39581, 39.78677 ], [ -0.39455, 39.78655 ], [ -0.39447, 39.78623 ], [ -0.395, 39.78558 ], [ -0.39487, 39.7845 ], [ -0.39408, 39.78323 ], [ -0.39447, 39.7818 ], [ -0.3942, 39.7808 ], [ -0.39376, 39.78015 ], [ -0.39335, 39.77992 ], [ -0.3918, 39.77989 ], [ -0.38986, 39.78801 ], [ -0.38938, 39.7892 ], [ -0.38881, 39.79008 ], [ -0.38788, 39.79108 ], [ -0.38276, 39.79419 ], [ -0.37813, 39.80039 ] ] ] } },
{ "type": "Feature", "properties": { "nom_mun": "Suera", "comarca": "la Plana Baixa", "area_ha": 2222.91, "ha_quemadas": 0.0 }, "geometry": { "type": "Polygon", "coordinates": [ [ [ -0.34131, 39.97986 ], [ -0.34501, 39.9784 ], [ -0.34622, 39.97687 ], [ -0.34811, 39.97534 ], [ -0.34921, 39.97619 ], [ -0.35027, 39.97801 ], [ -0.35224, 39.97863 ], [ -0.35418, 39.97968 ], [ -0.35667, 39.98135 ], [ -0.35729, 39.97977 ], [ -0.35861, 39.9793 ], [ -0.35947, 39.97705 ], [ -0.36038, 39.97562 ], [ -0.36146, 39.97433 ], [ -0.36531, 39.97359 ], [ -0.36697, 39.97186 ], [ -0.36723, 39.97131 ], [ -0.36792, 39.96843 ], [ -0.36799, 39.96731 ], [ -0.36817, 39.96681 ], [ -0.36888, 39.96602 ], [ -0.36897, 39.96563 ], [ -0.36851, 39.96386 ], [ -0.37133, 39.96156 ], [ -0.37205, 39.95927 ], [ -0.37282, 39.95883 ], [ -0.37345, 39.95866 ], [ -0.37432, 39.9572 ], [ -0.3738, 39.95564 ], [ -0.37509, 39.95343 ], [ -0.37967, 39.95279 ], [ -0.38085, 39.95102 ], [ -0.38132, 39.94965 ], [ -0.38326, 39.94717 ], [ -0.38404, 39.94665 ], [ -0.38338, 39.94549 ], [ -0.38395, 39.94498 ], [ -0.38442, 39.94365 ], [ -0.38627, 39.9421 ], [ -0.38679, 39.942 ], [ -0.38841, 39.94243 ], [ -0.38893, 39.9427 ], [ -0.38907, 39.94325 ], [ -0.39009, 39.94326 ], [ -0.39078, 39.94281 ], [ -0.39168, 39.9429 ], [ -0.39208, 39.94267 ], [ -0.39299, 39.94057 ], [ -0.39404, 39.93953 ], [ -0.39561, 39.93753 ], [ -0.39578, 39.93678 ], [ -0.39557, 39.93575 ], [ -0.39154, 39.93361 ], [ -0.3894, 39.93102 ], [ -0.38814, 39.93072 ], [ -0.38673, 39.93083 ], [ -0.38553, 39.9307 ], [ -0.38174, 39.92773 ], [ -0.38077, 39.92823 ], [ -0.38011, 39.92838 ], [ -0.37218, 39.92938 ], [ -0.37075, 39.93024 ], [ -0.36918, 39.93195 ], [ -0.36611, 39.9322 ], [ -0.36456, 39.93319 ], [ -0.3626, 39.93254 ], [ -0.36048, 39.93207 ], [ -0.35957, 39.93217 ], [ -0.35836, 39.93292 ], [ -0.35505, 39.93261 ], [ -0.35326, 39.93227 ], [ -0.3505, 39.93343 ], [ -0.34756, 39.93513 ], [ -0.34539, 39.93543 ], [ -0.34376, 39.93646 ], [ -0.34339, 39.93727 ], [ -0.34304, 39.93898 ], [ -0.34099, 39.941 ], [ -0.33922, 39.94186 ], [ -0.33883, 39.94223 ], [ -0.33823, 39.9437 ], [ -0.33715, 39.94438 ], [ -0.33301, 39.94492 ], [ -0.32683, 39.94483 ], [ -0.32645, 39.94498 ], [ -0.31725, 39.95458 ], [ -0.32081, 39.96977 ], [ -0.3218, 39.96987 ], [ -0.32337, 39.97032 ], [ -0.32498, 39.97095 ], [ -0.32715, 39.97215 ], [ -0.32846, 39.97342 ], [ -0.32973, 39.97617 ], [ -0.33042, 39.97812 ], [ -0.33239, 39.97873 ], [ -0.33485, 39.97916 ], [ -0.33856, 39.97935 ], [ -0.34131, 39.97986 ] ] ] } },
{ "type": "Feature", "properties": { "nom_mun": "Toga", "comarca": "El Alto Mijares", "area_ha": 1353.01, "ha_quemadas": 0.0 }, "geometry": { "type": "Polygon", "coordinates": [ [ [ -0.3424, 40.04412 ], [ -0.34291, 40.04406 ], [ -0.34415, 40.04302 ], [ -0.34489, 40.04282 ], [ -0.34675, 40.04305 ], [ -0.3495, 40.04256 ], [ -0.35191, 40.04236 ], [ -0.35248, 40.04249 ], [ -0.35512, 40.04423 ], [ -0.35562, 40.0466 ], [ -0.35588, 40.04699 ], [ -0.36209, 40.0492 ], [ -0.36269, 40.05062 ], [ -0.36323, 40.0526 ], [ -0.36665, 40.0546 ], [ -0.36766, 40.05536 ], [ -0.36662, 40.05989 ], [ -0.36327, 40.064 ], [ -0.36285, 40.0654 ], [ -0.3631, 40.06746 ], [ -0.36326, 40.06777 ], [ -0.36878, 40.0734 ], [ -0.3678, 40.07449 ], [ -0.3778, 40.07828 ], [ -0.38053, 40.07894 ], [ -0.38208, 40.07962 ], [ -0.38397, 40.07907 ], [ -0.38832, 40.07818 ], [ -0.38926, 40.07812 ], [ -0.39102, 40.07837 ], [ -0.39149, 40.07828 ], [ -0.39203, 40.07793 ], [ -0.39247, 40.0773 ], [ -0.393, 40.07687 ], [ -0.39388, 40.07657 ], [ -0.39712, 40.07637 ], [ -0.39697, 40.07017 ], [ -0.39463, 40.06886 ], [ -0.39445, 40.06831 ], [ -0.39297, 40.06618 ], [ -0.39226, 40.06486 ], [ -0.39184, 40.06447 ], [ -0.38786, 40.06285 ], [ -0.38729, 40.06222 ], [ -0.38645, 40.06083 ], [ -0.3848, 40.05735 ], [ -0.38457, 40.05482 ], [ -0.38481, 40.04797 ], [ -0.38573, 40.04599 ], [ -0.38764, 40.04286 ], [ -0.38874, 40.04031 ], [ -0.39396, 40.03569 ], [ -0.39588, 40.03254 ], [ -0.39872, 40.03028 ], [ -0.39831, 40.0294 ], [ -0.39664, 40.02693 ], [ -0.39307, 40.02771 ], [ -0.39051, 40.0276 ], [ -0.38975, 40.02831 ], [ -0.38777, 40.02849 ], [ -0.38431, 40.0295 ], [ -0.38335, 40.02943 ], [ -0.37864, 40.02837 ], [ -0.37649, 40.02838 ], [ -0.37492, 40.02858 ], [ -0.36962, 40.02949 ], [ -0.36864, 40.0298 ], [ -0.36612, 40.03104 ], [ -0.36024, 40.03226 ], [ -0.35933, 40.03299 ], [ -0.359, 40.03362 ], [ -0.35852, 40.03501 ], [ -0.35827, 40.03644 ], [ -0.3581, 40.03662 ], [ -0.35291, 40.03898 ], [ -0.34704, 40.03881 ], [ -0.34561, 40.03831 ], [ -0.34315, 40.04038 ], [ -0.3428, 40.0429 ], [ -0.3424, 40.04412 ] ] ] } },
{ "type": "Feature", "properties": { "nom_mun": "Torralba del Pinar", "comarca": "El Alto Mijares", "area_ha": 2120.06, "ha_quemadas": 0.0 }, "geometry": { "type": "Polygon", "coordinates": [ [ [ -0.48045, 39.99246 ], [ -0.47856, 39.99156 ], [ -0.473, 39.99006 ], [ -0.46989, 39.9887 ], [ -0.4686, 39.98337 ], [ -0.46647, 39.9805 ], [ -0.45998, 39.97571 ], [ -0.45473, 39.97145 ], [ -0.45229, 39.96904 ], [ -0.45189, 39.96902 ], [ -0.45167, 39.96921 ], [ -0.45083, 39.96938 ], [ -0.44557, 39.96967 ], [ -0.44028, 39.97091 ], [ -0.43602, 39.97583 ], [ -0.43095, 39.97346 ], [ -0.42867, 39.97261 ], [ -0.42792, 39.97333 ], [ -0.42329, 39.97571 ], [ -0.4222, 39.97601 ], [ -0.42044, 39.97887 ], [ -0.42037, 39.9799 ], [ -0.41875, 39.98128 ], [ -0.41736, 39.98323 ], [ -0.41738, 39.98431 ], [ -0.41601, 39.98762 ], [ -0.41908, 39.99165 ], [ -0.41997, 39.99335 ], [ -0.42194, 40.00012 ], [ -0.42248, 40.00431 ], [ -0.42276, 40.00491 ], [ -0.42347, 40.00527 ], [ -0.42645, 40.00572 ], [ -0.42723, 40.00602 ], [ -0.42809, 40.00659 ], [ -0.43031, 40.00853 ], [ -0.4328, 40.01032 ], [ -0.44508, 40.01387 ], [ -0.44674, 40.0159 ], [ -0.44715, 40.01661 ], [ -0.44903, 40.02141 ], [ -0.44949, 40.02421 ], [ -0.44763, 40.03081 ], [ -0.45129, 40.0284 ], [ -0.45557, 40.02353 ], [ -0.45686, 40.0212 ], [ -0.45757, 40.02032 ], [ -0.46557, 40.01203 ], [ -0.46635, 40.00917 ], [ -0.46731, 40.00774 ], [ -0.468, 40.00745 ], [ -0.47382, 40.00717 ], [ -0.47517, 40.00667 ], [ -0.47848, 40.00733 ], [ -0.4822, 40.00899 ], [ -0.48405, 40.00902 ], [ -0.48751, 40.00759 ], [ -0.48858, 40.00543 ], [ -0.48605, 40.00141 ], [ -0.48566, 40.00014 ], [ -0.48582, 39.99889 ], [ -0.48558, 39.9987 ], [ -0.48279, 39.998 ], [ -0.48158, 39.99667 ], [ -0.48018, 39.99552 ], [ -0.48074, 39.99391 ], [ -0.48073, 39.99324 ], [ -0.48045, 39.99246 ] ] ] } },
{ "type": "Feature", "properties": { "nom_mun": "Torrechiva", "comarca": "El Alto Mijares", "area_ha": 1185.22, "ha_quemadas": 0.0 }, "geometry": { "type": "Polygon", "coordinates": [ [ [ -0.39712, 40.07637 ], [ -0.3999, 40.07583 ], [ -0.40347, 40.07469 ], [ -0.40501, 40.07314 ], [ -0.40583, 40.0722 ], [ -0.41385, 40.06046 ], [ -0.41502, 40.05827 ], [ -0.41816, 40.05156 ], [ -0.42326, 40.04711 ], [ -0.42888, 40.04386 ], [ -0.43066, 40.04144 ], [ -0.43226, 40.03887 ], [ -0.42786, 40.03894 ], [ -0.42673, 40.03876 ], [ -0.4217, 40.03724 ], [ -0.42059, 40.03639 ], [ -0.41758, 40.03472 ], [ -0.41639, 40.03389 ], [ -0.41627, 40.03256 ], [ -0.41406, 40.03057 ], [ -0.41115, 40.02947 ], [ -0.40735, 40.02565 ], [ -0.39972, 40.02823 ], [ -0.39872, 40.03028 ], [ -0.39588, 40.03254 ], [ -0.39396, 40.03569 ], [ -0.38874, 40.04031 ], [ -0.38764, 40.04286 ], [ -0.38573, 40.04599 ], [ -0.38481, 40.04797 ], [ -0.38457, 40.05482 ], [ -0.3848, 40.05735 ], [ -0.38517, 40.05826 ], [ -0.38645, 40.06083 ], [ -0.38729, 40.06222 ], [ -0.38786, 40.06285 ], [ -0.39184, 40.06447 ], [ -0.39226, 40.06486 ], [ -0.39297, 40.06618 ], [ -0.39445, 40.06831 ], [ -0.39463, 40.06886 ], [ -0.39697, 40.07017 ], [ -0.39712, 40.07637 ] ] ] } },
{ "type": "Feature", "properties": { "nom_mun": "Vall de Almonacid", "comarca": "El Alto Palancia", "area_ha": 2112.78, "ha_quemadas": 0.0 }, "geometry": { "type": "Polygon", "coordinates": [ [ [ -0.46941, 39.92372 ], [ -0.47229, 39.92039 ], [ -0.47312, 39.91886 ], [ -0.47658, 39.91556 ], [ -0.47792, 39.91492 ], [ -0.48238, 39.91336 ], [ -0.49434, 39.90365 ], [ -0.49728, 39.90151 ], [ -0.50053, 39.89828 ], [ -0.50201, 39.89713 ], [ -0.50242, 39.89702 ], [ -0.50205, 39.89679 ], [ -0.49888, 39.89679 ], [ -0.49537, 39.8964 ], [ -0.48695, 39.88909 ], [ -0.48625, 39.88686 ], [ -0.48209, 39.88334 ], [ -0.47729, 39.87872 ], [ -0.47631, 39.87909 ], [ -0.47553, 39.8792 ], [ -0.47217, 39.87919 ], [ -0.4658, 39.87947 ], [ -0.4621, 39.87934 ], [ -0.45977, 39.87907 ], [ -0.45384, 39.88068 ], [ -0.44417, 39.88102 ], [ -0.43401, 39.88524 ], [ -0.42953, 39.886 ], [ -0.42266, 39.88763 ], [ -0.41472, 39.89025 ], [ -0.41111, 39.89166 ], [ -0.41065, 39.89414 ], [ -0.40953, 39.89843 ], [ -0.41479, 39.89956 ], [ -0.41833, 39.90085 ], [ -0.41925, 39.90592 ], [ -0.43398, 39.90239 ], [ -0.44102, 39.9043 ], [ -0.44396, 39.90613 ], [ -0.44515, 39.90716 ], [ -0.44681, 39.90748 ], [ -0.44902, 39.9091 ], [ -0.45034, 39.91295 ], [ -0.45281, 39.91404 ], [ -0.45377, 39.91766 ], [ -0.45697, 39.91976 ], [ -0.46941, 39.92372 ] ] ] } },
{ "type": "Feature", "properties": { "nom_mun": "Villamalur", "comarca": "El Alto Mijares", "area_ha": 1948.27, "ha_quemadas": 0.0 }, "geometry": { "type": "Polygon", "coordinates": [ [ [ -0.45189, 39.96902 ], [ -0.44878, 39.96784 ], [ -0.4492, 39.96563 ], [ -0.44754, 39.96181 ], [ -0.44617, 39.96143 ], [ -0.4399, 39.95535 ], [ -0.43855, 39.95491 ], [ -0.43249, 39.95236 ], [ -0.4257, 39.94785 ], [ -0.4182, 39.9439 ], [ -0.41456, 39.94151 ], [ -0.41137, 39.93864 ], [ -0.40601, 39.9378 ], [ -0.40083, 39.9343 ], [ -0.39557, 39.93575 ], [ -0.39578, 39.93678 ], [ -0.39561, 39.93753 ], [ -0.39404, 39.93953 ], [ -0.39299, 39.94057 ], [ -0.39228, 39.94234 ], [ -0.39208, 39.94267 ], [ -0.39168, 39.9429 ], [ -0.39078, 39.94281 ], [ -0.39009, 39.94326 ], [ -0.38907, 39.94325 ], [ -0.38893, 39.9427 ], [ -0.38841, 39.94243 ], [ -0.38679, 39.942 ], [ -0.38627, 39.9421 ], [ -0.38442, 39.94365 ], [ -0.38395, 39.94498 ], [ -0.38338, 39.94549 ], [ -0.38404, 39.94665 ], [ -0.38326, 39.94717 ], [ -0.38132, 39.94965 ], [ -0.38085, 39.95102 ], [ -0.37967, 39.95279 ], [ -0.37509, 39.95343 ], [ -0.3738, 39.95564 ], [ -0.37432, 39.9572 ], [ -0.37345, 39.95866 ], [ -0.37282, 39.95883 ], [ -0.37205, 39.95927 ], [ -0.37133, 39.96156 ], [ -0.36851, 39.96386 ], [ -0.36897, 39.96563 ], [ -0.36888, 39.96602 ], [ -0.36817, 39.96681 ], [ -0.36799, 39.96731 ], [ -0.36792, 39.96843 ], [ -0.36723, 39.97131 ], [ -0.37563, 39.97129 ], [ -0.38252, 39.97106 ], [ -0.38746, 39.97446 ], [ -0.38975, 39.97627 ], [ -0.39056, 39.97661 ], [ -0.40443, 39.97424 ], [ -0.41008, 39.96996 ], [ -0.41102, 39.96908 ], [ -0.41328, 39.97031 ], [ -0.41507, 39.97161 ], [ -0.41748, 39.97144 ], [ -0.41784, 39.97158 ], [ -0.41709, 39.97207 ], [ -0.41714, 39.97245 ], [ -0.41778, 39.97312 ], [ -0.42191, 39.97506 ], [ -0.42134, 39.9761 ], [ -0.42142, 39.97617 ], [ -0.42329, 39.97571 ], [ -0.42792, 39.97333 ], [ -0.42867, 39.97261 ], [ -0.43095, 39.97346 ], [ -0.43602, 39.97583 ], [ -0.44028, 39.97091 ], [ -0.4443, 39.96988 ], [ -0.44557, 39.96967 ], [ -0.45083, 39.96938 ], [ -0.45167, 39.96921 ], [ -0.45189, 39.96902 ] ] ] } },
{ "type": "Feature", "properties": { "nom_mun": "Alfara de la Baronia", "comarca": "el Camp de Morvedre", "area_ha": 1171.53, "ha_quemadas": 0.0 }, "geometry": { "type": "Polygon", "coordinates": [ [ [ -0.32855, 39.79746 ], [ -0.33015, 39.79725 ], [ -0.33133, 39.79565 ], [ -0.34212, 39.78795 ], [ -0.34331, 39.78572 ], [ -0.34804, 39.77851 ], [ -0.35531, 39.77316 ], [ -0.3557, 39.77251 ], [ -0.35583, 39.7719 ], [ -0.35513, 39.77041 ], [ -0.35506, 39.76972 ], [ -0.35765, 39.76685 ], [ -0.35857, 39.76608 ], [ -0.35966, 39.76573 ], [ -0.36055, 39.76568 ], [ -0.36086, 39.76586 ], [ -0.361, 39.76641 ], [ -0.3615, 39.7669 ], [ -0.36449, 39.76692 ], [ -0.36605, 39.76721 ], [ -0.36741, 39.76714 ], [ -0.36773, 39.76751 ], [ -0.36718, 39.76927 ], [ -0.36728, 39.76979 ], [ -0.36773, 39.77014 ], [ -0.36826, 39.77021 ], [ -0.36942, 39.77007 ], [ -0.37031, 39.7709 ], [ -0.37107, 39.77103 ], [ -0.37181, 39.7709 ], [ -0.37313, 39.77022 ], [ -0.37475, 39.76919 ], [ -0.37765, 39.76768 ], [ -0.37879, 39.76683 ], [ -0.37965, 39.76697 ], [ -0.38094, 39.76891 ], [ -0.38207, 39.76962 ], [ -0.38398, 39.76904 ], [ -0.38539, 39.76896 ], [ -0.38694, 39.76918 ], [ -0.38898, 39.7687 ], [ -0.38786, 39.76707 ], [ -0.38772, 39.76659 ], [ -0.38485, 39.76434 ], [ -0.38438, 39.76375 ], [ -0.38454, 39.76075 ], [ -0.38431, 39.75934 ], [ -0.38376, 39.75827 ], [ -0.38263, 39.7572 ], [ -0.38007, 39.75764 ], [ -0.37704, 39.75842 ], [ -0.37237, 39.75858 ], [ -0.37066, 39.75845 ], [ -0.36512, 39.75714 ], [ -0.36157, 39.75943 ], [ -0.3599, 39.75871 ], [ -0.35908, 39.75708 ], [ -0.36012, 39.75631 ], [ -0.35918, 39.75524 ], [ -0.35824, 39.75539 ], [ -0.35692, 39.75499 ], [ -0.35608, 39.75557 ], [ -0.35527, 39.75553 ], [ -0.35419, 39.75449 ], [ -0.35283, 39.75213 ], [ -0.35281, 39.75179 ], [ -0.35257, 39.75158 ], [ -0.35154, 39.75173 ], [ -0.34767, 39.75162 ], [ -0.34624, 39.75121 ], [ -0.34471, 39.75327 ], [ -0.34392, 39.75484 ], [ -0.3423, 39.75662 ], [ -0.33084, 39.76654 ], [ -0.32646, 39.77091 ], [ -0.32291, 39.77489 ], [ -0.32127, 39.77623 ], [ -0.32021, 39.77834 ], [ -0.31998, 39.7795 ], [ -0.31882, 39.78112 ], [ -0.31828, 39.78383 ], [ -0.31824, 39.78489 ], [ -0.3188, 39.78527 ], [ -0.31913, 39.78574 ], [ -0.31903, 39.78683 ], [ -0.31951, 39.78865 ], [ -0.32023, 39.78874 ], [ -0.32099, 39.78848 ], [ -0.32227, 39.7884 ], [ -0.32389, 39.7889 ], [ -0.32441, 39.78931 ], [ -0.32561, 39.79094 ], [ -0.32723, 39.79218 ], [ -0.32751, 39.79259 ], [ -0.32817, 39.79471 ], [ -0.32796, 39.79605 ], [ -0.32855, 39.79746 ] ] ] } },
{ "type": "Feature", "properties": { "nom_mun": "Algar de Palància", "comarca": "el Camp de Morvedre", "area_ha": 1328.97, "ha_quemadas": 0.0 }, "geometry": { "type": "Polygon", "coordinates": [ [ [ -0.32873, 39.80143 ], [ -0.33432, 39.80104 ], [ -0.33926, 39.79973 ], [ -0.34985, 39.8015 ], [ -0.35693, 39.80008 ], [ -0.367, 39.79992 ], [ -0.37391, 39.80059 ], [ -0.37813, 39.80039 ], [ -0.38276, 39.79419 ], [ -0.38788, 39.79108 ], [ -0.38881, 39.79008 ], [ -0.38938, 39.7892 ], [ -0.38986, 39.78801 ], [ -0.3918, 39.77989 ], [ -0.38586, 39.77644 ], [ -0.38556, 39.77295 ], [ -0.38694, 39.76918 ], [ -0.38477, 39.76895 ], [ -0.38398, 39.76904 ], [ -0.38207, 39.76962 ], [ -0.38094, 39.76891 ], [ -0.37965, 39.76697 ], [ -0.37879, 39.76683 ], [ -0.37649, 39.76838 ], [ -0.37475, 39.76919 ], [ -0.37181, 39.7709 ], [ -0.37068, 39.77099 ], [ -0.37012, 39.77076 ], [ -0.36942, 39.77007 ], [ -0.36826, 39.77021 ], [ -0.36773, 39.77014 ], [ -0.36728, 39.76979 ], [ -0.36718, 39.76927 ], [ -0.36773, 39.76751 ], [ -0.36741, 39.76714 ], [ -0.36605, 39.76721 ], [ -0.36449, 39.76692 ], [ -0.3615, 39.7669 ], [ -0.361, 39.76641 ], [ -0.36086, 39.76586 ], [ -0.36055, 39.76568 ], [ -0.35966, 39.76573 ], [ -0.35857, 39.76608 ], [ -0.35765, 39.76685 ], [ -0.35506, 39.76972 ], [ -0.35513, 39.77041 ], [ -0.35583, 39.7719 ], [ -0.3557, 39.77251 ], [ -0.35531, 39.77316 ], [ -0.34804, 39.77851 ], [ -0.34331, 39.78572 ], [ -0.34212, 39.78795 ], [ -0.33133, 39.79565 ], [ -0.33015, 39.79725 ], [ -0.32855, 39.79746 ], [ -0.32791, 39.79867 ], [ -0.32873, 39.80143 ] ] ] } },
{ "type": "Feature", "properties": { "nom_mun": "Quart de les Valls", "comarca": "el Camp de Morvedre", "area_ha": 843.16, "ha_quemadas": 0.0 }, "geometry": { "type": "Polygon", "coordinates": [ [ [ -0.26482, 39.73478 ], [ -0.26444, 39.73494 ], [ -0.26733, 39.73572 ], [ -0.26708, 39.73605 ], [ -0.26696, 39.73705 ], [ -0.26716, 39.73745 ], [ -0.26682, 39.73806 ], [ -0.26838, 39.74133 ], [ -0.268, 39.74177 ], [ -0.26848, 39.74198 ], [ -0.26837, 39.74275 ], [ -0.26884, 39.74365 ], [ -0.26922, 39.74405 ], [ -0.27062, 39.74489 ], [ -0.27135, 39.74508 ], [ -0.27122, 39.74677 ], [ -0.27137, 39.74839 ], [ -0.27119, 39.75045 ], [ -0.27156, 39.75052 ], [ -0.27195, 39.75101 ], [ -0.27349, 39.75472 ], [ -0.27409, 39.7554 ], [ -0.27631, 39.75561 ], [ -0.27781, 39.75612 ], [ -0.27857, 39.75622 ], [ -0.28106, 39.75538 ], [ -0.28213, 39.75539 ], [ -0.28397, 39.75674 ], [ -0.28539, 39.75717 ], [ -0.2896, 39.75786 ], [ -0.29094, 39.75896 ], [ -0.29378, 39.75984 ], [ -0.29506, 39.75917 ], [ -0.29608, 39.759 ], [ -0.29683, 39.75859 ], [ -0.29719, 39.75795 ], [ -0.29788, 39.75739 ], [ -0.29809, 39.7567 ], [ -0.29836, 39.7565 ], [ -0.30099, 39.756 ], [ -0.30239, 39.75481 ], [ -0.30384, 39.75396 ], [ -0.30633, 39.75345 ], [ -0.30896, 39.7539 ], [ -0.31042, 39.75245 ], [ -0.31065, 39.75153 ], [ -0.31036, 39.75011 ], [ -0.31095, 39.74822 ], [ -0.30664, 39.74166 ], [ -0.30082, 39.73469 ], [ -0.30118, 39.73356 ], [ -0.29668, 39.73053 ], [ -0.2882, 39.73073 ], [ -0.2846, 39.73213 ], [ -0.28055, 39.73395 ], [ -0.27879, 39.73439 ], [ -0.2721, 39.73448 ], [ -0.26893, 39.73421 ], [ -0.26837, 39.73463 ], [ -0.2679, 39.73472 ], [ -0.26482, 39.73478 ] ] ] } },
{ "type": "Feature", "properties": { "nom_mun": "Sagunt", "comarca": "el Camp de Morvedre", "area_ha": 13405.81, "ha_quemadas": 0.0 }, "geometry": { "type": "MultiPolygon", "coordinates": [ [ [ [ -0.32873, 39.80143 ], [ -0.32791, 39.79867 ], [ -0.32855, 39.79746 ], [ -0.32796, 39.79605 ], [ -0.32817, 39.79471 ], [ -0.32751, 39.79259 ], [ -0.32723, 39.79218 ], [ -0.32561, 39.79094 ], [ -0.32441, 39.78931 ], [ -0.32389, 39.7889 ], [ -0.32227, 39.7884 ], [ -0.32099, 39.78848 ], [ -0.32023, 39.78874 ], [ -0.31951, 39.78865 ], [ -0.31903, 39.78683 ], [ -0.31913, 39.78574 ], [ -0.3188, 39.78527 ], [ -0.31824, 39.78489 ], [ -0.31828, 39.78383 ], [ -0.31882, 39.78112 ], [ -0.31998, 39.7795 ], [ -0.32021, 39.77834 ], [ -0.32127, 39.77623 ], [ -0.32291, 39.77489 ], [ -0.32646, 39.77091 ], [ -0.33084, 39.76654 ], [ -0.3423, 39.75662 ], [ -0.34392, 39.75484 ], [ -0.34471, 39.75327 ], [ -0.34601, 39.75143 ], [ -0.34817, 39.74978 ], [ -0.34843, 39.7488 ], [ -0.34838, 39.74843 ], [ -0.3474, 39.74707 ], [ -0.34673, 39.74649 ], [ -0.34528, 39.74566 ], [ -0.34281, 39.74508 ], [ -0.34159, 39.74534 ], [ -0.34029, 39.74595 ], [ -0.33748, 39.74632 ], [ -0.33562, 39.74529 ], [ -0.33533, 39.74442 ], [ -0.33593, 39.74228 ], [ -0.33612, 39.74079 ], [ -0.3358, 39.73953 ], [ -0.33539, 39.73879 ], [ -0.33479, 39.73841 ], [ -0.33277, 39.73894 ], [ -0.33164, 39.73884 ], [ -0.33048, 39.73853 ], [ -0.33039, 39.73813 ], [ -0.33054, 39.73739 ], [ -0.33065, 39.73369 ], [ -0.3309, 39.732 ], [ -0.33156, 39.72956 ], [ -0.32877, 39.72843 ], [ -0.3236, 39.72044 ], [ -0.32313, 39.72023 ], [ -0.32374, 39.71801 ], [ -0.3206, 39.71732 ], [ -0.31113, 39.70804 ], [ -0.31618, 39.70066 ], [ -0.32385, 39.69785 ], [ -0.32843, 39.69648 ], [ -0.32716, 39.69537 ], [ -0.32688, 39.69494 ], [ -0.32655, 39.69308 ], [ -0.32572, 39.69163 ], [ -0.32527, 39.69106 ], [ -0.32435, 39.69045 ], [ -0.32459, 39.69156 ], [ -0.32533, 39.69194 ], [ -0.32559, 39.69244 ], [ -0.3244, 39.69237 ], [ -0.32191, 39.69169 ], [ -0.32052, 39.69109 ], [ -0.31734, 39.69129 ], [ -0.3129, 39.68891 ], [ -0.31041, 39.68783 ], [ -0.30804, 39.68735 ], [ -0.30723, 39.68665 ], [ -0.3034, 39.68559 ], [ -0.3015, 39.68477 ], [ -0.30053, 39.68366 ], [ -0.29927, 39.68099 ], [ -0.29954, 39.68091 ], [ -0.29849, 39.67896 ], [ -0.29864, 39.67792 ], [ -0.29872, 39.67765 ], [ -0.29993, 39.67792 ], [ -0.30723, 39.67854 ], [ -0.31085, 39.67803 ], [ -0.312, 39.67822 ], [ -0.31253, 39.67675 ], [ -0.31261, 39.67571 ], [ -0.31318, 39.67474 ], [ -0.31841, 39.67257 ], [ -0.31779, 39.66937 ], [ -0.31702, 39.66725 ], [ -0.31921, 39.66458 ], [ -0.3211, 39.6626 ], [ -0.32225, 39.66201 ], [ -0.3249, 39.66141 ], [ -0.32628, 39.6605 ], [ -0.32648, 39.65779 ], [ -0.32632, 39.6574 ], [ -0.32396, 39.65442 ], [ -0.32514, 39.65215 ], [ -0.32546, 39.65181 ], [ -0.33032, 39.64951 ], [ -0.33199, 39.65127 ], [ -0.34468, 39.65493 ], [ -0.35419, 39.65801 ], [ -0.35796, 39.6594 ], [ -0.35696, 39.66368 ], [ -0.35854, 39.66442 ], [ -0.35955, 39.66534 ], [ -0.36023, 39.66571 ], [ -0.36243, 39.66633 ], [ -0.36263, 39.66568 ], [ -0.363, 39.66026 ], [ -0.36299, 39.65444 ], [ -0.36333, 39.65264 ], [ -0.36383, 39.6481 ], [ -0.36439, 39.64504 ], [ -0.3769, 39.628 ], [ -0.37937, 39.62425 ], [ -0.3532, 39.63354 ], [ -0.34319, 39.6399 ], [ -0.32514, 39.63592 ], [ -0.29564, 39.62883 ], [ -0.27569, 39.61753 ], [ -0.26825, 39.61384 ], [ -0.26103, 39.61538 ], [ -0.25998, 39.6164 ], [ -0.25937, 39.61648 ], [ -0.2586, 39.61533 ], [ -0.25555, 39.61986 ], [ -0.25385, 39.62184 ], [ -0.25298, 39.62265 ], [ -0.25185, 39.62316 ], [ -0.25093, 39.62439 ], [ -0.24793, 39.62749 ], [ -0.2464, 39.62877 ], [ -0.24532, 39.62943 ], [ -0.24431, 39.6304 ], [ -0.24365, 39.63062 ], [ -0.24294, 39.63142 ], [ -0.24107, 39.63291 ], [ -0.23909, 39.63515 ], [ -0.23668, 39.63675 ], [ -0.23399, 39.63736 ], [ -0.23338, 39.63772 ], [ -0.23288, 39.63772 ], [ -0.23242, 39.63816 ], [ -0.2314, 39.63863 ], [ -0.23035, 39.63884 ], [ -0.22808, 39.63693 ], [ -0.22785, 39.63639 ], [ -0.22815, 39.63571 ], [ -0.22813, 39.63533 ], [ -0.22765, 39.63476 ], [ -0.21696, 39.6297 ], [ -0.21686, 39.62983 ], [ -0.21559, 39.62923 ], [ -0.21237, 39.63334 ], [ -0.21189, 39.63334 ], [ -0.21189, 39.63349 ], [ -0.21217, 39.63349 ], [ -0.21198, 39.63691 ], [ -0.21118, 39.63766 ], [ -0.21114, 39.63787 ], [ -0.21164, 39.63795 ], [ -0.21251, 39.63698 ], [ -0.21279, 39.63723 ], [ -0.21394, 39.63612 ], [ -0.21357, 39.63596 ], [ -0.21446, 39.63505 ], [ -0.22406, 39.63953 ], [ -0.22383, 39.63983 ], [ -0.22422, 39.64001 ], [ -0.22254, 39.64218 ], [ -0.22268, 39.64223 ], [ -0.22299, 39.64191 ], [ -0.22374, 39.64227 ], [ -0.22347, 39.64292 ], [ -0.22313, 39.64312 ], [ -0.22336, 39.64362 ], [ -0.22282, 39.64332 ], [ -0.22136, 39.64408 ], [ -0.2209, 39.6447 ], [ -0.22103, 39.64486 ], [ -0.22056, 39.64549 ], [ -0.22026, 39.64541 ], [ -0.2205, 39.6451 ], [ -0.22033, 39.64503 ], [ -0.21985, 39.64564 ], [ -0.21343, 39.64265 ], [ -0.21345, 39.64288 ], [ -0.2131, 39.643 ], [ -0.21235, 39.64282 ], [ -0.213, 39.64577 ], [ -0.21348, 39.64578 ], [ -0.21332, 39.64668 ], [ -0.21398, 39.64695 ], [ -0.21361, 39.64764 ], [ -0.21944, 39.65035 ], [ -0.21578, 39.65515 ], [ -0.21549, 39.65502 ], [ -0.21534, 39.65522 ], [ -0.21045, 39.65297 ], [ -0.21062, 39.65276 ], [ -0.21036, 39.6526 ], [ -0.2104, 39.65247 ], [ -0.20979, 39.65273 ], [ -0.20942, 39.65237 ], [ -0.20995, 39.65121 ], [ -0.21038, 39.65117 ], [ -0.21077, 39.65226 ], [ -0.21103, 39.6522 ], [ -0.21022, 39.65037 ], [ -0.2102, 39.6499 ], [ -0.21066, 39.64984 ], [ -0.21019, 39.64985 ], [ -0.21063, 39.64971 ], [ -0.21015, 39.64963 ], [ -0.2106, 39.64953 ], [ -0.21014, 39.64959 ], [ -0.20984, 39.64815 ], [ -0.20955, 39.64809 ], [ -0.20865, 39.64344 ], [ -0.20856, 39.6433 ], [ -0.20804, 39.64335 ], [ -0.20556, 39.64246 ], [ -0.20552, 39.634 ], [ -0.20621, 39.634 ], [ -0.20622, 39.63381 ], [ -0.20576, 39.63381 ], [ -0.20576, 39.63364 ], [ -0.20552, 39.63364 ], [ -0.20551, 39.63047 ], [ -0.20527, 39.63047 ], [ -0.20533, 39.64287 ], [ -0.20819, 39.64376 ], [ -0.20884, 39.64672 ], [ -0.20605, 39.64858 ], [ -0.20598, 39.6524 ], [ -0.20927, 39.65397 ], [ -0.20929, 39.65421 ], [ -0.20894, 39.6552 ], [ -0.20861, 39.65819 ], [ -0.20875, 39.65979 ], [ -0.20859, 39.6619 ], [ -0.20803, 39.66397 ], [ -0.2071, 39.66501 ], [ -0.20633, 39.66513 ], [ -0.20619, 39.66491 ], [ -0.20628, 39.66458 ], [ -0.20608, 39.66483 ], [ -0.2062, 39.66515 ], [ -0.20746, 39.66623 ], [ -0.20655, 39.66562 ], [ -0.20668, 39.66589 ], [ -0.20612, 39.66751 ], [ -0.20416, 39.67075 ], [ -0.20378, 39.67152 ], [ -0.2038, 39.6718 ], [ -0.20605, 39.6724 ], [ -0.21133, 39.67255 ], [ -0.21567, 39.67407 ], [ -0.22772, 39.67578 ], [ -0.23754, 39.67858 ], [ -0.23697, 39.6797 ], [ -0.23578, 39.67961 ], [ -0.23509, 39.68019 ], [ -0.23467, 39.68034 ], [ -0.23368, 39.68035 ], [ -0.23292, 39.68003 ], [ -0.23265, 39.68011 ], [ -0.23151, 39.68227 ], [ -0.23084, 39.68239 ], [ -0.22972, 39.68427 ], [ -0.22939, 39.68417 ], [ -0.22928, 39.68502 ], [ -0.22836, 39.68756 ], [ -0.22623, 39.68941 ], [ -0.22365, 39.6882 ], [ -0.22067, 39.68944 ], [ -0.21767, 39.68851 ], [ -0.21372, 39.68773 ], [ -0.21328, 39.68806 ], [ -0.20997, 39.68705 ], [ -0.20957, 39.687 ], [ -0.20936, 39.68714 ], [ -0.20541, 39.68638 ], [ -0.20256, 39.68553 ], [ -0.20065, 39.68526 ], [ -0.20054, 39.68664 ], [ -0.19903, 39.69423 ], [ -0.19674, 39.70203 ], [ -0.19201, 39.71325 ], [ -0.18968, 39.71961 ], [ -0.18845, 39.72192 ], [ -0.1956, 39.72434 ], [ -0.19577, 39.72266 ], [ -0.19561, 39.72196 ], [ -0.19589, 39.72137 ], [ -0.19693, 39.7224 ], [ -0.21175, 39.72812 ], [ -0.2135, 39.72736 ], [ -0.21554, 39.72704 ], [ -0.21657, 39.72712 ], [ -0.21786, 39.72795 ], [ -0.22686, 39.73035 ], [ -0.22804, 39.73076 ], [ -0.22892, 39.73133 ], [ -0.23007, 39.73165 ], [ -0.2307, 39.73119 ], [ -0.23142, 39.73122 ], [ -0.23433, 39.72715 ], [ -0.2335, 39.72678 ], [ -0.23115, 39.72624 ], [ -0.2287, 39.72509 ], [ -0.22685, 39.72474 ], [ -0.22494, 39.72404 ], [ -0.22429, 39.72441 ], [ -0.22313, 39.72568 ], [ -0.21089, 39.7222 ], [ -0.20592, 39.72137 ], [ -0.20171, 39.72013 ], [ -0.19773, 39.71608 ], [ -0.19706, 39.71488 ], [ -0.19699, 39.71369 ], [ -0.20324, 39.71589 ], [ -0.20845, 39.71724 ], [ -0.21585, 39.71961 ], [ -0.22126, 39.72163 ], [ -0.22242, 39.72242 ], [ -0.22363, 39.72252 ], [ -0.22472, 39.72284 ], [ -0.22996, 39.72312 ], [ -0.23245, 39.72407 ], [ -0.23471, 39.7233 ], [ -0.23507, 39.72241 ], [ -0.23585, 39.7228 ], [ -0.23631, 39.72205 ], [ -0.23683, 39.72224 ], [ -0.23754, 39.72137 ], [ -0.23839, 39.72168 ], [ -0.23912, 39.72064 ], [ -0.24194, 39.7216 ], [ -0.24309, 39.72125 ], [ -0.24474, 39.72197 ], [ -0.24541, 39.7209 ], [ -0.2472, 39.72206 ], [ -0.25321, 39.72482 ], [ -0.25284, 39.72583 ], [ -0.256, 39.72684 ], [ -0.25599, 39.72566 ], [ -0.25562, 39.72539 ], [ -0.25558, 39.72519 ], [ -0.25572, 39.72422 ], [ -0.25507, 39.72307 ], [ -0.2551, 39.72284 ], [ -0.25701, 39.72255 ], [ -0.25714, 39.72222 ], [ -0.25767, 39.72232 ], [ -0.25771, 39.72259 ], [ -0.25992, 39.72285 ], [ -0.26092, 39.72277 ], [ -0.26017, 39.72209 ], [ -0.2598, 39.72142 ], [ -0.26006, 39.72088 ], [ -0.26137, 39.72086 ], [ -0.26155, 39.72056 ], [ -0.2625, 39.7203 ], [ -0.26282, 39.72061 ], [ -0.2639, 39.72006 ], [ -0.26461, 39.71914 ], [ -0.26387, 39.71819 ], [ -0.26329, 39.71659 ], [ -0.26757, 39.71519 ], [ -0.26831, 39.71447 ], [ -0.26922, 39.71393 ], [ -0.27032, 39.71349 ], [ -0.27177, 39.71316 ], [ -0.27259, 39.71264 ], [ -0.27367, 39.71247 ], [ -0.275, 39.7128 ], [ -0.2777, 39.7143 ], [ -0.27888, 39.71442 ], [ -0.27939, 39.71465 ], [ -0.28113, 39.71468 ], [ -0.28214, 39.71429 ], [ -0.28332, 39.7141 ], [ -0.28482, 39.71434 ], [ -0.28532, 39.71522 ], [ -0.28558, 39.71663 ], [ -0.28542, 39.71778 ], [ -0.28584, 39.71898 ], [ -0.28586, 39.71989 ], [ -0.28653, 39.72166 ], [ -0.28995, 39.7244 ], [ -0.29092, 39.72622 ], [ -0.29161, 39.72656 ], [ -0.28982, 39.72916 ], [ -0.2882, 39.73073 ], [ -0.29668, 39.73053 ], [ -0.30118, 39.73356 ], [ -0.30082, 39.73469 ], [ -0.30664, 39.74166 ], [ -0.31095, 39.74822 ], [ -0.31036, 39.75011 ], [ -0.31059, 39.75099 ], [ -0.31059, 39.75197 ], [ -0.31003, 39.75294 ], [ -0.30896, 39.7539 ], [ -0.30784, 39.75378 ], [ -0.30709, 39.75352 ], [ -0.30552, 39.75353 ], [ -0.30384, 39.75396 ], [ -0.30319, 39.75429 ], [ -0.30099, 39.756 ], [ -0.29836, 39.7565 ], [ -0.29809, 39.7567 ], [ -0.29788, 39.75739 ], [ -0.29719, 39.75795 ], [ -0.29683, 39.75859 ], [ -0.29608, 39.759 ], [ -0.29506, 39.75917 ], [ -0.29378, 39.75984 ], [ -0.29094, 39.75896 ], [ -0.2896, 39.75786 ], [ -0.28539, 39.75717 ], [ -0.28397, 39.75674 ], [ -0.28213, 39.75539 ], [ -0.28106, 39.75538 ], [ -0.27857, 39.75622 ], [ -0.2758, 39.75552 ], [ -0.27447, 39.7555 ], [ -0.27371, 39.7551 ], [ -0.27338, 39.75575 ], [ -0.27299, 39.75766 ], [ -0.2718, 39.75924 ], [ -0.27156, 39.75989 ], [ -0.27156, 39.76036 ], [ -0.27205, 39.76123 ], [ -0.27356, 39.76269 ], [ -0.27543, 39.76408 ], [ -0.2756, 39.76439 ], [ -0.27555, 39.76562 ], [ -0.27609, 39.76648 ], [ -0.27613, 39.76712 ], [ -0.27651, 39.76778 ], [ -0.27653, 39.77054 ], [ -0.28236, 39.77505 ], [ -0.29349, 39.78194 ], [ -0.29748, 39.78518 ], [ -0.30597, 39.79448 ], [ -0.30857, 39.79699 ], [ -0.31603, 39.79983 ], [ -0.32438, 39.80111 ], [ -0.32873, 39.80143 ] ] ], [ [ [ -0.19492, 39.64713 ], [ -0.20013, 39.64942 ], [ -0.19506, 39.64696 ], [ -0.19492, 39.64713 ] ] ], [ [ [ -0.20073, 39.6497 ], [ -0.20579, 39.65211 ], [ -0.20583, 39.65206 ], [ -0.20073, 39.6497 ] ] ], [ [ [ -0.21367, 39.64709 ], [ -0.21376, 39.64688 ], [ -0.21362, 39.64707 ], [ -0.21367, 39.64709 ] ] ] ] } }
]
}
